<?xml version="1.0" encoding="UTF-8"?>
<gpx creator="Garmin Connect" version="1.1"
  xsi:schemaLocation="http://www.topografix.com/GPX/1/1 http://www.topografix.com/GPX/11.xsd"
  xmlns:ns3="http://www.garmin.com/xmlschemas/TrackPointExtension/v1"
  xmlns="http://www.topografix.com/GPX/1/1"
  xmlns:xsi="http://www.w3.org/2001/XMLSchema-instance" xmlns:ns2="http://www.garmin.com/xmlschemas/GpxExtensions/v3">
  <metadata>
    <name>Round Island Route Singapore V1.1 (Apr 2026)</name>
    <link href="connect.garmin.com">
      <text>Garmin Connect</text>
    </link>
    <time>2026-04-18T07:44:02.000Z</time>
  </metadata>
  <wpt lat="1.2914702453736" lon="103.8673942467859">
    <ele>0.0</ele>
    <name>Marina Ba Point</name>
    <type>GENERIC</type>
  </wpt>
  <wpt lat="1.2725209050764" lon="103.84371420226795">
    <ele>0.0</ele>
    <name>Keppel Point</name>
    <type>GENERIC</type>
  </wpt>
  <wpt lat="1.26578739078609" lon="103.82395874253491">
    <ele>0.0</ele>
    <name>Harborfro Point</name>
    <type>GENERIC</type>
  </wpt>
  <wpt lat="1.28849150178457" lon="103.77539454764616">
    <ele>0.0</ele>
    <name>WCP Point</name>
    <type>GENERIC</type>
  </wpt>
  <wpt lat="1.30973206308905" lon="103.75581217575223">
    <ele>0.0</ele>
    <name>"Ulu west"Point</name>
    <type>GENERIC</type>
  </wpt>
  <wpt lat="1.31986836340558" lon="103.65049854506444">
    <ele>0.0</ele>
    <name>Tuas in Point</name>
    <type>GENERIC</type>
  </wpt>
  <wpt lat="1.33980707409148" lon="103.63683365333266">
    <ele>0.0</ele>
    <name>Tuas Out Point</name>
    <type>GENERIC</type>
  </wpt>
  <wpt lat="1.34690737594599" lon="103.68990649832772">
    <ele>0.0</ele>
    <name>NTU Point</name>
    <type>GENERIC</type>
  </wpt>
  <wpt lat="1.35714109132042" lon="103.69449419470243">
    <ele>0.0</ele>
    <name>LCK Point</name>
    <type>GENERIC</type>
  </wpt>
  <wpt lat="1.42124347023178" lon="103.70330328063434">
    <ele>0.0</ele>
    <name>Neo Tiew Point</name>
    <type>GENERIC</type>
  </wpt>
  <wpt lat="1.42409628903299" lon="103.75708994262388">
    <ele>0.0</ele>
    <name>Kranji Point</name>
    <type>GENERIC</type>
  </wpt>
  <wpt lat="1.44224090242682" lon="103.77498638531935">
    <ele>0.0</ele>
    <name>Woodlands Point</name>
    <type>GENERIC</type>
  </wpt>
  <wpt lat="1.42502615868499" lon="103.85779406981098">
    <ele>0.0</ele>
    <name>Punggol Point</name>
    <type>GENERIC</type>
  </wpt>
  <wpt lat="1.39151159741354" lon="103.92627429419377">
    <ele>0.0</ele>
    <name>Pasir Ris Point</name>
    <type>GENERIC</type>
  </wpt>
  <wpt lat="1.39001191929336" lon="103.98815725708536">
    <ele>0.0</ele>
    <name>Changi Point</name>
    <type>GENERIC</type>
  </wpt>
  <wpt lat="1.36109582309157" lon="104.02571873955783">
    <ele>0.0</ele>
    <name>TMCR Point</name>
    <type>GENERIC</type>
  </wpt>
  <wpt lat="1.31815732731" lon="103.9840254328632">
    <ele>0.0</ele>
    <name>ECP Point</name>
    <type>GENERIC</type>
  </wpt>
  <trk>
    <name>Round Island Route Singapore V1.1 (Apr 2026)</name>
    <trkseg>
      <trkpt lat="1.314269844442606" lon="103.88572993688285">
        <ele>9.06</ele>
      </trkpt>
      <trkpt lat="1.3140199799090624" lon="103.88565609231591">
        <ele>8.97</ele>
      </trkpt>
      <trkpt lat="1.3137675169855356" lon="103.88558149337769">
        <ele>8.92</ele>
      </trkpt>
      <trkpt lat="1.313767433166504" lon="103.88558149337769">
        <ele>8.84</ele>
      </trkpt>
      <trkpt lat="1.313767433166504" lon="103.88553857803345">
        <ele>8.77</ele>
      </trkpt>
      <trkpt lat="1.31366022862494" lon="103.88553857803345">
        <ele>8.73</ele>
      </trkpt>
      <trkpt lat="1.3136173132807016" lon="103.88553857803345">
        <ele>8.67</ele>
      </trkpt>
      <trkpt lat="1.3133383635431528" lon="103.88556003570557">
        <ele>8.59</ele>
      </trkpt>
      <trkpt lat="1.3131667021661997" lon="103.88556003570557">
        <ele>8.45</ele>
      </trkpt>
      <trkpt lat="1.3129426538944244" lon="103.8855706807226">
        <ele>8.28</ele>
      </trkpt>
      <trkpt lat="1.3127160910516977" lon="103.88558149337769">
        <ele>8.08</ele>
      </trkpt>
      <trkpt lat="1.3125873450189829" lon="103.8856029510498">
        <ele>7.89</ele>
      </trkpt>
      <trkpt lat="1.3123942259699106" lon="103.88558149337769">
        <ele>7.72</ele>
      </trkpt>
      <trkpt lat="1.312286937609315" lon="103.8856029510498">
        <ele>7.53</ele>
      </trkpt>
      <trkpt lat="1.312136733904481" lon="103.8856029510498">
        <ele>7.33</ele>
      </trkpt>
      <trkpt lat="1.3121366500854492" lon="103.8856029510498">
        <ele>7.15</ele>
      </trkpt>
      <trkpt lat="1.3120294455438852" lon="103.8856029510498">
        <ele>7.01</ele>
      </trkpt>
      <trkpt lat="1.3119006995111704" lon="103.88562440872192">
        <ele>6.88</ele>
      </trkpt>
      <trkpt lat="1.3117290381342173" lon="103.88562440872192">
        <ele>6.72</ele>
      </trkpt>
      <trkpt lat="1.3116432074457407" lon="103.88564586639404">
        <ele>6.56</ele>
      </trkpt>
      <trkpt lat="1.3115788344293833" lon="103.88564586639404">
        <ele>6.41</ele>
      </trkpt>
      <trkpt lat="1.3114715460687876" lon="103.88564586639404">
        <ele>6.25</ele>
      </trkpt>
      <trkpt lat="1.3113428000360727" lon="103.88568878173828">
        <ele>6.03</ele>
      </trkpt>
      <trkpt lat="1.3112569693475962" lon="103.88573169708252">
        <ele>5.8</ele>
      </trkpt>
      <trkpt lat="1.311310613527894" lon="103.88596781529486">
        <ele>5.46</ele>
      </trkpt>
      <trkpt lat="1.3113642577081919" lon="103.88620376586914">
        <ele>5.32</ele>
      </trkpt>
      <trkpt lat="1.3114071730524302" lon="103.8863754272461">
        <ele>5.2</ele>
      </trkpt>
      <trkpt lat="1.3114071730524302" lon="103.88639688491821">
        <ele>5.1</ele>
      </trkpt>
      <trkpt lat="1.311460817232728" lon="103.88668673112988">
        <ele>5.1</ele>
      </trkpt>
      <trkpt lat="1.3115144614130259" lon="103.88697624206543">
        <ele>5.17</ele>
      </trkpt>
      <trkpt lat="1.3115358352661133" lon="103.88704061508179">
        <ele>5.22</ele>
      </trkpt>
      <trkpt lat="1.311535919085145" lon="103.8870620727539">
        <ele>5.29</ele>
      </trkpt>
      <trkpt lat="1.3115788344293833" lon="103.8872766494751">
        <ele>5.39</ele>
      </trkpt>
      <trkpt lat="1.3116217497736216" lon="103.88749122619629">
        <ele>5.59</ele>
      </trkpt>
      <trkpt lat="1.3116216659545898" lon="103.88749122619629">
        <ele>5.75</ele>
      </trkpt>
      <trkpt lat="1.3116574566811323" lon="103.88770588673651">
        <ele>5.95</ele>
      </trkpt>
      <trkpt lat="1.3116932474076748" lon="103.88792063109577">
        <ele>6.09</ele>
      </trkpt>
      <trkpt lat="1.3117290381342173" lon="103.88813495635986">
        <ele>6.27</ele>
      </trkpt>
      <trkpt lat="1.3117719534784555" lon="103.88832807540894">
        <ele>6.5</ele>
      </trkpt>
      <trkpt lat="1.311686122789979" lon="103.88834953308105">
        <ele>6.71</ele>
      </trkpt>
      <trkpt lat="1.3116216659545898" lon="103.88837099075317">
        <ele>6.92</ele>
      </trkpt>
      <trkpt lat="1.3116538524627686" lon="103.88856419362128">
        <ele>7.15</ele>
      </trkpt>
      <trkpt lat="1.3116860389709473" lon="103.88875722885132">
        <ele>7.35</ele>
      </trkpt>
      <trkpt lat="1.3116439618170261" lon="103.8887685444206">
        <ele>7.53</ele>
      </trkpt>
      <trkpt lat="1.311643710359931" lon="103.88876862823963">
        <ele>7.68</ele>
      </trkpt>
      <trkpt lat="1.3116436265408993" lon="103.88876862823963">
        <ele>7.82</ele>
      </trkpt>
      <trkpt lat="1.3113832008093596" lon="103.88883886858821">
        <ele>7.96</ele>
      </trkpt>
      <trkpt lat="1.311122691258788" lon="103.88890919275582">
        <ele>7.95</ele>
      </trkpt>
      <trkpt lat="1.3108621817082167" lon="103.8889794331044">
        <ele>7.92</ele>
      </trkpt>
      <trkpt lat="1.310601755976677" lon="103.889049757272">
        <ele>7.88</ele>
      </trkpt>
      <trkpt lat="1.3103342056274414" lon="103.88912200927734">
        <ele>7.88</ele>
      </trkpt>
      <trkpt lat="1.3103342894464731" lon="103.88912200927734">
        <ele>7.84</ele>
      </trkpt>
      <trkpt lat="1.3100941479206085" lon="103.88918596319854">
        <ele>7.88</ele>
      </trkpt>
      <trkpt lat="1.3098540902137756" lon="103.88925000093877">
        <ele>7.84</ele>
      </trkpt>
      <trkpt lat="1.309613948687911" lon="103.889314038679">
        <ele>7.73</ele>
      </trkpt>
      <trkpt lat="1.3093686942011118" lon="103.88937950134277">
        <ele>7.63</ele>
      </trkpt>
      <trkpt lat="1.309261405840516" lon="103.88940095901489">
        <ele>7.54</ele>
      </trkpt>
      <trkpt lat="1.3090682867914438" lon="103.88944387435913">
        <ele>7.41</ele>
      </trkpt>
      <trkpt lat="1.3088321685791016" lon="103.88952970504761">
        <ele>7.26</ele>
      </trkpt>
      <trkpt lat="1.3086258061230183" lon="103.88957949355245">
        <ele>7.15</ele>
      </trkpt>
      <trkpt lat="1.3084195274859667" lon="103.88962928205729">
        <ele>7.05</ele>
      </trkpt>
      <trkpt lat="1.3082098960876465" lon="103.88967990875244">
        <ele>6.99</ele>
      </trkpt>
      <trkpt lat="1.30804980173707" lon="103.88972257263958">
        <ele>6.96</ele>
      </trkpt>
      <trkpt lat="1.3078880310058594" lon="103.88976573944092">
        <ele>6.96</ele>
      </trkpt>
      <trkpt lat="1.3077172078192234" lon="103.88981904834509">
        <ele>6.93</ele>
      </trkpt>
      <trkpt lat="1.3075447082519531" lon="103.88987302780151">
        <ele>6.91</ele>
      </trkpt>
      <trkpt lat="1.307267351076007" lon="103.8899049628526">
        <ele>6.91</ele>
      </trkpt>
      <trkpt lat="1.3069868087768555" lon="103.88993740081787">
        <ele>6.84</ele>
      </trkpt>
      <trkpt lat="1.306837359443307" lon="103.88988400809467">
        <ele>6.83</ele>
      </trkpt>
      <trkpt lat="1.3066864013671875" lon="103.88983011245728">
        <ele>6.79</ele>
      </trkpt>
      <trkpt lat="1.3065792806446552" lon="103.88971234671772">
        <ele>6.76</ele>
      </trkpt>
      <trkpt lat="1.306471824645996" lon="103.88959407806396">
        <ele>6.75</ele>
      </trkpt>
      <trkpt lat="1.3063645362854004" lon="103.88933658599854">
        <ele>6.75</ele>
      </trkpt>
      <trkpt lat="1.306319860741496" lon="103.88906300067902">
        <ele>6.72</ele>
      </trkpt>
      <trkpt lat="1.3062752690166235" lon="103.88878949917853">
        <ele>6.63</ele>
      </trkpt>
      <trkpt lat="1.3062305934727192" lon="103.88851599767804">
        <ele>6.59</ele>
      </trkpt>
      <trkpt lat="1.3061860017478466" lon="103.88824299909174">
        <ele>6.57</ele>
      </trkpt>
      <trkpt lat="1.3061860855668783" lon="103.88824308291078">
        <ele>6.52</ele>
      </trkpt>
      <trkpt lat="1.30618616938591" lon="103.88824325054884">
        <ele>6.5</ele>
      </trkpt>
      <trkpt lat="1.3061410747468472" lon="103.8879669830203">
        <ele>6.51</ele>
      </trkpt>
      <trkpt lat="1.306096063926816" lon="103.8876907993108">
        <ele>6.57</ele>
      </trkpt>
      <trkpt lat="1.306050969287753" lon="103.88741453178227">
        <ele>6.71</ele>
      </trkpt>
      <trkpt lat="1.306005958467722" lon="103.88713834807277">
        <ele>6.8</ele>
      </trkpt>
      <trkpt lat="1.3059609476476908" lon="103.88686216436327">
        <ele>6.74</ele>
      </trkpt>
      <trkpt lat="1.305915853008628" lon="103.88658589683473">
        <ele>6.64</ele>
      </trkpt>
      <trkpt lat="1.3058710936456919" lon="103.88631105422974">
        <ele>6.59</ele>
      </trkpt>
      <trkpt lat="1.3058280944824219" lon="103.88601039536297">
        <ele>6.63</ele>
      </trkpt>
      <trkpt lat="1.3057850953191519" lon="103.88570973649621">
        <ele>6.61</ele>
      </trkpt>
      <trkpt lat="1.3057421799749136" lon="103.88540916144848">
        <ele>6.58</ele>
      </trkpt>
      <trkpt lat="1.305699348449707" lon="103.88510942459106">
        <ele>6.51</ele>
      </trkpt>
      <trkpt lat="1.3056241627782583" lon="103.88484103605151">
        <ele>6.48</ele>
      </trkpt>
      <trkpt lat="1.305549144744873" lon="103.88457298278809">
        <ele>6.49</ele>
      </trkpt>
      <trkpt lat="1.3053991086781025" lon="103.88434792868793">
        <ele>6.46</ele>
      </trkpt>
      <trkpt lat="1.305248737335205" lon="103.88412237167358">
        <ele>6.43</ele>
      </trkpt>
      <trkpt lat="1.305098868906498" lon="103.88395104557276">
        <ele>6.35</ele>
      </trkpt>
      <trkpt lat="1.3049484137445688" lon="103.88377904891968">
        <ele>6.21</ele>
      </trkpt>
      <trkpt lat="1.3050341606140137" lon="103.8838005065918">
        <ele>6.16</ele>
      </trkpt>
      <trkpt lat="1.3051305525004864" lon="103.88392900116742">
        <ele>6.12</ele>
      </trkpt>
      <trkpt lat="1.305227279663086" lon="103.88405799865723">
        <ele>6.06</ele>
      </trkpt>
      <trkpt lat="1.305077327415347" lon="103.8838866725564">
        <ele>5.93</ele>
      </trkpt>
      <trkpt lat="1.304926872253418" lon="103.88371467590332">
        <ele>5.74</ele>
      </trkpt>
      <trkpt lat="1.3047770038247108" lon="103.88356480747461">
        <ele>5.55</ele>
      </trkpt>
      <trkpt lat="1.3046265486627817" lon="103.88341426849365">
        <ele>5.37</ele>
      </trkpt>
      <trkpt lat="1.3044766802340746" lon="103.883275128901">
        <ele>5.25</ele>
      </trkpt>
      <trkpt lat="1.304326057434082" lon="103.8831353187561">
        <ele>5.14</ele>
      </trkpt>
      <trkpt lat="1.304304599761963" lon="103.88317823410034">
        <ele>5.0</ele>
      </trkpt>
      <trkpt lat="1.3044543843716383" lon="103.88331728987396">
        <ele>4.82</ele>
      </trkpt>
      <trkpt lat="1.3046050071716309" lon="103.88345718383789">
        <ele>4.63</ele>
      </trkpt>
      <trkpt lat="1.30466946400702" lon="103.88343572616577">
        <ele>4.48</ele>
      </trkpt>
      <trkpt lat="1.3046908378601074" lon="103.88345718383789">
        <ele>4.34</ele>
      </trkpt>
      <trkpt lat="1.3047123793512583" lon="103.88341426849365">
        <ele>4.21</ele>
      </trkpt>
      <trkpt lat="1.3046479225158691" lon="103.88339281082153">
        <ele>4.07</ele>
      </trkpt>
      <trkpt lat="1.3044446613639593" lon="103.88321092352271">
        <ele>3.99</ele>
      </trkpt>
      <trkpt lat="1.3042403105646372" lon="103.88302803039551">
        <ele>3.88</ele>
      </trkpt>
      <trkpt lat="1.30409044213593" lon="103.88286743313074">
        <ele>3.77</ele>
      </trkpt>
      <trkpt lat="1.3039399031549692" lon="103.88270616531372">
        <ele>3.66</ele>
      </trkpt>
      <trkpt lat="1.3037850894033909" lon="103.88252570293844">
        <ele>3.55</ele>
      </trkpt>
      <trkpt lat="1.303784754127264" lon="103.88252528384328">
        <ele>3.44</ele>
      </trkpt>
      <trkpt lat="1.3037845864892006" lon="103.88252511620522">
        <ele>3.35</ele>
      </trkpt>
      <trkpt lat="1.3037844188511372" lon="103.88252486474812">
        <ele>3.25</ele>
      </trkpt>
      <trkpt lat="1.3036823272705078" lon="103.88240575790405">
        <ele>3.17</ele>
      </trkpt>
      <trkpt lat="1.3035536650568247" lon="103.8821268081665">
        <ele>3.13</ele>
      </trkpt>
      <trkpt lat="1.3035106658935547" lon="103.88204097747803">
        <ele>3.05</ele>
      </trkpt>
      <trkpt lat="1.303254347294569" lon="103.88193419203162">
        <ele>2.92</ele>
      </trkpt>
      <trkpt lat="1.3029956817626953" lon="103.88182640075684">
        <ele>2.74</ele>
      </trkpt>
      <trkpt lat="1.3027924206107855" lon="103.88166597113013">
        <ele>2.65</ele>
      </trkpt>
      <trkpt lat="1.3025879859924316" lon="103.88150453567505">
        <ele>2.65</ele>
      </trkpt>
      <trkpt lat="1.3024915102869272" lon="103.88134368695319">
        <ele>2.65</ele>
      </trkpt>
      <trkpt lat="1.3023948669433594" lon="103.88118267059326">
        <ele>2.63</ele>
      </trkpt>
      <trkpt lat="1.3021754287183285" lon="103.88096859678626">
        <ele>2.54</ele>
      </trkpt>
      <trkpt lat="1.3019560743123293" lon="103.88075460679829">
        <ele>2.44</ele>
      </trkpt>
      <trkpt lat="1.30173671990633" lon="103.88054053299129">
        <ele>2.33</ele>
      </trkpt>
      <trkpt lat="1.3015151023864746" lon="103.8803243637085">
        <ele>2.26</ele>
      </trkpt>
      <trkpt lat="1.301316199824214" lon="103.88009796850383">
        <ele>2.23</ele>
      </trkpt>
      <trkpt lat="1.301117381080985" lon="103.87987157329917">
        <ele>2.25</ele>
      </trkpt>
      <trkpt lat="1.3009185623377562" lon="103.8796451780945">
        <ele>2.35</ele>
      </trkpt>
      <trkpt lat="1.3007197435945272" lon="103.87941886670887">
        <ele>2.44</ele>
      </trkpt>
      <trkpt lat="1.3005208410322666" lon="103.87919247150421">
        <ele>2.47</ele>
      </trkpt>
      <trkpt lat="1.3003220222890377" lon="103.87896607629955">
        <ele>2.47</ele>
      </trkpt>
      <trkpt lat="1.3001203536987305" lon="103.87873649597168">
        <ele>2.46</ele>
      </trkpt>
      <trkpt lat="1.2999840639531612" lon="103.8785457238555">
        <ele>2.49</ele>
      </trkpt>
      <trkpt lat="1.299847774207592" lon="103.87835495173931">
        <ele>2.57</ele>
      </trkpt>
      <trkpt lat="1.299711400642991" lon="103.87816417962313">
        <ele>2.7</ele>
      </trkpt>
      <trkpt lat="1.299711149185896" lon="103.87816376052797">
        <ele>2.79</ele>
      </trkpt>
      <trkpt lat="1.2997109815478325" lon="103.87816342525184">
        <ele>2.89</ele>
      </trkpt>
      <trkpt lat="1.2995939701795578" lon="103.87799955904484">
        <ele>3.01</ele>
      </trkpt>
      <trkpt lat="1.299476707354188" lon="103.87783527374268">
        <ele>3.14</ele>
      </trkpt>
      <trkpt lat="1.2994766235351562" lon="103.87783527374268">
        <ele>3.27</ele>
      </trkpt>
      <trkpt lat="1.299433708190918" lon="103.8777494430542">
        <ele>3.4</ele>
      </trkpt>
      <trkpt lat="1.2993693351745605" lon="103.87772798538208">
        <ele>3.56</ele>
      </trkpt>
      <trkpt lat="1.2991026230156422" lon="103.87766922824085">
        <ele>3.73</ele>
      </trkpt>
      <trkpt lat="1.2988359108567238" lon="103.87761055491865">
        <ele>3.89</ele>
      </trkpt>
      <trkpt lat="1.2985691986978054" lon="103.87755188159645">
        <ele>3.92</ele>
      </trkpt>
      <trkpt lat="1.2982965353876352" lon="103.87749195098877">
        <ele>4.02</ele>
      </trkpt>
      <trkpt lat="1.2982964515686035" lon="103.87749195098877">
        <ele>4.18</ele>
      </trkpt>
      <trkpt lat="1.2982535362243652" lon="103.87742757797241">
        <ele>4.3</ele>
      </trkpt>
      <trkpt lat="1.2981462478637695" lon="103.87717008590698">
        <ele>4.4</ele>
      </trkpt>
      <trkpt lat="1.298124874010682" lon="103.87717008590698">
        <ele>4.55</ele>
      </trkpt>
      <trkpt lat="1.2980979681015015" lon="103.87692843563855">
        <ele>4.77</ele>
      </trkpt>
      <trkpt lat="1.2980711460113525" lon="103.87668686918914">
        <ele>5.06</ele>
      </trkpt>
      <trkpt lat="1.298044240102172" lon="103.87644530273974">
        <ele>5.37</ele>
      </trkpt>
      <trkpt lat="1.2980175018310547" lon="103.87620449066162">
        <ele>5.64</ele>
      </trkpt>
      <trkpt lat="1.2980443239212036" lon="103.87590383179486">
        <ele>5.92</ele>
      </trkpt>
      <trkpt lat="1.2980712298303843" lon="103.8756031729281">
        <ele>6.17</ele>
      </trkpt>
      <trkpt lat="1.2980980519205332" lon="103.87530251406133">
        <ele>6.39</ele>
      </trkpt>
      <trkpt lat="1.298124874010682" lon="103.87500286102295">
        <ele>6.55</ele>
      </trkpt>
      <trkpt lat="1.2981677055358887" lon="103.8747881166637">
        <ele>6.64</ele>
      </trkpt>
      <trkpt lat="1.298210620880127" lon="103.87457345612347">
        <ele>6.76</ele>
      </trkpt>
      <trkpt lat="1.2982535362243652" lon="103.87435913085938">
        <ele>6.91</ele>
      </trkpt>
      <trkpt lat="1.298360824584961" lon="103.87418746948242">
        <ele>7.1</ele>
      </trkpt>
      <trkpt lat="1.2984037399291992" lon="103.87401580810547">
        <ele>7.24</ele>
      </trkpt>
      <trkpt lat="1.2984787579625845" lon="103.87383341789246">
        <ele>7.27</ele>
      </trkpt>
      <trkpt lat="1.2985539436340332" lon="103.87365102767944">
        <ele>7.22</ele>
      </trkpt>
      <trkpt lat="1.2985325697809458" lon="103.87352228164673">
        <ele>7.24</ele>
      </trkpt>
      <trkpt lat="1.2985111121088266" lon="103.8733720779419">
        <ele>7.25</ele>
      </trkpt>
      <trkpt lat="1.2984752375632524" lon="103.8730642106384">
        <ele>7.24</ele>
      </trkpt>
      <trkpt lat="1.29843944683671" lon="103.87275642715394">
        <ele>7.26</ele>
      </trkpt>
      <trkpt lat="1.2984037399291992" lon="103.87244939804077">
        <ele>7.18</ele>
      </trkpt>
      <trkpt lat="1.2984895706176758" lon="103.87218109332025">
        <ele>7.17</ele>
      </trkpt>
      <trkpt lat="1.298575485125184" lon="103.8719129562378">
        <ele>7.1</ele>
      </trkpt>
      <trkpt lat="1.2984895706176758" lon="103.87182712554932">
        <ele>7.03</ele>
      </trkpt>
      <trkpt lat="1.298392927274108" lon="103.87153736315668">
        <ele>7.07</ele>
      </trkpt>
      <trkpt lat="1.2982964515686035" lon="103.8712477684021">
        <ele>7.04</ele>
      </trkpt>
      <trkpt lat="1.2982319947332144" lon="103.87097937986255">
        <ele>6.87</ele>
      </trkpt>
      <trkpt lat="1.2981677055358887" lon="103.87071132659912">
        <ele>6.66</ele>
      </trkpt>
      <trkpt lat="1.2981368601322174" lon="103.87053748592734">
        <ele>6.47</ele>
      </trkpt>
      <trkpt lat="1.2981368601322174" lon="103.87053731828928">
        <ele>6.29</ele>
      </trkpt>
      <trkpt lat="1.2981368601322174" lon="103.87053698301315">
        <ele>6.1</ele>
      </trkpt>
      <trkpt lat="1.2981369439512491" lon="103.87053706683218">
        <ele>5.91</ele>
      </trkpt>
      <trkpt lat="1.2980879098176956" lon="103.87025920674205">
        <ele>5.42</ele>
      </trkpt>
      <trkpt lat="1.2980390433222055" lon="103.86998176574707">
        <ele>5.04</ele>
      </trkpt>
      <trkpt lat="1.2980389595031738" lon="103.86998176574707">
        <ele>4.8</ele>
      </trkpt>
      <trkpt lat="1.2980389595031738" lon="103.86967029422522">
        <ele>4.57</ele>
      </trkpt>
      <trkpt lat="1.2980389595031738" lon="103.8693589065224">
        <ele>4.34</ele>
      </trkpt>
      <trkpt lat="1.2980389595031738" lon="103.86904751881957">
        <ele>4.13</ele>
      </trkpt>
      <trkpt lat="1.2980389595031738" lon="103.86873613111675">
        <ele>3.93</ele>
      </trkpt>
      <trkpt lat="1.2980389595031738" lon="103.86842474341393">
        <ele>3.75</ele>
      </trkpt>
      <trkpt lat="1.2980389595031738" lon="103.8681133557111">
        <ele>3.58</ele>
      </trkpt>
      <trkpt lat="1.2980389595031738" lon="103.86780196800828">
        <ele>3.43</ele>
      </trkpt>
      <trkpt lat="1.2980389595031738" lon="103.86749267578125">
        <ele>3.31</ele>
      </trkpt>
      <trkpt lat="1.2981891632080078" lon="103.86747121810913">
        <ele>3.2</ele>
      </trkpt>
      <trkpt lat="1.29838228225708" lon="103.86738538742065">
        <ele>3.12</ele>
      </trkpt>
      <trkpt lat="1.298468029126525" lon="103.86722453869879">
        <ele>3.05</ele>
      </trkpt>
      <trkpt lat="1.2985539436340332" lon="103.86706352233887">
        <ele>3.02</ele>
      </trkpt>
      <trkpt lat="1.298532485961914" lon="103.86689186096191">
        <ele>3.0</ele>
      </trkpt>
      <trkpt lat="1.2984895706176758" lon="103.8666558265686">
        <ele>3.01</ele>
      </trkpt>
      <trkpt lat="1.2983823660761118" lon="103.86650579050183">
        <ele>3.04</ele>
      </trkpt>
      <trkpt lat="1.2982749938964844" lon="103.86635541915894">
        <ele>3.1</ele>
      </trkpt>
      <trkpt lat="1.2981462478637695" lon="103.86626958847046">
        <ele>3.18</ele>
      </trkpt>
      <trkpt lat="1.2979755084961653" lon="103.86621619574726">
        <ele>3.28</ele>
      </trkpt>
      <trkpt lat="1.297803008928895" lon="103.86616230010986">
        <ele>3.39</ele>
      </trkpt>
      <trkpt lat="1.2978029251098633" lon="103.86616230010986">
        <ele>3.53</ele>
      </trkpt>
      <trkpt lat="1.2975041940808296" lon="103.86611955240369">
        <ele>3.69</ele>
      </trkpt>
      <trkpt lat="1.2972055468708277" lon="103.86607688851655">
        <ele>3.86</ele>
      </trkpt>
      <trkpt lat="1.2969017028808594" lon="103.86603355407715">
        <ele>4.05</ele>
      </trkpt>
      <trkpt lat="1.2966670095920563" lon="103.86603347025812">
        <ele>4.25</ele>
      </trkpt>
      <trkpt lat="1.2964296340942383" lon="103.86603355407715">
        <ele>4.46</ele>
      </trkpt>
      <trkpt lat="1.2961735669523478" lon="103.8660548441112">
        <ele>4.69</ele>
      </trkpt>
      <trkpt lat="1.295914649963379" lon="103.86607646942139">
        <ele>4.91</ele>
      </trkpt>
      <trkpt lat="1.2956799566745758" lon="103.86611913330853">
        <ele>5.15</ele>
      </trkpt>
      <trkpt lat="1.2954452633857727" lon="103.86616179719567">
        <ele>5.68</ele>
      </trkpt>
      <trkpt lat="1.295206630602479" lon="103.8662052154541">
        <ele>6.22</ele>
      </trkpt>
      <trkpt lat="1.2952065467834473" lon="103.8662052154541">
        <ele>6.48</ele>
      </trkpt>
      <trkpt lat="1.295000184327364" lon="103.8662691693753">
        <ele>6.21</ele>
      </trkpt>
      <trkpt lat="1.2947939056903124" lon="103.86633320711553">
        <ele>6.45</ele>
      </trkpt>
      <trkpt lat="1.294584358111024" lon="103.86639833450317">
        <ele>6.77</ele>
      </trkpt>
      <trkpt lat="1.2942961044609547" lon="103.86648366227746">
        <ele>7.46</ele>
      </trkpt>
      <trkpt lat="1.2940049171447754" lon="103.86656999588013">
        <ele>7.92</ele>
      </trkpt>
      <trkpt lat="1.2937475088983774" lon="103.86661291122437">
        <ele>7.87</ele>
      </trkpt>
      <trkpt lat="1.293555311858654" lon="103.86666622012854">
        <ele>7.86</ele>
      </trkpt>
      <trkpt lat="1.2933611869812012" lon="103.86672019958496">
        <ele>8.18</ele>
      </trkpt>
      <trkpt lat="1.2933612708002329" lon="103.86672019958496">
        <ele>8.29</ele>
      </trkpt>
      <trkpt lat="1.2930906191468239" lon="103.86680418625474">
        <ele>7.84</ele>
      </trkpt>
      <trkpt lat="1.2928186263889074" lon="103.86688859201968">
        <ele>8.1</ele>
      </trkpt>
      <trkpt lat="1.292817872017622" lon="103.86688875965774">
        <ele>8.12</ele>
      </trkpt>
      <trkpt lat="1.2928177043795586" lon="103.86688884347677">
        <ele>8.11</ele>
      </trkpt>
      <trkpt lat="1.2928171176463366" lon="103.86688909493387">
        <ele>8.08</ele>
      </trkpt>
      <trkpt lat="1.2927389983087778" lon="103.86691331863403">
        <ele>8.15</ele>
      </trkpt>
      <trkpt lat="1.2924507446587086" lon="103.8670200202614">
        <ele>7.55</ele>
      </trkpt>
      <trkpt lat="1.292159641161561" lon="103.86712789535522">
        <ele>7.57</ele>
      </trkpt>
      <trkpt lat="1.2918806914240122" lon="103.86723518371582">
        <ele>7.3</ele>
      </trkpt>
      <trkpt lat="1.2916190922260284" lon="103.86733652092516">
        <ele>7.2</ele>
      </trkpt>
      <trkpt lat="1.291470229625702" lon="103.86739418841898">
        <ele>7.18</ele>
      </trkpt>
      <trkpt lat="1.2913575768470764" lon="103.86743794195354">
        <ele>6.96</ele>
      </trkpt>
      <trkpt lat="1.2910959776490927" lon="103.86753936298192">
        <ele>6.76</ele>
      </trkpt>
      <trkpt lat="1.2908292654901743" lon="103.86764287948608">
        <ele>6.69</ele>
      </trkpt>
      <trkpt lat="1.290604965761304" lon="103.86774966493249">
        <ele>6.57</ele>
      </trkpt>
      <trkpt lat="1.2903806660324335" lon="103.8678564503789">
        <ele>6.32</ele>
      </trkpt>
      <trkpt lat="1.2901564501225948" lon="103.8679632358253">
        <ele>6.26</ele>
      </trkpt>
      <trkpt lat="1.2899280432611704" lon="103.86807203292847">
        <ele>6.52</ele>
      </trkpt>
      <trkpt lat="1.2897571362555027" lon="103.86814671568573">
        <ele>6.15</ele>
      </trkpt>
      <trkpt lat="1.2895847205072641" lon="103.8682222366333">
        <ele>5.92</ele>
      </trkpt>
      <trkpt lat="1.2894345168024302" lon="103.86830806732178">
        <ele>5.97</ele>
      </trkpt>
      <trkpt lat="1.289242235943675" lon="103.86840772815049">
        <ele>5.81</ele>
      </trkpt>
      <trkpt lat="1.28904995508492" lon="103.8685073889792">
        <ele>5.41</ele>
      </trkpt>
      <trkpt lat="1.2888551596552134" lon="103.86860847473145">
        <ele>5.29</ele>
      </trkpt>
      <trkpt lat="1.2886058818548918" lon="103.86874375864863">
        <ele>5.15</ele>
      </trkpt>
      <trkpt lat="1.2883566040545702" lon="103.86887904256582">
        <ele>5.09</ele>
      </trkpt>
      <trkpt lat="1.2881041411310434" lon="103.86901617050171">
        <ele>4.99</ele>
      </trkpt>
      <trkpt lat="1.2878904026001692" lon="103.86914969421923">
        <ele>5.2</ele>
      </trkpt>
      <trkpt lat="1.287676664069295" lon="103.86928330175579">
        <ele>4.8</ele>
      </trkpt>
      <trkpt lat="1.2874629255384207" lon="103.86941682547331">
        <ele>4.98</ele>
      </trkpt>
      <trkpt lat="1.2872458342462778" lon="103.86955261230469">
        <ele>4.79</ele>
      </trkpt>
      <trkpt lat="1.2870107218623161" lon="103.86970214545727">
        <ele>4.72</ele>
      </trkpt>
      <trkpt lat="1.2867737654596567" lon="103.86985301971436">
        <ele>4.63</ele>
      </trkpt>
      <trkpt lat="1.2866133358329535" lon="103.86997061781585">
        <ele>4.57</ele>
      </trkpt>
      <trkpt lat="1.2864519003778696" lon="103.87008905410767">
        <ele>4.51</ele>
      </trkpt>
      <trkpt lat="1.2862166203558445" lon="103.87026004493237">
        <ele>4.43</ele>
      </trkpt>
      <trkpt lat="1.285981424152851" lon="103.8704311195761">
        <ele>4.39</ele>
      </trkpt>
      <trkpt lat="1.285743797197938" lon="103.87060403823853">
        <ele>4.37</ele>
      </trkpt>
      <trkpt lat="1.2855127919465303" lon="103.87078793719411">
        <ele>4.64</ele>
      </trkpt>
      <trkpt lat="1.2852817866951227" lon="103.87097183614969">
        <ele>4.47</ele>
      </trkpt>
      <trkpt lat="1.285050781443715" lon="103.87115581892431">
        <ele>4.51</ele>
      </trkpt>
      <trkpt lat="1.2848197761923075" lon="103.87133971787989">
        <ele>4.47</ele>
      </trkpt>
      <trkpt lat="1.2845850829035044" lon="103.87152671813965">
        <ele>4.44</ele>
      </trkpt>
      <trkpt lat="1.284499168395996" lon="103.87171983718872">
        <ele>4.53</ele>
      </trkpt>
      <trkpt lat="1.2842922192066908" lon="103.871926702559">
        <ele>4.48</ele>
      </trkpt>
      <trkpt lat="1.2840853538364172" lon="103.87213356792927">
        <ele>4.51</ele>
      </trkpt>
      <trkpt lat="1.283876895904541" lon="103.87234210968018">
        <ele>4.54</ele>
      </trkpt>
      <trkpt lat="1.2837696075439453" lon="103.87240648269653">
        <ele>4.56</ele>
      </trkpt>
      <trkpt lat="1.2835555337369442" lon="103.8726204726845">
        <ele>4.85</ele>
      </trkpt>
      <trkpt lat="1.2833404541015625" lon="103.87283563613892">
        <ele>5.38</ele>
      </trkpt>
      <trkpt lat="1.2832117918878794" lon="103.87309312820435">
        <ele>5.32</ele>
      </trkpt>
      <trkpt lat="1.2832117080688477" lon="103.87309312820435">
        <ele>5.35</ele>
      </trkpt>
      <trkpt lat="1.2830400466918945" lon="103.87324333190918">
        <ele>6.03</ele>
      </trkpt>
      <trkpt lat="1.282826391980052" lon="103.87335011735559">
        <ele>5.26</ele>
      </trkpt>
      <trkpt lat="1.2826108932495117" lon="103.87345790863037">
        <ele>5.11</ele>
      </trkpt>
      <trkpt lat="1.282450295984745" lon="103.8736184220761">
        <ele>4.75</ele>
      </trkpt>
      <trkpt lat="1.2822890281677246" lon="103.87377977371216">
        <ele>4.7</ele>
      </trkpt>
      <trkpt lat="1.2822461128234863" lon="103.8737154006958">
        <ele>4.64</ele>
      </trkpt>
      <trkpt lat="1.282246196642518" lon="103.8737154006958">
        <ele>4.6</ele>
      </trkpt>
      <trkpt lat="1.2820708472281694" lon="103.8734738342464">
        <ele>4.54</ele>
      </trkpt>
      <trkpt lat="1.2818954978138208" lon="103.873232267797">
        <ele>4.51</ele>
      </trkpt>
      <trkpt lat="1.281720232218504" lon="103.87299078516662">
        <ele>4.47</ele>
      </trkpt>
      <trkpt lat="1.2815448828041553" lon="103.87274921871722">
        <ele>4.45</ele>
      </trkpt>
      <trkpt lat="1.2813696172088385" lon="103.87250773608685">
        <ele>4.42</ele>
      </trkpt>
      <trkpt lat="1.2811942677944899" lon="103.87226616963744">
        <ele>4.41</ele>
      </trkpt>
      <trkpt lat="1.281019002199173" lon="103.87202460318804">
        <ele>4.39</ele>
      </trkpt>
      <trkpt lat="1.2808436527848244" lon="103.87178312055767">
        <ele>4.39</ele>
      </trkpt>
      <trkpt lat="1.2806683033704758" lon="103.87154155410826">
        <ele>4.39</ele>
      </trkpt>
      <trkpt lat="1.2804930377751589" lon="103.87130007147789">
        <ele>4.4</ele>
      </trkpt>
      <trkpt lat="1.2803149223327637" lon="103.87105464935303">
        <ele>4.42</ele>
      </trkpt>
      <trkpt lat="1.2804651260375977" lon="103.87094736099243">
        <ele>4.44</ele>
      </trkpt>
      <trkpt lat="1.280379295349121" lon="103.87084007263184">
        <ele>4.47</ele>
      </trkpt>
      <trkpt lat="1.2802505493164062" lon="103.87094736099243">
        <ele>4.51</ele>
      </trkpt>
      <trkpt lat="1.2801861763000488" lon="103.87084007263184">
        <ele>4.6</ele>
      </trkpt>
      <trkpt lat="1.2801003456115723" lon="103.87062549591064">
        <ele>4.79</ele>
      </trkpt>
      <trkpt lat="1.2801647186279297" lon="103.87043237686157">
        <ele>4.86</ele>
      </trkpt>
      <trkpt lat="1.2801218032836914" lon="103.8702392578125">
        <ele>4.95</ele>
      </trkpt>
      <trkpt lat="1.27995022572577" lon="103.87000322341919">
        <ele>5.06</ele>
      </trkpt>
      <trkpt lat="1.2798643950372934" lon="103.86983156204224">
        <ele>5.19</ele>
      </trkpt>
      <trkpt lat="1.2798429373651743" lon="103.869788646698">
        <ele>5.27</ele>
      </trkpt>
      <trkpt lat="1.2797571066766977" lon="103.86963844299316">
        <ele>5.38</ele>
      </trkpt>
      <trkpt lat="1.2797355651855469" lon="103.8696813583374">
        <ele>5.42</ele>
      </trkpt>
      <trkpt lat="1.2796927336603403" lon="103.86959552764893">
        <ele>5.5</ele>
      </trkpt>
      <trkpt lat="1.2797785643488169" lon="103.86944532394409">
        <ele>5.55</ele>
      </trkpt>
      <trkpt lat="1.279891049489379" lon="103.86923619545996">
        <ele>5.56</ele>
      </trkpt>
      <trkpt lat="1.2800036184489727" lon="103.86902715079486">
        <ele>5.53</ele>
      </trkpt>
      <trkpt lat="1.2801161874085665" lon="103.86881802231073">
        <ele>5.46</ele>
      </trkpt>
      <trkpt lat="1.280229091644287" lon="103.86860847473145">
        <ele>5.43</ele>
      </trkpt>
      <trkpt lat="1.2802291754633188" lon="103.86860847473145">
        <ele>5.44</ele>
      </trkpt>
      <trkpt lat="1.2801218871027231" lon="103.86854410171509">
        <ele>5.44</ele>
      </trkpt>
      <trkpt lat="1.2801861763000488" lon="103.8683295249939">
        <ele>5.43</ele>
      </trkpt>
      <trkpt lat="1.2801754474639893" lon="103.86813623830676">
        <ele>5.4</ele>
      </trkpt>
      <trkpt lat="1.2801648024469614" lon="103.86794328689575">
        <ele>5.24</ele>
      </trkpt>
      <trkpt lat="1.2801647186279297" lon="103.86794328689575">
        <ele>5.27</ele>
      </trkpt>
      <trkpt lat="1.2801861763000488" lon="103.8677821867168">
        <ele>5.09</ele>
      </trkpt>
      <trkpt lat="1.280207633972168" lon="103.86762142181396">
        <ele>4.85</ele>
      </trkpt>
      <trkpt lat="1.2803077138960361" lon="103.86739251203835">
        <ele>4.62</ele>
      </trkpt>
      <trkpt lat="1.280407877638936" lon="103.86716368608177">
        <ele>4.93</ele>
      </trkpt>
      <trkpt lat="1.2805081252008677" lon="103.86693477630615">
        <ele>5.45</ele>
      </trkpt>
      <trkpt lat="1.2805081252008677" lon="103.86673067696393">
        <ele>5.81</ele>
      </trkpt>
      <trkpt lat="1.2805081252008677" lon="103.86652708053589">
        <ele>6.12</ele>
      </trkpt>
      <trkpt lat="1.2804651260375977" lon="103.86634452268481">
        <ele>6.31</ele>
      </trkpt>
      <trkpt lat="1.280422294512391" lon="103.86616230010986">
        <ele>6.45</ele>
      </trkpt>
      <trkpt lat="1.280422294512391" lon="103.86611938476562">
        <ele>6.55</ele>
      </trkpt>
      <trkpt lat="1.280400836840272" lon="103.86603355407715">
        <ele>6.61</ele>
      </trkpt>
      <trkpt lat="1.2803793791681528" lon="103.86599063873291">
        <ele>6.69</ele>
      </trkpt>
      <trkpt lat="1.280379295349121" lon="103.86599063873291">
        <ele>6.81</ele>
      </trkpt>
      <trkpt lat="1.2802768684923649" lon="103.86574865318835">
        <ele>6.71</ele>
      </trkpt>
      <trkpt lat="1.2801748607307673" lon="103.86550742201507">
        <ele>6.74</ele>
      </trkpt>
      <trkpt lat="1.2801747769117355" lon="103.86550725437701">
        <ele>6.86</ele>
      </trkpt>
      <trkpt lat="1.280174609273672" lon="103.86550675146282">
        <ele>6.97</ele>
      </trkpt>
      <trkpt lat="1.2801745254546404" lon="103.86550658382475">
        <ele>7.08</ele>
      </trkpt>
      <trkpt lat="1.2801433447748423" lon="103.86543273925781">
        <ele>7.19</ele>
      </trkpt>
      <trkpt lat="1.2801432609558105" lon="103.86543273925781">
        <ele>7.3</ele>
      </trkpt>
      <trkpt lat="1.2800003495067358" lon="103.86521841399372">
        <ele>7.42</ele>
      </trkpt>
      <trkpt lat="1.2798575218766928" lon="103.86500408872962">
        <ele>7.55</ele>
      </trkpt>
      <trkpt lat="1.2797141913324594" lon="103.86478900909424">
        <ele>7.69</ele>
      </trkpt>
      <trkpt lat="1.2797141075134277" lon="103.86478900909424">
        <ele>7.78</ele>
      </trkpt>
      <trkpt lat="1.2795214913785458" lon="103.86461776681244">
        <ele>7.98</ele>
      </trkpt>
      <trkpt lat="1.2793289590626955" lon="103.86444660834968">
        <ele>8.13</ele>
      </trkpt>
      <trkpt lat="1.279134750366211" lon="103.86427402496338">
        <ele>8.21</ele>
      </trkpt>
      <trkpt lat="1.2788803596049547" lon="103.86410722509027">
        <ele>8.15</ele>
      </trkpt>
      <trkpt lat="1.2786259688436985" lon="103.86394050903618">
        <ele>8.18</ele>
      </trkpt>
      <trkpt lat="1.278371661901474" lon="103.8637737929821">
        <ele>8.4</ele>
      </trkpt>
      <trkpt lat="1.2781172711402178" lon="103.86360707692802">
        <ele>8.51</ele>
      </trkpt>
      <trkpt lat="1.2778629641979933" lon="103.86344036087394">
        <ele>8.43</ele>
      </trkpt>
      <trkpt lat="1.277608573436737" lon="103.86327364481986">
        <ele>8.19</ele>
      </trkpt>
      <trkpt lat="1.2773541826754808" lon="103.86310692876577">
        <ele>8.05</ele>
      </trkpt>
      <trkpt lat="1.2770998757332563" lon="103.86294012889266">
        <ele>8.0</ele>
      </trkpt>
      <trkpt lat="1.2768454849720001" lon="103.86277341283858">
        <ele>8.11</ele>
      </trkpt>
      <trkpt lat="1.276581371203065" lon="103.86260032653809">
        <ele>8.03</ele>
      </trkpt>
      <trkpt lat="1.2763390503823757" lon="103.86243637651205">
        <ele>7.73</ele>
      </trkpt>
      <trkpt lat="1.2760968133807182" lon="103.86227251030505">
        <ele>7.73</ele>
      </trkpt>
      <trkpt lat="1.2758518103510141" lon="103.86210680007935">
        <ele>7.56</ele>
      </trkpt>
      <trkpt lat="1.2757016066461802" lon="103.86202096939087">
        <ele>7.3</ele>
      </trkpt>
      <trkpt lat="1.2755943182855844" lon="103.86195659637451">
        <ele>6.99</ele>
      </trkpt>
      <trkpt lat="1.2753876205533743" lon="103.86182114481926">
        <ele>6.63</ele>
      </trkpt>
      <trkpt lat="1.2751810066401958" lon="103.86168577708304">
        <ele>6.37</ele>
      </trkpt>
      <trkpt lat="1.2749720457941294" lon="103.86154890060425">
        <ele>6.25</ele>
      </trkpt>
      <trkpt lat="1.2749719619750977" lon="103.86154890060425">
        <ele>6.02</ele>
      </trkpt>
      <trkpt lat="1.2747438903898" lon="103.86139207519591">
        <ele>5.9</ele>
      </trkpt>
      <trkpt lat="1.2745159026235342" lon="103.8612353336066">
        <ele>5.67</ele>
      </trkpt>
      <trkpt lat="1.2742854002863169" lon="103.86107683181763">
        <ele>5.35</ele>
      </trkpt>
      <trkpt lat="1.2742210272699594" lon="103.86105537414551">
        <ele>5.08</ele>
      </trkpt>
      <trkpt lat="1.2741351965814829" lon="103.86099100112915">
        <ele>4.78</ele>
      </trkpt>
      <trkpt lat="1.2741995695978403" lon="103.86088371276855">
        <ele>4.42</ele>
      </trkpt>
      <trkpt lat="1.2742424849420786" lon="103.8608193397522">
        <ele>4.07</ele>
      </trkpt>
      <trkpt lat="1.2741574924439192" lon="103.8607556372881">
        <ele>3.75</ele>
      </trkpt>
      <trkpt lat="1.2741574086248875" lon="103.86075555346906">
        <ele>3.43</ele>
      </trkpt>
      <trkpt lat="1.2741570733487606" lon="103.86075530201197">
        <ele>3.11</ele>
      </trkpt>
      <trkpt lat="1.2741565704345703" lon="103.86075496673584">
        <ele>2.79</ele>
      </trkpt>
      <trkpt lat="1.274314820766449" lon="103.86050426401198">
        <ele>2.53</ele>
      </trkpt>
      <trkpt lat="1.2744730710983276" lon="103.86025364510715">
        <ele>2.51</ele>
      </trkpt>
      <trkpt lat="1.274631405249238" lon="103.86000302620232">
        <ele>2.31</ele>
      </trkpt>
      <trkpt lat="1.2747896555811167" lon="103.85975240729749">
        <ele>1.88</ele>
      </trkpt>
      <trkpt lat="1.274947989732027" lon="103.85950178839266">
        <ele>1.5</ele>
      </trkpt>
      <trkpt lat="1.2751062400639057" lon="103.85925116948783">
        <ele>0.95</ele>
      </trkpt>
      <trkpt lat="1.275264574214816" lon="103.859000550583">
        <ele>0.64</ele>
      </trkpt>
      <trkpt lat="1.2754228245466948" lon="103.85874993167818">
        <ele>0.36</ele>
      </trkpt>
      <trkpt lat="1.2755811586976051" lon="103.85849931277335">
        <ele>-0.06</ele>
      </trkpt>
      <trkpt lat="1.2757394090294838" lon="103.85824869386852">
        <ele>-0.96</ele>
      </trkpt>
      <trkpt lat="1.2758976593613625" lon="103.85799807496369">
        <ele>-1.61</ele>
      </trkpt>
      <trkpt lat="1.2760559935122728" lon="103.85774745605886">
        <ele>-1.38</ele>
      </trkpt>
      <trkpt lat="1.2762165069580078" lon="103.85749340057373">
        <ele>-1.09</ele>
      </trkpt>
      <trkpt lat="1.2763882521539927" lon="103.85730028152466">
        <ele>-1.31</ele>
      </trkpt>
      <trkpt lat="1.2764955405145884" lon="103.85736465454102">
        <ele>-1.54</ele>
      </trkpt>
      <trkpt lat="1.2764954566955566" lon="103.85736465454102">
        <ele>-1.8</ele>
      </trkpt>
      <trkpt lat="1.276581371203065" lon="103.8572359085083">
        <ele>-2.08</ele>
      </trkpt>
      <trkpt lat="1.2766992207616568" lon="103.85706441476941">
        <ele>-2.4</ele>
      </trkpt>
      <trkpt lat="1.2768174055963755" lon="103.8568925857544">
        <ele>-2.78</ele>
      </trkpt>
      <trkpt lat="1.2769387755542994" lon="103.85670675896108">
        <ele>-3.09</ele>
      </trkpt>
      <trkpt lat="1.277060229331255" lon="103.8565210159868">
        <ele>-3.3</ele>
      </trkpt>
      <trkpt lat="1.2771821860224009" lon="103.8563346862793">
        <ele>-3.47</ele>
      </trkpt>
      <trkpt lat="1.2772680167108774" lon="103.85620594024658">
        <ele>-3.63</ele>
      </trkpt>
      <trkpt lat="1.2772679328918457" lon="103.85620594024658">
        <ele>-3.68</ele>
      </trkpt>
      <trkpt lat="1.2773323897272348" lon="103.85609865188599">
        <ele>-3.76</ele>
      </trkpt>
      <trkpt lat="1.2774182204157114" lon="103.85599136352539">
        <ele>-3.82</ele>
      </trkpt>
      <trkpt lat="1.2774181365966797" lon="103.85599136352539">
        <ele>-3.73</ele>
      </trkpt>
      <trkpt lat="1.2775610480457544" lon="103.85576982982457">
        <ele>-3.84</ele>
      </trkpt>
      <trkpt lat="1.2777039594948292" lon="103.85554837994277">
        <ele>-3.99</ele>
      </trkpt>
      <trkpt lat="1.2778473738580942" lon="103.8553261756897">
        <ele>-3.63</ele>
      </trkpt>
      <trkpt lat="1.2778472900390625" lon="103.8553261756897">
        <ele>-3.29</ele>
      </trkpt>
      <trkpt lat="1.277915770187974" lon="103.85522131808102">
        <ele>-2.48</ele>
      </trkpt>
      <trkpt lat="1.2779159378260374" lon="103.85522115044296">
        <ele>-2.0</ele>
      </trkpt>
      <trkpt lat="1.2779162731021643" lon="103.85522081516683">
        <ele>-1.45</ele>
      </trkpt>
      <trkpt lat="1.2779166083782911" lon="103.85522039607167">
        <ele>-0.81</ele>
      </trkpt>
      <trkpt lat="1.2780855875462294" lon="103.85496240109205">
        <ele>0.1</ele>
      </trkpt>
      <trkpt lat="1.2782550696283579" lon="103.85470390319824">
        <ele>0.84</ele>
      </trkpt>
      <trkpt lat="1.2783194426447153" lon="103.85461807250977">
        <ele>1.73</ele>
      </trkpt>
      <trkpt lat="1.2783623579889536" lon="103.85455369949341">
        <ele>2.62</ele>
      </trkpt>
      <trkpt lat="1.278490936383605" lon="103.85434641502798">
        <ele>3.58</ele>
      </trkpt>
      <trkpt lat="1.2786195147782564" lon="103.85413921438158">
        <ele>4.62</ele>
      </trkpt>
      <trkpt lat="1.2787485960870981" lon="103.85393142700195">
        <ele>5.7</ele>
      </trkpt>
      <trkpt lat="1.278877342119813" lon="103.853759765625">
        <ele>6.87</ele>
      </trkpt>
      <trkpt lat="1.2788772583007812" lon="103.853759765625">
        <ele>8.0</ele>
      </trkpt>
      <trkpt lat="1.2790380232036114" lon="103.85350252501667">
        <ele>9.07</ele>
      </trkpt>
      <trkpt lat="1.2791992072016" lon="103.85324478149414">
        <ele>10.17</ele>
      </trkpt>
      <trkpt lat="1.2792420387268066" lon="103.85318040847778">
        <ele>11.35</ele>
      </trkpt>
      <trkpt lat="1.2793064955621958" lon="103.8530945777893">
        <ele>12.6</ele>
      </trkpt>
      <trkpt lat="1.2794028874486685" lon="103.8529552705586">
        <ele>13.93</ele>
      </trkpt>
      <trkpt lat="1.279499614611268" lon="103.85281562805176">
        <ele>15.56</ele>
      </trkpt>
      <trkpt lat="1.2795960064977407" lon="103.85266550816596">
        <ele>17.16</ele>
      </trkpt>
      <trkpt lat="1.2796927336603403" lon="103.85251522064209">
        <ele>18.56</ele>
      </trkpt>
      <trkpt lat="1.2797141075134277" lon="103.85247230529785">
        <ele>19.89</ele>
      </trkpt>
      <trkpt lat="1.2798748724162579" lon="103.85222579352558">
        <ele>21.14</ele>
      </trkpt>
      <trkpt lat="1.2800360564142466" lon="103.85197877883911">
        <ele>22.86</ele>
      </trkpt>
      <trkpt lat="1.2802287563681602" lon="103.85174316354096">
        <ele>24.48</ele>
      </trkpt>
      <trkpt lat="1.280422294512391" lon="103.85150671005249">
        <ele>25.73</ele>
      </trkpt>
      <trkpt lat="1.2804222106933594" lon="103.85150671005249">
        <ele>27.0</ele>
      </trkpt>
      <trkpt lat="1.2805400602519512" lon="103.85134594514966">
        <ele>28.1</ele>
      </trkpt>
      <trkpt lat="1.2806583289057016" lon="103.8511848449707">
        <ele>29.5</ele>
      </trkpt>
      <trkpt lat="1.2807440757751465" lon="103.85105609893799">
        <ele>30.93</ele>
      </trkpt>
      <trkpt lat="1.2808085326105356" lon="103.85094881057739">
        <ele>32.26</ele>
      </trkpt>
      <trkpt lat="1.2809299025684595" lon="103.85076298378408">
        <ele>33.5</ele>
      </trkpt>
      <trkpt lat="1.2810513563454151" lon="103.8505772408098">
        <ele>34.34</ele>
      </trkpt>
      <trkpt lat="1.281173313036561" lon="103.8503909111023">
        <ele>34.44</ele>
      </trkpt>
      <trkpt lat="1.2812162283807993" lon="103.85032653808594">
        <ele>35.12</ele>
      </trkpt>
      <trkpt lat="1.2811518553644419" lon="103.8502836227417">
        <ele>35.89</ele>
      </trkpt>
      <trkpt lat="1.2809437327086926" lon="103.85014699772">
        <ele>36.69</ele>
      </trkpt>
      <trkpt lat="1.280735693871975" lon="103.85001045651734">
        <ele>37.4</ele>
      </trkpt>
      <trkpt lat="1.2805263977497816" lon="103.84987316094339">
        <ele>37.95</ele>
      </trkpt>
      <trkpt lat="1.2805262301117182" lon="103.84987299330533">
        <ele>38.38</ele>
      </trkpt>
      <trkpt lat="1.280525978654623" lon="103.8498729094863">
        <ele>38.72</ele>
      </trkpt>
      <trkpt lat="1.2805252242833376" lon="103.8498724065721">
        <ele>39.0</ele>
      </trkpt>
      <trkpt lat="1.2804652098566294" lon="103.8498330116272">
        <ele>39.17</ele>
      </trkpt>
      <trkpt lat="1.280422294512391" lon="103.84979009628296">
        <ele>39.31</ele>
      </trkpt>
      <trkpt lat="1.2803364638239145" lon="103.8498330116272">
        <ele>39.15</ele>
      </trkpt>
      <trkpt lat="1.2800834979861975" lon="103.84967266581953">
        <ele>39.36</ele>
      </trkpt>
      <trkpt lat="1.2798305321484804" lon="103.84951240383089">
        <ele>39.65</ele>
      </trkpt>
      <trkpt lat="1.279577650129795" lon="103.84935205802321">
        <ele>39.54</ele>
      </trkpt>
      <trkpt lat="1.279324684292078" lon="103.84919179603457">
        <ele>39.0</ele>
      </trkpt>
      <trkpt lat="1.2790718022733927" lon="103.8490314502269">
        <ele>38.07</ele>
      </trkpt>
      <trkpt lat="1.2788128852844238" lon="103.84886741638184">
        <ele>37.12</ele>
      </trkpt>
      <trkpt lat="1.2787915114313364" lon="103.84884595870972">
        <ele>36.58</ele>
      </trkpt>
      <trkpt lat="1.2787699699401855" lon="103.8488245010376">
        <ele>35.97</ele>
      </trkpt>
      <trkpt lat="1.2785350251942873" lon="103.84868234395981">
        <ele>35.47</ele>
      </trkpt>
      <trkpt lat="1.2783001642674208" lon="103.84854027070105">
        <ele>35.55</ele>
      </trkpt>
      <trkpt lat="1.2780637945979834" lon="103.84839727543294">
        <ele>35.27</ele>
      </trkpt>
      <trkpt lat="1.2780635431408882" lon="103.84839710779488">
        <ele>34.4</ele>
      </trkpt>
      <trkpt lat="1.2780633755028248" lon="103.84839702397585">
        <ele>33.47</ele>
      </trkpt>
      <trkpt lat="1.278062453493476" lon="103.84839652106166">
        <ele>32.49</ele>
      </trkpt>
      <trkpt lat="1.2778057996183634" lon="103.84824128821492">
        <ele>30.5</ele>
      </trkpt>
      <trkpt lat="1.2775492295622826" lon="103.84808605536819">
        <ele>29.39</ele>
      </trkpt>
      <trkpt lat="1.2772926595062017" lon="103.84793082252145">
        <ele>28.36</ele>
      </trkpt>
      <trkpt lat="1.2770319823175669" lon="103.84777307510376">
        <ele>26.71</ele>
      </trkpt>
      <trkpt lat="1.2768713850528002" lon="103.84760174900293">
        <ele>25.28</ele>
      </trkpt>
      <trkpt lat="1.2767101172357798" lon="103.84742975234985">
        <ele>23.86</ele>
      </trkpt>
      <trkpt lat="1.276753032580018" lon="103.84740829467773">
        <ele>22.71</ele>
      </trkpt>
      <trkpt lat="1.276710033416748" lon="103.8473653793335">
        <ele>21.53</ele>
      </trkpt>
      <trkpt lat="1.2766242865473032" lon="103.8472580909729">
        <ele>20.37</ele>
      </trkpt>
      <trkpt lat="1.276602828875184" lon="103.84721517562866">
        <ele>19.33</ele>
      </trkpt>
      <trkpt lat="1.2763994839042425" lon="103.84702255949378">
        <ele>18.4</ele>
      </trkpt>
      <trkpt lat="1.2761950492858887" lon="103.84682893753052">
        <ele>17.7</ele>
      </trkpt>
      <trkpt lat="1.2760878447443247" lon="103.84672164916992">
        <ele>16.74</ele>
      </trkpt>
      <trkpt lat="1.2759590987116098" lon="103.84661436080933">
        <ele>15.04</ele>
      </trkpt>
      <trkpt lat="1.2758088111877441" lon="103.84648561477661">
        <ele>13.13</ele>
      </trkpt>
      <trkpt lat="1.2758088950067759" lon="103.84648561477661">
        <ele>12.41</ele>
      </trkpt>
      <trkpt lat="1.2757659796625376" lon="103.84644269943237">
        <ele>11.97</ele>
      </trkpt>
      <trkpt lat="1.2755840923637152" lon="103.8462929148227">
        <ele>13.92</ele>
      </trkpt>
      <trkpt lat="1.2754011992365122" lon="103.8461422920227">
        <ele>14.23</ele>
      </trkpt>
      <trkpt lat="1.275272872298956" lon="103.84604598395526">
        <ele>13.07</ele>
      </trkpt>
      <trkpt lat="1.2751437071710825" lon="103.84594917297363">
        <ele>12.36</ele>
      </trkpt>
      <trkpt lat="1.2749720457941294" lon="103.8457989692688">
        <ele>11.84</ele>
      </trkpt>
      <trkpt lat="1.2748647574335337" lon="103.84571313858032">
        <ele>11.56</ele>
      </trkpt>
      <trkpt lat="1.274778926745057" lon="103.84564876556396">
        <ele>11.38</ele>
      </trkpt>
      <trkpt lat="1.2746930960565805" lon="103.84556293487549">
        <ele>11.21</ele>
      </trkpt>
      <trkpt lat="1.2744999770075083" lon="103.84539127349854">
        <ele>10.29</ele>
      </trkpt>
      <trkpt lat="1.2743715662509203" lon="103.84528423659503">
        <ele>9.47</ele>
      </trkpt>
      <trkpt lat="1.2742424849420786" lon="103.84517669677734">
        <ele>9.92</ele>
      </trkpt>
      <trkpt lat="1.2741995695978403" lon="103.84515523910522">
        <ele>10.1</ele>
      </trkpt>
      <trkpt lat="1.2740279082208872" lon="103.84498357772827">
        <ele>10.68</ele>
      </trkpt>
      <trkpt lat="1.2738781236112118" lon="103.84485516697168">
        <ele>10.9</ele>
      </trkpt>
      <trkpt lat="1.2737275008112192" lon="103.84472608566284">
        <ele>11.03</ele>
      </trkpt>
      <trkpt lat="1.2735772132873535" lon="103.84457588195801">
        <ele>11.14</ele>
      </trkpt>
      <trkpt lat="1.2735772971063852" lon="103.84457588195801">
        <ele>11.26</ele>
      </trkpt>
      <trkpt lat="1.2734484672546387" lon="103.84446859359741">
        <ele>11.32</ele>
      </trkpt>
      <trkpt lat="1.2734485510736704" lon="103.84446859359741">
        <ele>11.48</ele>
      </trkpt>
      <trkpt lat="1.2734270095825195" lon="103.8444471359253">
        <ele>11.63</ele>
      </trkpt>
      <trkpt lat="1.2734270934015512" lon="103.8444471359253">
        <ele>11.81</ele>
      </trkpt>
      <trkpt lat="1.2732131034135818" lon="103.8442616444081">
        <ele>11.88</ele>
      </trkpt>
      <trkpt lat="1.2729991134256124" lon="103.84407623670995">
        <ele>12.06</ele>
      </trkpt>
      <trkpt lat="1.2727832794189453" lon="103.8438892364502">
        <ele>12.22</ele>
      </trkpt>
      <trkpt lat="1.2726546172052622" lon="103.84380340576172">
        <ele>12.37</ele>
      </trkpt>
      <trkpt lat="1.2725258711725473" lon="103.84373903274536">
        <ele>12.5</ele>
      </trkpt>
      <trkpt lat="1.2725208420306444" lon="103.84371413849294">
        <ele>12.72</ele>
      </trkpt>
      <trkpt lat="1.2725044135004282" lon="103.84363174438477">
        <ele>12.95</ele>
      </trkpt>
      <trkpt lat="1.2725043296813965" lon="103.84363174438477">
        <ele>13.16</ele>
      </trkpt>
      <trkpt lat="1.2725043296813965" lon="103.84335254319012">
        <ele>13.43</ele>
      </trkpt>
      <trkpt lat="1.2725044135004282" lon="103.84307384490967">
        <ele>13.5</ele>
      </trkpt>
      <trkpt lat="1.272493600845337" lon="103.84285901673138">
        <ele>13.48</ele>
      </trkpt>
      <trkpt lat="1.272482955828309" lon="103.84264469146729">
        <ele>13.84</ele>
      </trkpt>
      <trkpt lat="1.2724757473915815" lon="103.84240128099918">
        <ele>14.41</ele>
      </trkpt>
      <trkpt lat="1.2724686227738857" lon="103.84215787053108">
        <ele>14.88</ele>
      </trkpt>
      <trkpt lat="1.27246149815619" lon="103.84191513061523">
        <ele>15.17</ele>
      </trkpt>
      <trkpt lat="1.27246149815619" lon="103.84185075759888">
        <ele>15.33</ele>
      </trkpt>
      <trkpt lat="1.2724400404840708" lon="103.84178638458252">
        <ele>15.46</ele>
      </trkpt>
      <trkpt lat="1.2724400404840708" lon="103.84161472320557">
        <ele>15.41</ele>
      </trkpt>
      <trkpt lat="1.2724400404840708" lon="103.84135723114014">
        <ele>15.07</ele>
      </trkpt>
      <trkpt lat="1.272431407123804" lon="103.841095212847">
        <ele>14.73</ele>
      </trkpt>
      <trkpt lat="1.2724228575825691" lon="103.84083319455385">
        <ele>14.67</ele>
      </trkpt>
      <trkpt lat="1.2724142242223024" lon="103.84057117626071">
        <ele>14.72</ele>
      </trkpt>
      <trkpt lat="1.2724056746810675" lon="103.84030915796757">
        <ele>14.89</ele>
      </trkpt>
      <trkpt lat="1.2723971251398325" lon="103.84004831314087">
        <ele>15.1</ele>
      </trkpt>
      <trkpt lat="1.2723971251398325" lon="103.83994102478027">
        <ele>15.21</ele>
      </trkpt>
      <trkpt lat="1.2723756674677134" lon="103.83976936340332">
        <ele>15.28</ele>
      </trkpt>
      <trkpt lat="1.2723756674677134" lon="103.83960826322436">
        <ele>15.34</ele>
      </trkpt>
      <trkpt lat="1.2723756674677134" lon="103.83944749832153">
        <ele>15.44</ele>
      </trkpt>
      <trkpt lat="1.2723756674677134" lon="103.83927583694458">
        <ele>15.56</ele>
      </trkpt>
      <trkpt lat="1.272364854812622" lon="103.83903955109417">
        <ele>15.64</ele>
      </trkpt>
      <trkpt lat="1.2723541259765625" lon="103.8388033490628">
        <ele>15.75</ele>
      </trkpt>
      <trkpt lat="1.272343397140503" lon="103.83856714703143">
        <ele>15.8</ele>
      </trkpt>
      <trkpt lat="1.272332752123475" lon="103.83833169937134">
        <ele>15.66</ele>
      </trkpt>
      <trkpt lat="1.2723241187632084" lon="103.83806532248855">
        <ele>15.45</ele>
      </trkpt>
      <trkpt lat="1.2723155692219734" lon="103.83779902942479">
        <ele>15.41</ele>
      </trkpt>
      <trkpt lat="1.2723069358617067" lon="103.83753273636103">
        <ele>15.24</ele>
      </trkpt>
      <trkpt lat="1.2722983863204718" lon="103.83726644329727">
        <ele>15.01</ele>
      </trkpt>
      <trkpt lat="1.2722898367792368" lon="103.83700132369995">
        <ele>14.98</ele>
      </trkpt>
      <trkpt lat="1.2722898367792368" lon="103.83674383163452">
        <ele>15.11</ele>
      </trkpt>
      <trkpt lat="1.2722790241241455" lon="103.83649681694806">
        <ele>15.33</ele>
      </trkpt>
      <trkpt lat="1.2722683791071177" lon="103.83625030517578">
        <ele>15.19</ele>
      </trkpt>
      <trkpt lat="1.2722540460526943" lon="103.83597822859883">
        <ele>14.62</ele>
      </trkpt>
      <trkpt lat="1.272239712998271" lon="103.83570623584092">
        <ele>14.25</ele>
      </trkpt>
      <trkpt lat="1.2722254637628794" lon="103.83543491363525">
        <ele>14.05</ele>
      </trkpt>
      <trkpt lat="1.2722254637628794" lon="103.83524179458618">
        <ele>13.87</ele>
      </trkpt>
      <trkpt lat="1.272214651107788" lon="103.8349733222276">
        <ele>13.67</ele>
      </trkpt>
      <trkpt lat="1.2722039222717285" lon="103.83470484986901">
        <ele>13.36</ele>
      </trkpt>
      <trkpt lat="1.272193193435669" lon="103.83443646132946">
        <ele>13.01</ele>
      </trkpt>
      <trkpt lat="1.2721824645996094" lon="103.83416798897088">
        <ele>12.77</ele>
      </trkpt>
      <trkpt lat="1.2721717357635498" lon="103.83389951661229">
        <ele>12.65</ele>
      </trkpt>
      <trkpt lat="1.272161090746522" lon="103.83363246917725">
        <ele>12.65</ele>
      </trkpt>
      <trkpt lat="1.2721449136734009" lon="103.8333532679826">
        <ele>12.53</ele>
      </trkpt>
      <trkpt lat="1.2721288204193115" lon="103.83307406678796">
        <ele>12.15</ele>
      </trkpt>
      <trkpt lat="1.2721127271652222" lon="103.83279486559331">
        <ele>11.8</ele>
      </trkpt>
      <trkpt lat="1.2720967177301645" lon="103.83251667022705">
        <ele>11.56</ele>
      </trkpt>
      <trkpt lat="1.2720966339111328" lon="103.83251667022705">
        <ele>11.3</ele>
      </trkpt>
      <trkpt lat="1.2720322608947754" lon="103.83225917816162">
        <ele>11.07</ele>
      </trkpt>
      <trkpt lat="1.2719250563532114" lon="103.83210914209485">
        <ele>10.82</ele>
      </trkpt>
      <trkpt lat="1.271817684173584" lon="103.83195877075195">
        <ele>10.55</ele>
      </trkpt>
      <trkpt lat="1.271646274253726" lon="103.83174452930689">
        <ele>10.23</ele>
      </trkpt>
      <trkpt lat="1.2714749481528997" lon="103.83153037168086">
        <ele>9.93</ele>
      </trkpt>
      <trkpt lat="1.2713036220520735" lon="103.83131613023579">
        <ele>9.61</ele>
      </trkpt>
      <trkpt lat="1.2711322959512472" lon="103.83110197260976">
        <ele>9.25</ele>
      </trkpt>
      <trkpt lat="1.2709608860313892" lon="103.8308877311647">
        <ele>9.01</ele>
      </trkpt>
      <trkpt lat="1.270787799730897" lon="103.8306713104248">
        <ele>8.95</ele>
      </trkpt>
      <trkpt lat="1.2706806790083647" lon="103.83054273203015">
        <ele>8.71</ele>
      </trkpt>
      <trkpt lat="1.2705732230097055" lon="103.83041381835938">
        <ele>8.44</ele>
      </trkpt>
      <trkpt lat="1.2705731391906738" lon="103.83041381835938">
        <ele>8.16</ele>
      </trkpt>
      <trkpt lat="1.2704230193048716" lon="103.8302206993103">
        <ele>7.79</ele>
      </trkpt>
      <trkpt lat="1.2703156471252441" lon="103.83004903793335">
        <ele>7.42</ele>
      </trkpt>
      <trkpt lat="1.2701656948775053" lon="103.82986698299646">
        <ele>7.03</ele>
      </trkpt>
      <trkpt lat="1.2700153235346079" lon="103.82968425750732">
        <ele>6.69</ele>
      </trkpt>
      <trkpt lat="1.2698226235806942" lon="103.82947722449899">
        <ele>6.42</ele>
      </trkpt>
      <trkpt lat="1.2696299236267805" lon="103.82927027530968">
        <ele>6.19</ele>
      </trkpt>
      <trkpt lat="1.269435966387391" lon="103.82906198501587">
        <ele>5.95</ele>
      </trkpt>
      <trkpt lat="1.269264305010438" lon="103.82889032363892">
        <ele>5.73</ele>
      </trkpt>
      <trkpt lat="1.2691569328308105" lon="103.82878303527832">
        <ele>5.52</ele>
      </trkpt>
      <trkpt lat="1.2691354751586914" lon="103.82869720458984">
        <ele>5.29</ele>
      </trkpt>
      <trkpt lat="1.2689964193850756" lon="103.82856879383326">
        <ele>5.05</ele>
      </trkpt>
      <trkpt lat="1.2688566092401743" lon="103.82843971252441">
        <ele>4.82</ele>
      </trkpt>
      <trkpt lat="1.268678242340684" lon="103.82826134562492">
        <ele>4.65</ele>
      </trkpt>
      <trkpt lat="1.2684998754411936" lon="103.82808297872543">
        <ele>4.44</ele>
      </trkpt>
      <trkpt lat="1.2683201674371958" lon="103.82790327072144">
        <ele>4.18</ele>
      </trkpt>
      <trkpt lat="1.2681485060602427" lon="103.82771015167236">
        <ele>3.96</ele>
      </trkpt>
      <trkpt lat="1.267962846904993" lon="103.82750311866403">
        <ele>3.81</ele>
      </trkpt>
      <trkpt lat="1.2677772715687752" lon="103.82729616947472">
        <ele>3.73</ele>
      </trkpt>
      <trkpt lat="1.2675905227661133" lon="103.82708787918091">
        <ele>3.56</ele>
      </trkpt>
      <trkpt lat="1.26738709397614" lon="103.82687372155488">
        <ele>3.43</ele>
      </trkpt>
      <trkpt lat="1.2671837490051985" lon="103.82665964774787">
        <ele>3.35</ele>
      </trkpt>
      <trkpt lat="1.266980404034257" lon="103.82644557394087">
        <ele>3.22</ele>
      </trkpt>
      <trkpt lat="1.2667769752442837" lon="103.82623150013387">
        <ele>3.09</ele>
      </trkpt>
      <trkpt lat="1.2665736302733421" lon="103.82601742632687">
        <ele>3.13</ele>
      </trkpt>
      <trkpt lat="1.2663674354553223" lon="103.82580041885376">
        <ele>3.1</ele>
      </trkpt>
      <trkpt lat="1.2662281282246113" lon="103.82560755126178">
        <ele>2.97</ele>
      </trkpt>
      <trkpt lat="1.2660884857177734" lon="103.82541418075562">
        <ele>2.85</ele>
      </trkpt>
      <trkpt lat="1.2660025712102652" lon="103.82517806254327">
        <ele>2.94</ele>
      </trkpt>
      <trkpt lat="1.2659168243408203" lon="103.824942111969">
        <ele>3.02</ele>
      </trkpt>
      <trkpt lat="1.2658738251775503" lon="103.82477036677301">
        <ele>3.04</ele>
      </trkpt>
      <trkpt lat="1.2658309936523438" lon="103.82459878921509">
        <ele>3.01</ele>
      </trkpt>
      <trkpt lat="1.2658149003982544" lon="103.82436250336468">
        <ele>3.04</ele>
      </trkpt>
      <trkpt lat="1.265798807144165" lon="103.82412630133331">
        <ele>3.13</ele>
      </trkpt>
      <trkpt lat="1.26578732393682" lon="103.82395866326988">
        <ele>3.21</ele>
      </trkpt>
      <trkpt lat="1.2657827138900757" lon="103.82389009930193">
        <ele>3.25</ele>
      </trkpt>
      <trkpt lat="1.265766704455018" lon="103.82365465164185">
        <ele>3.29</ele>
      </trkpt>
      <trkpt lat="1.2657666206359863" lon="103.82365465164185">
        <ele>3.35</ele>
      </trkpt>
      <trkpt lat="1.265745246782899" lon="103.82335424423218">
        <ele>3.48</ele>
      </trkpt>
      <trkpt lat="1.2657451629638672" lon="103.82335424423218">
        <ele>3.56</ele>
      </trkpt>
      <trkpt lat="1.265726052224636" lon="103.8230559322983">
        <ele>3.82</ele>
      </trkpt>
      <trkpt lat="1.265706941485405" lon="103.82275770418346">
        <ele>3.94</ele>
      </trkpt>
      <trkpt lat="1.2656878307461739" lon="103.82245939224958">
        <ele>3.86</ele>
      </trkpt>
      <trkpt lat="1.2656688038259745" lon="103.82216116413474">
        <ele>3.76</ele>
      </trkpt>
      <trkpt lat="1.2656496930867434" lon="103.82186285220087">
        <ele>3.9</ele>
      </trkpt>
      <trkpt lat="1.2656305823475122" lon="103.82156462408602">
        <ele>3.92</ele>
      </trkpt>
      <trkpt lat="1.2656114716082811" lon="103.82126631215215">
        <ele>4.01</ele>
      </trkpt>
      <trkpt lat="1.2655924446880817" lon="103.8209680840373">
        <ele>4.11</ele>
      </trkpt>
      <trkpt lat="1.265573501586914" lon="103.82067203521729">
        <ele>4.3</ele>
      </trkpt>
      <trkpt lat="1.2656056880950928" lon="103.82039283402264">
        <ele>4.48</ele>
      </trkpt>
      <trkpt lat="1.2656378746032715" lon="103.82011413574219">
        <ele>4.61</ele>
      </trkpt>
      <trkpt lat="1.2656915187835693" lon="103.81993166171014">
        <ele>4.68</ele>
      </trkpt>
      <trkpt lat="1.265745246782899" lon="103.81974935531616">
        <ele>4.74</ele>
      </trkpt>
      <trkpt lat="1.2657451629638672" lon="103.81974935531616">
        <ele>4.86</ele>
      </trkpt>
      <trkpt lat="1.265888074412942" lon="103.81948482245207">
        <ele>4.94</ele>
      </trkpt>
      <trkpt lat="1.2660310696810484" lon="103.819220373407">
        <ele>4.97</ele>
      </trkpt>
      <trkpt lat="1.2661744002252817" lon="103.81895542144775">
        <ele>5.15</ele>
      </trkpt>
      <trkpt lat="1.2663029786199331" lon="103.81876247003675">
        <ele>5.41</ele>
      </trkpt>
      <trkpt lat="1.2664318922907114" lon="103.81856918334961">
        <ele>5.57</ele>
      </trkpt>
      <trkpt lat="1.2665747199207544" lon="103.81836919113994">
        <ele>5.77</ele>
      </trkpt>
      <trkpt lat="1.2667175475507975" lon="103.81816919893026">
        <ele>5.94</ele>
      </trkpt>
      <trkpt lat="1.2668610457330942" lon="103.81796836853027">
        <ele>6.24</ele>
      </trkpt>
      <trkpt lat="1.2668609619140625" lon="103.81796836853027">
        <ele>6.41</ele>
      </trkpt>
      <trkpt lat="1.2670067232102156" lon="103.81770961917937">
        <ele>6.6</ele>
      </trkpt>
      <trkpt lat="1.2671524845063686" lon="103.81745086982846">
        <ele>6.66</ele>
      </trkpt>
      <trkpt lat="1.2672983296215534" lon="103.81719212047756">
        <ele>6.77</ele>
      </trkpt>
      <trkpt lat="1.2674440909177065" lon="103.81693345494568">
        <ele>6.99</ele>
      </trkpt>
      <trkpt lat="1.2675899360328913" lon="103.81667470559478">
        <ele>7.23</ele>
      </trkpt>
      <trkpt lat="1.2677356973290443" lon="103.81641595624387">
        <ele>7.33</ele>
      </trkpt>
      <trkpt lat="1.2678815424442291" lon="103.816157290712">
        <ele>7.41</ele>
      </trkpt>
      <trkpt lat="1.2680273037403822" lon="103.8158985413611">
        <ele>7.55</ele>
      </trkpt>
      <trkpt lat="1.268173148855567" lon="103.81563979201019">
        <ele>7.79</ele>
      </trkpt>
      <trkpt lat="1.26831891015172" lon="103.81538112647831">
        <ele>8.0</ele>
      </trkpt>
      <trkpt lat="1.2684647552669048" lon="103.81512237712741">
        <ele>8.27</ele>
      </trkpt>
      <trkpt lat="1.268610516563058" lon="103.8148636277765">
        <ele>8.59</ele>
      </trkpt>
      <trkpt lat="1.268756277859211" lon="103.81460496224463">
        <ele>8.84</ele>
      </trkpt>
      <trkpt lat="1.2689021229743958" lon="103.81434621289372">
        <ele>9.14</ele>
      </trkpt>
      <trkpt lat="1.2690496444702148" lon="103.81408452987671">
        <ele>9.56</ele>
      </trkpt>
      <trkpt lat="1.2692210543900728" lon="103.81383533589542">
        <ele>9.89</ele>
      </trkpt>
      <trkpt lat="1.2693924643099308" lon="103.81358622573316">
        <ele>9.95</ele>
      </trkpt>
      <trkpt lat="1.2695638742297888" lon="103.8133371155709">
        <ele>10.11</ele>
      </trkpt>
      <trkpt lat="1.2697353679686785" lon="103.81308800540864">
        <ele>10.2</ele>
      </trkpt>
      <trkpt lat="1.2699067778885365" lon="103.81283889524639">
        <ele>10.27</ele>
      </trkpt>
      <trkpt lat="1.2700781878083944" lon="103.81258978508413">
        <ele>10.46</ele>
      </trkpt>
      <trkpt lat="1.2702496815472841" lon="103.81234067492187">
        <ele>10.66</ele>
      </trkpt>
      <trkpt lat="1.2704229354858398" lon="103.81208896636963">
        <ele>10.92</ele>
      </trkpt>
      <trkpt lat="1.2705407850444317" lon="103.81187447346747">
        <ele>11.29</ele>
      </trkpt>
      <trkpt lat="1.2706589698791504" lon="103.81165981292725">
        <ele>11.71</ele>
      </trkpt>
      <trkpt lat="1.2707233428955078" lon="103.81146661005914">
        <ele>12.07</ele>
      </trkpt>
      <trkpt lat="1.2707877159118652" lon="103.8112735748291">
        <ele>12.07</ele>
      </trkpt>
      <trkpt lat="1.270819902420044" lon="103.81110174581409">
        <ele>12.15</ele>
      </trkpt>
      <trkpt lat="1.2708521727472544" lon="103.8109302520752">
        <ele>12.24</ele>
      </trkpt>
      <trkpt lat="1.2708520889282227" lon="103.8109302520752">
        <ele>12.37</ele>
      </trkpt>
      <trkpt lat="1.2708692718297243" lon="103.81062959320843">
        <ele>12.59</ele>
      </trkpt>
      <trkpt lat="1.270886454731226" lon="103.81032893434167">
        <ele>12.72</ele>
      </trkpt>
      <trkpt lat="1.2709036376327276" lon="103.8100282754749">
        <ele>12.57</ele>
      </trkpt>
      <trkpt lat="1.2709208205342293" lon="103.80972761660814">
        <ele>12.49</ele>
      </trkpt>
      <trkpt lat="1.270938003435731" lon="103.80942821502686">
        <ele>12.63</ele>
      </trkpt>
      <trkpt lat="1.27095946110785" lon="103.80915974266827">
        <ele>12.65</ele>
      </trkpt>
      <trkpt lat="1.2709809187799692" lon="103.80889177322388">
        <ele>12.7</ele>
      </trkpt>
      <trkpt lat="1.2709808349609375" lon="103.80889177322388">
        <ele>12.72</ele>
      </trkpt>
      <trkpt lat="1.2710280250757933" lon="103.80859538912773">
        <ele>12.8</ele>
      </trkpt>
      <trkpt lat="1.2710752990096807" lon="103.80829908885062">
        <ele>13.12</ele>
      </trkpt>
      <trkpt lat="1.2711224891245365" lon="103.8080027885735">
        <ele>13.51</ele>
      </trkpt>
      <trkpt lat="1.271169763058424" lon="103.80770648829639">
        <ele>13.4</ele>
      </trkpt>
      <trkpt lat="1.271216869354248" lon="103.80741119384766">
        <ele>12.68</ele>
      </trkpt>
      <trkpt lat="1.2713312823325396" lon="103.8071274664253">
        <ele>12.45</ele>
      </trkpt>
      <trkpt lat="1.271445695310831" lon="103.80684373900294">
        <ele>12.33</ele>
      </trkpt>
      <trkpt lat="1.2715601082891226" lon="103.80656009539962">
        <ele>12.21</ele>
      </trkpt>
      <trkpt lat="1.271674521267414" lon="103.80627636797726">
        <ele>12.07</ele>
      </trkpt>
      <trkpt lat="1.2717890180647373" lon="103.80599272437394">
        <ele>11.98</ele>
      </trkpt>
      <trkpt lat="1.2719034310430288" lon="103.80570899695158">
        <ele>11.99</ele>
      </trkpt>
      <trkpt lat="1.2720178440213203" lon="103.80542535334826">
        <ele>11.82</ele>
      </trkpt>
      <trkpt lat="1.2721322569996119" lon="103.8051416259259">
        <ele>11.69</ele>
      </trkpt>
      <trkpt lat="1.2722468376159668" lon="103.80485773086548">
        <ele>11.64</ele>
      </trkpt>
      <trkpt lat="1.2723112106323242" lon="103.80463586188853">
        <ele>11.45</ele>
      </trkpt>
      <trkpt lat="1.2723755836486816" lon="103.80441407673061">
        <ele>11.15</ele>
      </trkpt>
      <trkpt lat="1.272439956665039" lon="103.80419254302979">
        <ele>10.95</ele>
      </trkpt>
      <trkpt lat="1.2724828720092773" lon="103.80391334183514">
        <ele>10.75</ele>
      </trkpt>
      <trkpt lat="1.2725257873535156" lon="103.80363422445953">
        <ele>10.4</ele>
      </trkpt>
      <trkpt lat="1.272568702697754" lon="103.80335569381714">
        <ele>10.11</ele>
      </trkpt>
      <trkpt lat="1.2725772522389889" lon="103.803093675524">
        <ele>9.77</ele>
      </trkpt>
      <trkpt lat="1.2725858017802238" lon="103.80283165723085">
        <ele>9.32</ele>
      </trkpt>
      <trkpt lat="1.2725944351404905" lon="103.80256963893771">
        <ele>8.9</ele>
      </trkpt>
      <trkpt lat="1.2726029846817255" lon="103.80230762064457">
        <ele>8.87</ele>
      </trkpt>
      <trkpt lat="1.2726116180419922" lon="103.80204677581787">
        <ele>8.84</ele>
      </trkpt>
      <trkpt lat="1.27266526222229" lon="103.80176765844226">
        <ele>8.58</ele>
      </trkpt>
      <trkpt lat="1.272718906402588" lon="103.80148887634277">
        <ele>8.1</ele>
      </trkpt>
      <trkpt lat="1.2727725505828857" lon="103.80130640231073">
        <ele>7.66</ele>
      </trkpt>
      <trkpt lat="1.2728261947631836" lon="103.80112409591675">
        <ele>7.3</ele>
      </trkpt>
      <trkpt lat="1.2729579582810402" lon="103.80083911120892">
        <ele>6.81</ele>
      </trkpt>
      <trkpt lat="1.2730897217988968" lon="103.80055412650108">
        <ele>6.95</ele>
      </trkpt>
      <trkpt lat="1.2732214853167534" lon="103.80026914179325">
        <ele>7.01</ele>
      </trkpt>
      <trkpt lat="1.27335324883461" lon="103.79998415708542">
        <ele>6.76</ele>
      </trkpt>
      <trkpt lat="1.2734850123524666" lon="103.79969917237759">
        <ele>6.65</ele>
      </trkpt>
      <trkpt lat="1.2736167758703232" lon="103.79941418766975">
        <ele>6.43</ele>
      </trkpt>
      <trkpt lat="1.2737488746643066" lon="103.79912853240967">
        <ele>6.24</ele>
      </trkpt>
      <trkpt lat="1.2738477811217308" lon="103.79883642308414">
        <ele>6.11</ele>
      </trkpt>
      <trkpt lat="1.273946687579155" lon="103.79854431375861">
        <ele>5.92</ele>
      </trkpt>
      <trkpt lat="1.2740455940365791" lon="103.79825228825212">
        <ele>5.79</ele>
      </trkpt>
      <trkpt lat="1.274144584313035" lon="103.79796017892659">
        <ele>5.66</ele>
      </trkpt>
      <trkpt lat="1.2742434907704592" lon="103.79766806960106">
        <ele>5.48</ele>
      </trkpt>
      <trkpt lat="1.2743423972278833" lon="103.79737604409456">
        <ele>5.3</ele>
      </trkpt>
      <trkpt lat="1.2744413875043392" lon="103.79708393476903">
        <ele>5.16</ele>
      </trkpt>
      <trkpt lat="1.2745402939617634" lon="103.79679190926254">
        <ele>5.03</ele>
      </trkpt>
      <trkpt lat="1.2746392004191875" lon="103.79649979993701">
        <ele>5.09</ele>
      </trkpt>
      <trkpt lat="1.2747381906956434" lon="103.79620769061148">
        <ele>5.21</ele>
      </trkpt>
      <trkpt lat="1.2748370971530676" lon="103.79591566510499">
        <ele>5.17</ele>
      </trkpt>
      <trkpt lat="1.2749360036104918" lon="103.79562355577946">
        <ele>5.03</ele>
      </trkpt>
      <trkpt lat="1.2750349938869476" lon="103.79533144645393">
        <ele>4.98</ele>
      </trkpt>
      <trkpt lat="1.2751339003443718" lon="103.79503942094743">
        <ele>4.9</ele>
      </trkpt>
      <trkpt lat="1.275232806801796" lon="103.7947473116219">
        <ele>4.82</ele>
      </trkpt>
      <trkpt lat="1.2753317132592201" lon="103.79445528611541">
        <ele>4.73</ele>
      </trkpt>
      <trkpt lat="1.275430703535676" lon="103.79416317678988">
        <ele>4.66</ele>
      </trkpt>
      <trkpt lat="1.2755296099931002" lon="103.79387106746435">
        <ele>4.72</ele>
      </trkpt>
      <trkpt lat="1.2756285164505243" lon="103.79357904195786">
        <ele>4.76</ele>
      </trkpt>
      <trkpt lat="1.2757275067269802" lon="103.79328693263233">
        <ele>4.69</ele>
      </trkpt>
      <trkpt lat="1.2758264131844044" lon="103.7929948233068">
        <ele>4.7</ele>
      </trkpt>
      <trkpt lat="1.2759253196418285" lon="103.7927027978003">
        <ele>4.81</ele>
      </trkpt>
      <trkpt lat="1.2760243099182844" lon="103.79241068847477">
        <ele>4.82</ele>
      </trkpt>
      <trkpt lat="1.2761232163757086" lon="103.79211866296828">
        <ele>4.77</ele>
      </trkpt>
      <trkpt lat="1.2762221228331327" lon="103.79182655364275">
        <ele>4.89</ele>
      </trkpt>
      <trkpt lat="1.2763211131095886" lon="103.79153444431722">
        <ele>4.99</ele>
      </trkpt>
      <trkpt lat="1.2764200195670128" lon="103.79124241881073">
        <ele>4.83</ele>
      </trkpt>
      <trkpt lat="1.276518926024437" lon="103.7909503094852">
        <ele>4.86</ele>
      </trkpt>
      <trkpt lat="1.2766178324818611" lon="103.7906582839787">
        <ele>4.92</ele>
      </trkpt>
      <trkpt lat="1.276716822758317" lon="103.79036617465317">
        <ele>5.07</ele>
      </trkpt>
      <trkpt lat="1.2768157292157412" lon="103.79007406532764">
        <ele>5.13</ele>
      </trkpt>
      <trkpt lat="1.2769146356731653" lon="103.78978203982115">
        <ele>5.19</ele>
      </trkpt>
      <trkpt lat="1.2770136259496212" lon="103.78948993049562">
        <ele>5.32</ele>
      </trkpt>
      <trkpt lat="1.2771125324070454" lon="103.78919782117009">
        <ele>5.52</ele>
      </trkpt>
      <trkpt lat="1.2772114388644695" lon="103.7889057956636">
        <ele>5.67</ele>
      </trkpt>
      <trkpt lat="1.2773104291409254" lon="103.78861368633807">
        <ele>5.75</ele>
      </trkpt>
      <trkpt lat="1.2774093355983496" lon="103.78832166083157">
        <ele>5.85</ele>
      </trkpt>
      <trkpt lat="1.2775082420557737" lon="103.78802955150604">
        <ele>5.88</ele>
      </trkpt>
      <trkpt lat="1.2776072323322296" lon="103.78773744218051">
        <ele>5.97</ele>
      </trkpt>
      <trkpt lat="1.2777061387896538" lon="103.78744541667402">
        <ele>6.03</ele>
      </trkpt>
      <trkpt lat="1.277804458513856" lon="103.78715515136719">
        <ele>6.12</ele>
      </trkpt>
      <trkpt lat="1.2778043746948242" lon="103.78715515136719">
        <ele>6.21</ele>
      </trkpt>
      <trkpt lat="1.2779009342193604" lon="103.7868761178106">
        <ele>6.33</ele>
      </trkpt>
      <trkpt lat="1.2779975775629282" lon="103.78659725189209">
        <ele>6.42</ele>
      </trkpt>
      <trkpt lat="1.2779974937438965" lon="103.78659725189209">
        <ele>6.5</ele>
      </trkpt>
      <trkpt lat="1.2780886888504028" lon="103.78632894717157">
        <ele>6.53</ele>
      </trkpt>
      <trkpt lat="1.2781798839569092" lon="103.78606072627008">
        <ele>6.55</ele>
      </trkpt>
      <trkpt lat="1.2782710790634155" lon="103.78579242154956">
        <ele>6.67</ele>
      </trkpt>
      <trkpt lat="1.2783622741699219" lon="103.78552436828613">
        <ele>6.8</ele>
      </trkpt>
      <trkpt lat="1.2784587498754263" lon="103.78529369831085">
        <ele>6.87</ele>
      </trkpt>
      <trkpt lat="1.2785553093999624" lon="103.78506302833557">
        <ele>7.03</ele>
      </trkpt>
      <trkpt lat="1.2786518689244986" lon="103.78483244217932">
        <ele>7.06</ele>
      </trkpt>
      <trkpt lat="1.2787485122680664" lon="103.78460168838501">
        <ele>7.04</ele>
      </trkpt>
      <trkpt lat="1.278844904154539" lon="103.78445156849921">
        <ele>7.06</ele>
      </trkpt>
      <trkpt lat="1.2789416313171387" lon="103.78430128097534">
        <ele>7.03</ele>
      </trkpt>
      <trkpt lat="1.2791057489812374" lon="103.78413716331124">
        <ele>7.03</ele>
      </trkpt>
      <trkpt lat="1.2792698666453362" lon="103.78397304564714">
        <ele>7.03</ele>
      </trkpt>
      <trkpt lat="1.2794352415949106" lon="103.7838077545166">
        <ele>7.08</ele>
      </trkpt>
      <trkpt lat="1.2796204816550016" lon="103.78367942757905">
        <ele>7.17</ele>
      </trkpt>
      <trkpt lat="1.2798057217150927" lon="103.78355118446052">
        <ele>7.22</ele>
      </trkpt>
      <trkpt lat="1.2799930572509766" lon="103.78342151641846">
        <ele>7.25</ele>
      </trkpt>
      <trkpt lat="1.280238814651966" lon="103.78326117061079">
        <ele>7.2</ele>
      </trkpt>
      <trkpt lat="1.2804846558719873" lon="103.78310082480311">
        <ele>7.08</ele>
      </trkpt>
      <trkpt lat="1.2807304132729769" lon="103.78294056281447">
        <ele>6.98</ele>
      </trkpt>
      <trkpt lat="1.2809762544929981" lon="103.7827802170068">
        <ele>6.93</ele>
      </trkpt>
      <trkpt lat="1.2812220957130194" lon="103.78261995501816">
        <ele>6.83</ele>
      </trkpt>
      <trkpt lat="1.2814736366271973" lon="103.7824559211731">
        <ele>6.81</ele>
      </trkpt>
      <trkpt lat="1.281730206683278" lon="103.78227772191167">
        <ele>6.98</ele>
      </trkpt>
      <trkpt lat="1.281986776739359" lon="103.78209960646927">
        <ele>7.05</ele>
      </trkpt>
      <trkpt lat="1.282246196642518" lon="103.78191947937012">
        <ele>7.13</ele>
      </trkpt>
      <trkpt lat="1.2822461128234863" lon="103.78191947937012">
        <ele>7.13</ele>
      </trkpt>
      <trkpt lat="1.2824813090264797" lon="103.78173767589033">
        <ele>7.25</ele>
      </trkpt>
      <trkpt lat="1.2827165890485048" lon="103.78155587241054">
        <ele>7.33</ele>
      </trkpt>
      <trkpt lat="1.28295186907053" lon="103.78137406893075">
        <ele>7.09</ele>
      </trkpt>
      <trkpt lat="1.2831903342157602" lon="103.78118991851807">
        <ele>7.02</ele>
      </trkpt>
      <trkpt lat="1.2832117918878794" lon="103.78116846084595">
        <ele>7.04</ele>
      </trkpt>
      <trkpt lat="1.2833828665316105" lon="103.78102940507233">
        <ele>7.13</ele>
      </trkpt>
      <trkpt lat="1.2835551146417856" lon="103.7808895111084">
        <ele>7.15</ele>
      </trkpt>
      <trkpt lat="1.283619487658143" lon="103.78082513809204">
        <ele>7.19</ele>
      </trkpt>
      <trkpt lat="1.283769691362977" lon="103.78071784973145">
        <ele>7.21</ele>
      </trkpt>
      <trkpt lat="1.2839763052761555" lon="103.7805681489408">
        <ele>7.21</ele>
      </trkpt>
      <trkpt lat="1.2841830030083656" lon="103.78041844815016">
        <ele>7.22</ele>
      </trkpt>
      <trkpt lat="1.284391963854432" lon="103.78026723861694">
        <ele>7.3</ele>
      </trkpt>
      <trkpt lat="1.2843918800354004" lon="103.78026723861694">
        <ele>7.33</ele>
      </trkpt>
      <trkpt lat="1.284542167559266" lon="103.78013849258423">
        <ele>7.39</ele>
      </trkpt>
      <trkpt lat="1.284691784530878" lon="103.78003153949976">
        <ele>7.45</ele>
      </trkpt>
      <trkpt lat="1.284842574968934" lon="103.77992391586304">
        <ele>7.57</ele>
      </trkpt>
      <trkpt lat="1.2850350234657526" lon="103.77977413125336">
        <ele>7.67</ele>
      </trkpt>
      <trkpt lat="1.2852274719625711" lon="103.77962443046272">
        <ele>7.66</ele>
      </trkpt>
      <trkpt lat="1.2854199204593897" lon="103.77947472967207">
        <ele>7.71</ele>
      </trkpt>
      <trkpt lat="1.2856150511652231" lon="103.7793231010437">
        <ele>7.77</ele>
      </trkpt>
      <trkpt lat="1.285796770825982" lon="103.77918404527009">
        <ele>7.82</ele>
      </trkpt>
      <trkpt lat="1.2859798315912485" lon="103.77904415130615">
        <ele>7.87</ele>
      </trkpt>
      <trkpt lat="1.286200862377882" lon="103.77884441055357">
        <ele>7.97</ele>
      </trkpt>
      <trkpt lat="1.2864218931645155" lon="103.778644669801">
        <ele>8.06</ele>
      </trkpt>
      <trkpt lat="1.2866449356079102" lon="103.77844333648682">
        <ele>8.05</ele>
      </trkpt>
      <trkpt lat="1.2868376355618238" lon="103.77821484580636">
        <ele>8.06</ele>
      </trkpt>
      <trkpt lat="1.2870304193347692" lon="103.77798643894494">
        <ele>8.19</ele>
      </trkpt>
      <trkpt lat="1.2872243765741587" lon="103.777756690979">
        <ele>8.35</ele>
      </trkpt>
      <trkpt lat="1.287224292755127" lon="103.777756690979">
        <ele>8.44</ele>
      </trkpt>
      <trkpt lat="1.2873421423137188" lon="103.77757446840405">
        <ele>8.56</ele>
      </trkpt>
      <trkpt lat="1.2874604109674692" lon="103.77739191055298">
        <ele>8.63</ele>
      </trkpt>
      <trkpt lat="1.2874603271484375" lon="103.77739191055298">
        <ele>8.74</ele>
      </trkpt>
      <trkpt lat="1.2875462416559458" lon="103.77728462219238">
        <ele>8.87</ele>
      </trkpt>
      <trkpt lat="1.287589157000184" lon="103.7771987915039">
        <ele>9.01</ele>
      </trkpt>
      <trkpt lat="1.2876106146723032" lon="103.77715587615967">
        <ele>9.14</ele>
      </trkpt>
      <trkpt lat="1.2877178192138672" lon="103.77696284092963">
        <ele>9.28</ele>
      </trkpt>
      <trkpt lat="1.2878251913934946" lon="103.77676963806152">
        <ele>9.34</ele>
      </trkpt>
      <trkpt lat="1.2879324797540903" lon="103.77657651901245">
        <ele>9.39</ele>
      </trkpt>
      <trkpt lat="1.2879968527704477" lon="103.77649068832397">
        <ele>9.47</ele>
      </trkpt>
      <trkpt lat="1.288039768114686" lon="103.7764048576355">
        <ele>9.6</ele>
      </trkpt>
      <trkpt lat="1.2880826834589243" lon="103.77631902694702">
        <ele>9.73</ele>
      </trkpt>
      <trkpt lat="1.2881255988031626" lon="103.7761902809143">
        <ele>9.83</ele>
      </trkpt>
      <trkpt lat="1.2881255149841309" lon="103.7761902809143">
        <ele>9.94</ele>
      </trkpt>
      <trkpt lat="1.2882488127797842" lon="103.77592214383185">
        <ele>10.14</ele>
      </trkpt>
      <trkpt lat="1.2883721943944693" lon="103.77565400674939">
        <ele>10.27</ele>
      </trkpt>
      <trkpt lat="1.2884914688766003" lon="103.7753945030272">
        <ele>10.26</ele>
      </trkpt>
      <trkpt lat="1.2884954921901226" lon="103.77538586966693">
        <ele>10.34</ele>
      </trkpt>
      <trkpt lat="1.288619041442871" lon="103.77511739730835">
        <ele>10.45</ele>
      </trkpt>
      <trkpt lat="1.288720965385437" lon="103.77483836375177">
        <ele>10.68</ele>
      </trkpt>
      <trkpt lat="1.288822889328003" lon="103.77455941401422">
        <ele>10.78</ele>
      </trkpt>
      <trkpt lat="1.2889248132705688" lon="103.77428046427667">
        <ele>10.8</ele>
      </trkpt>
      <trkpt lat="1.2890268210321665" lon="103.77400159835815">
        <ele>10.95</ele>
      </trkpt>
      <trkpt lat="1.2890267372131348" lon="103.77400159835815">
        <ele>10.99</ele>
      </trkpt>
      <trkpt lat="1.2891018390655518" lon="103.77380847930908">
        <ele>10.97</ele>
      </trkpt>
      <trkpt lat="1.2891770247370005" lon="103.77361536026001">
        <ele>10.88</ele>
      </trkpt>
      <trkpt lat="1.2892199400812387" lon="103.77346515655518">
        <ele>10.8</ele>
      </trkpt>
      <trkpt lat="1.289262855425477" lon="103.7733793258667">
        <ele>10.75</ele>
      </trkpt>
      <trkpt lat="1.2893272284418344" lon="103.77318620681763">
        <ele>10.82</ele>
      </trkpt>
      <trkpt lat="1.2893916014581919" lon="103.7729287147522">
        <ele>10.89</ele>
      </trkpt>
      <trkpt lat="1.2894774321466684" lon="103.77267113886774">
        <ele>10.85</ele>
      </trkpt>
      <trkpt lat="1.289563262835145" lon="103.77241373062134">
        <ele>10.86</ele>
      </trkpt>
      <trkpt lat="1.2895631790161133" lon="103.77241373062134">
        <ele>10.79</ele>
      </trkpt>
      <trkpt lat="1.2896490097045898" lon="103.77215079031885">
        <ele>10.71</ele>
      </trkpt>
      <trkpt lat="1.2897348403930664" lon="103.77188785001636">
        <ele>10.59</ele>
      </trkpt>
      <trkpt lat="1.2898207549005747" lon="103.7716249935329">
        <ele>10.5</ele>
      </trkpt>
      <trkpt lat="1.2899065855890512" lon="103.7713623046875">
        <ele>10.44</ele>
      </trkpt>
      <trkpt lat="1.2899780832231045" lon="103.771154852584">
        <ele>10.36</ele>
      </trkpt>
      <trkpt lat="1.2900495808571577" lon="103.77094740048051">
        <ele>10.12</ele>
      </trkpt>
      <trkpt lat="1.2901211623102427" lon="103.77074003219604">
        <ele>9.91</ele>
      </trkpt>
      <trkpt lat="1.2901211623102427" lon="103.77071857452393">
        <ele>9.74</ele>
      </trkpt>
      <trkpt lat="1.2902069091796875" lon="103.770546996966">
        <ele>9.55</ele>
      </trkpt>
      <trkpt lat="1.2902928236871958" lon="103.77037525177002">
        <ele>9.39</ele>
      </trkpt>
      <trkpt lat="1.2903813365846872" lon="103.77010158263147">
        <ele>9.2</ele>
      </trkpt>
      <trkpt lat="1.2904698494821787" lon="103.76982791349292">
        <ele>8.9</ele>
      </trkpt>
      <trkpt lat="1.2905583623796701" lon="103.76955424435437">
        <ele>8.62</ele>
      </trkpt>
      <trkpt lat="1.2906468752771616" lon="103.76928065903485">
        <ele>8.42</ele>
      </trkpt>
      <trkpt lat="1.290735388174653" lon="103.7690069898963">
        <ele>8.25</ele>
      </trkpt>
      <trkpt lat="1.2908239010721445" lon="103.76873332075775">
        <ele>8.07</ele>
      </trkpt>
      <trkpt lat="1.290912413969636" lon="103.76845973543823">
        <ele>7.84</ele>
      </trkpt>
      <trkpt lat="1.2910008430480957" lon="103.76818656921387">
        <ele>7.58</ele>
      </trkpt>
      <trkpt lat="1.2911222968250513" lon="103.76797928474844">
        <ele>7.33</ele>
      </trkpt>
      <trkpt lat="1.2912438344210386" lon="103.767772000283">
        <ele>7.16</ele>
      </trkpt>
      <trkpt lat="1.2913657072931528" lon="103.76756429672241">
        <ele>6.99</ele>
      </trkpt>
      <trkpt lat="1.2915084511041641" lon="103.76738576218486">
        <ele>6.75</ele>
      </trkpt>
      <trkpt lat="1.2916512787342072" lon="103.7672072276473">
        <ele>6.56</ele>
      </trkpt>
      <trkpt lat="1.2917948607355356" lon="103.76702785491943">
        <ele>6.37</ele>
      </trkpt>
      <trkpt lat="1.291794776916504" lon="103.76702785491943">
        <ele>6.2</ele>
      </trkpt>
      <trkpt lat="1.2919339165091515" lon="103.76686717383564">
        <ele>6.03</ele>
      </trkpt>
      <trkpt lat="1.2920737266540527" lon="103.76670598983765">
        <ele>5.87</ele>
      </trkpt>
      <trkpt lat="1.2923090066760778" lon="103.76650272868574">
        <ele>5.75</ele>
      </trkpt>
      <trkpt lat="1.2925457954406738" lon="103.76629829406738">
        <ele>5.63</ele>
      </trkpt>
      <trkpt lat="1.2927309516817331" lon="103.76618430018425">
        <ele>5.53</ele>
      </trkpt>
      <trkpt lat="1.2929161917418242" lon="103.76607030630112">
        <ele>5.5</ele>
      </trkpt>
      <trkpt lat="1.2931036949157715" lon="103.76595497131348">
        <ele>5.43</ele>
      </trkpt>
      <trkpt lat="1.2933740951120853" lon="103.76584818586707">
        <ele>5.4</ele>
      </trkpt>
      <trkpt lat="1.293644579127431" lon="103.76574140042067">
        <ele>5.33</ele>
      </trkpt>
      <trkpt lat="1.2939150631427765" lon="103.76563469879329">
        <ele>5.31</ele>
      </trkpt>
      <trkpt lat="1.294185547158122" lon="103.76552791334689">
        <ele>5.33</ele>
      </trkpt>
      <trkpt lat="1.294455947354436" lon="103.76542112790048">
        <ele>5.35</ele>
      </trkpt>
      <trkpt lat="1.2947345618158579" lon="103.7653112411499">
        <ele>5.21</ele>
      </trkpt>
      <trkpt lat="1.2949705962091684" lon="103.7652039527893">
        <ele>5.17</ele>
      </trkpt>
      <trkpt lat="1.2950349692255259" lon="103.76518249511719">
        <ele>5.16</ele>
      </trkpt>
      <trkpt lat="1.2950348854064941" lon="103.76518249511719">
        <ele>5.18</ele>
      </trkpt>
      <trkpt lat="1.2952591013163328" lon="103.76508635468781">
        <ele>5.19</ele>
      </trkpt>
      <trkpt lat="1.2954855803400278" lon="103.76498937606812">
        <ele>5.17</ele>
      </trkpt>
      <trkpt lat="1.295485496520996" lon="103.76498937606812">
        <ele>5.24</ele>
      </trkpt>
      <trkpt lat="1.2957631051540375" lon="103.76486121676862">
        <ele>5.33</ele>
      </trkpt>
      <trkpt lat="1.2960407976061106" lon="103.76473305746913">
        <ele>5.46</ele>
      </trkpt>
      <trkpt lat="1.2963184900581837" lon="103.76460489816964">
        <ele>5.58</ele>
      </trkpt>
      <trkpt lat="1.2966013792902231" lon="103.76447439193726">
        <ele>5.77</ele>
      </trkpt>
      <trkpt lat="1.296821990981698" lon="103.76437464728951">
        <ele>5.96</ele>
      </trkpt>
      <trkpt lat="1.2970426864922047" lon="103.7642749864608">
        <ele>6.08</ele>
      </trkpt>
      <trkpt lat="1.2972665671259165" lon="103.76417398452759">
        <ele>6.21</ele>
      </trkpt>
      <trkpt lat="1.297448119148612" lon="103.76407784409821">
        <ele>6.36</ele>
      </trkpt>
      <trkpt lat="1.2976313475519419" lon="103.76398086547852">
        <ele>6.5</ele>
      </trkpt>
      <trkpt lat="1.2977386359125376" lon="103.76393795013428">
        <ele>6.67</ele>
      </trkpt>
      <trkpt lat="1.2978673819452524" lon="103.76387357711792">
        <ele>6.75</ele>
      </trkpt>
      <trkpt lat="1.2981463316828012" lon="103.7637448310852">
        <ele>6.92</ele>
      </trkpt>
      <trkpt lat="1.2982957810163498" lon="103.76367006450891">
        <ele>7.17</ele>
      </trkpt>
      <trkpt lat="1.2984467390924692" lon="103.76359462738037">
        <ele>7.44</ele>
      </trkpt>
      <trkpt lat="1.2986459769308567" lon="103.76350913196802">
        <ele>7.67</ele>
      </trkpt>
      <trkpt lat="1.298845298588276" lon="103.7634237203747">
        <ele>7.77</ele>
      </trkpt>
      <trkpt lat="1.2990475539118052" lon="103.76333713531494">
        <ele>8.57</ele>
      </trkpt>
      <trkpt lat="1.2991119269281626" lon="103.7632942199707">
        <ele>8.71</ele>
      </trkpt>
      <trkpt lat="1.29917629994452" lon="103.76327276229858">
        <ele>9.09</ele>
      </trkpt>
      <trkpt lat="1.2991762161254883" lon="103.76327276229858">
        <ele>9.29</ele>
      </trkpt>
      <trkpt lat="1.2994111608713865" lon="103.76316061243415">
        <ele>9.66</ele>
      </trkpt>
      <trkpt lat="1.2996461056172848" lon="103.76304846256971">
        <ele>9.89</ele>
      </trkpt>
      <trkpt lat="1.299881050363183" lon="103.76293631270528">
        <ele>9.6</ele>
      </trkpt>
      <trkpt lat="1.3001203536987305" lon="103.76282215118408">
        <ele>9.53</ele>
      </trkpt>
      <trkpt lat="1.3003979623317719" lon="103.76269399188459">
        <ele>9.47</ele>
      </trkpt>
      <trkpt lat="1.300675654783845" lon="103.7625658325851">
        <ele>9.68</ele>
      </trkpt>
      <trkpt lat="1.300953347235918" lon="103.7624376732856">
        <ele>10.26</ele>
      </trkpt>
      <trkpt lat="1.3012362364679575" lon="103.76230716705322">
        <ele>10.39</ele>
      </trkpt>
      <trkpt lat="1.3014293555170298" lon="103.76222133636475">
        <ele>10.4</ele>
      </trkpt>
      <trkpt lat="1.3015581015497446" lon="103.76215696334839">
        <ele>10.47</ele>
      </trkpt>
      <trkpt lat="1.3016439322382212" lon="103.76211404800415">
        <ele>10.55</ele>
      </trkpt>
      <trkpt lat="1.3017941359430552" lon="103.7620496749878">
        <ele>10.66</ele>
      </trkpt>
      <trkpt lat="1.3020717445760965" lon="103.7619215156883">
        <ele>10.68</ele>
      </trkpt>
      <trkpt lat="1.3023520354181528" lon="103.76179218292236">
        <ele>10.59</ele>
      </trkpt>
      <trkpt lat="1.3024593237787485" lon="103.76174926757812">
        <ele>10.6</ele>
      </trkpt>
      <trkpt lat="1.3025022391229868" lon="103.761727809906">
        <ele>10.64</ele>
      </trkpt>
      <trkpt lat="1.3027549535036087" lon="103.76159956678748">
        <ele>10.72</ele>
      </trkpt>
      <trkpt lat="1.3030077517032623" lon="103.76147140748799">
        <ele>10.88</ele>
      </trkpt>
      <trkpt lat="1.303260549902916" lon="103.7613432481885">
        <ele>11.02</ele>
      </trkpt>
      <trkpt lat="1.3035132642835379" lon="103.761215088889">
        <ele>11.12</ele>
      </trkpt>
      <trkpt lat="1.3037660624831915" lon="103.76108692958951">
        <ele>11.11</ele>
      </trkpt>
      <trkpt lat="1.3040257338434458" lon="103.76095533370972">
        <ele>11.18</ele>
      </trkpt>
      <trkpt lat="1.3042617682367563" lon="103.760826587677">
        <ele>11.24</ele>
      </trkpt>
      <trkpt lat="1.3044683821499348" lon="103.76067688688636">
        <ele>11.23</ele>
      </trkpt>
      <trkpt lat="1.304675079882145" lon="103.76052718609571">
        <ele>11.18</ele>
      </trkpt>
      <trkpt lat="1.3048840407282114" lon="103.7603759765625">
        <ele>11.2</ele>
      </trkpt>
      <trkpt lat="1.3048839569091797" lon="103.7603759765625">
        <ele>11.18</ele>
      </trkpt>
      <trkpt lat="1.3051405269652605" lon="103.76019417308271">
        <ele>11.36</ele>
      </trkpt>
      <trkpt lat="1.3053990248590708" lon="103.76001119613647">
        <ele>11.47</ele>
      </trkpt>
      <trkpt lat="1.3056020345538855" lon="103.75987222418189">
        <ele>11.3</ele>
      </trkpt>
      <trkpt lat="1.3058067206293344" lon="103.75973224639893">
        <ele>11.14</ele>
      </trkpt>
      <trkpt lat="1.3058066368103027" lon="103.75973224639893">
        <ele>11.05</ele>
      </trkpt>
      <trkpt lat="1.306013334542513" lon="103.75958254560828">
        <ele>10.97</ele>
      </trkpt>
      <trkpt lat="1.306220032274723" lon="103.75943284481764">
        <ele>10.76</ele>
      </trkpt>
      <trkpt lat="1.3064289931207895" lon="103.75928163528442">
        <ele>10.6</ele>
      </trkpt>
      <trkpt lat="1.3064504507929087" lon="103.7592601776123">
        <ele>10.48</ele>
      </trkpt>
      <trkpt lat="1.3066221121698618" lon="103.75913143157959">
        <ele>10.3</ele>
      </trkpt>
      <trkpt lat="1.3068625889718533" lon="103.75895499251783">
        <ele>10.06</ele>
      </trkpt>
      <trkpt lat="1.3071031495928764" lon="103.75877855345607">
        <ele>9.91</ele>
      </trkpt>
      <trkpt lat="1.3073437102138996" lon="103.75860219821334">
        <ele>9.87</ele>
      </trkpt>
      <trkpt lat="1.3075877074152231" lon="103.75842332839966">
        <ele>9.68</ele>
      </trkpt>
      <trkpt lat="1.307769427075982" lon="103.75828427262604">
        <ele>9.44</ele>
      </trkpt>
      <trkpt lat="1.3079524878412485" lon="103.75814437866211">
        <ele>9.23</ele>
      </trkpt>
      <trkpt lat="1.3079524040222168" lon="103.75814437866211">
        <ele>9.07</ele>
      </trkpt>
      <trkpt lat="1.3081456068903208" lon="103.7580156326294">
        <ele>8.89</ele>
      </trkpt>
      <trkpt lat="1.308145523071289" lon="103.7580156326294">
        <ele>8.73</ele>
      </trkpt>
      <trkpt lat="1.3083601836115122" lon="103.75782251358032">
        <ele>8.61</ele>
      </trkpt>
      <trkpt lat="1.3084460142999887" lon="103.75775814056396">
        <ele>8.45</ele>
      </trkpt>
      <trkpt lat="1.3086176756769419" lon="103.75760793685913">
        <ele>8.25</ele>
      </trkpt>
      <trkpt lat="1.30882085300982" lon="103.75743677839637">
        <ele>8.07</ele>
      </trkpt>
      <trkpt lat="1.3090253714472055" lon="103.75726461410522">
        <ele>7.95</ele>
      </trkpt>
      <trkpt lat="1.3091541174799204" lon="103.75715732574463">
        <ele>7.84</ele>
      </trkpt>
      <trkpt lat="1.3092828635126352" lon="103.75702857971191">
        <ele>7.74</ele>
      </trkpt>
      <trkpt lat="1.3094545248895884" lon="103.75692129135132">
        <ele>7.63</ele>
      </trkpt>
      <trkpt lat="1.3094544410705566" lon="103.75692129135132">
        <ele>7.49</ele>
      </trkpt>
      <trkpt lat="1.309657534584403" lon="103.75677159056067">
        <ele>7.34</ele>
      </trkpt>
      <trkpt lat="1.3098621368408203" lon="103.75662088394165">
        <ele>7.17</ele>
      </trkpt>
      <trkpt lat="1.3099479675292969" lon="103.75642776489258">
        <ele>7.0</ele>
      </trkpt>
      <trkpt lat="1.3099479675292969" lon="103.7562346458435">
        <ele>6.93</ele>
      </trkpt>
      <trkpt lat="1.3099265936762094" lon="103.75614881515503">
        <ele>6.83</ele>
      </trkpt>
      <trkpt lat="1.3099265098571777" lon="103.75614881515503">
        <ele>6.7</ele>
      </trkpt>
      <trkpt lat="1.309819221496582" lon="103.75593423843384">
        <ele>6.65</ele>
      </trkpt>
      <trkpt lat="1.309732049703598" lon="103.75581211410463">
        <ele>6.54</ele>
      </trkpt>
      <trkpt lat="1.3096406869590282" lon="103.75568420626223">
        <ele>6.43</ele>
      </trkpt>
      <trkpt lat="1.3094621524214745" lon="103.75543425790966">
        <ele>6.3</ele>
      </trkpt>
      <trkpt lat="1.3092828635126352" lon="103.75518321990967">
        <ele>6.18</ele>
      </trkpt>
      <trkpt lat="1.3092184904962778" lon="103.75509738922119">
        <ele>6.06</ele>
      </trkpt>
      <trkpt lat="1.309196949005127" lon="103.75505447387695">
        <ele>5.94</ele>
      </trkpt>
      <trkpt lat="1.3090898282825947" lon="103.75491516664624">
        <ele>5.78</ele>
      </trkpt>
      <trkpt lat="1.3089823722839355" lon="103.7547755241394">
        <ele>5.59</ele>
      </trkpt>
      <trkpt lat="1.308939540758729" lon="103.75471115112305">
        <ele>5.47</ele>
      </trkpt>
      <trkpt lat="1.3088750839233398" lon="103.75462532043457">
        <ele>5.36</ele>
      </trkpt>
      <trkpt lat="1.3088750839233398" lon="103.75458240509033">
        <ele>5.24</ele>
      </trkpt>
      <trkpt lat="1.3087038416415453" lon="103.75440043397248">
        <ele>5.17</ele>
      </trkpt>
      <trkpt lat="1.3085318449884653" lon="103.7542176246643">
        <ele>5.11</ele>
      </trkpt>
      <trkpt lat="1.308328416198492" lon="103.75400346703827">
        <ele>5.04</ele>
      </trkpt>
      <trkpt lat="1.3081241492182016" lon="103.75378847122192">
        <ele>4.81</ele>
      </trkpt>
      <trkpt lat="1.30812406539917" lon="103.75378847122192">
        <ele>4.68</ele>
      </trkpt>
      <trkpt lat="1.3079221453517675" lon="103.75357129611075">
        <ele>4.39</ele>
      </trkpt>
      <trkpt lat="1.3077203091233969" lon="103.75335412099957">
        <ele>4.11</ele>
      </trkpt>
      <trkpt lat="1.3075184728950262" lon="103.7531369458884">
        <ele>3.98</ele>
      </trkpt>
      <trkpt lat="1.3073166366666555" lon="103.75291985459626">
        <ele>4.04</ele>
      </trkpt>
      <trkpt lat="1.3071148004382849" lon="103.75270267948508">
        <ele>3.97</ele>
      </trkpt>
      <trkpt lat="1.3069129642099142" lon="103.75248550437391">
        <ele>3.75</ele>
      </trkpt>
      <trkpt lat="1.3067079428583384" lon="103.75226497650146">
        <ele>3.62</ele>
      </trkpt>
      <trkpt lat="1.306536616757512" lon="103.75207219272852">
        <ele>3.54</ele>
      </trkpt>
      <trkpt lat="1.3063652906566858" lon="103.7518794927746">
        <ele>3.46</ele>
      </trkpt>
      <trkpt lat="1.306192958727479" lon="103.75168561935425">
        <ele>3.33</ele>
      </trkpt>
      <trkpt lat="1.305989446118474" lon="103.7514500040561">
        <ele>3.16</ele>
      </trkpt>
      <trkpt lat="1.3057852629572153" lon="103.75121355056763">
        <ele>3.13</ele>
      </trkpt>
      <trkpt lat="1.3057637214660645" lon="103.75119209289551">
        <ele>3.04</ele>
      </trkpt>
      <trkpt lat="1.30559247918427" lon="103.75101364217699">
        <ele>2.98</ele>
      </trkpt>
      <trkpt lat="1.3054212369024754" lon="103.7508352752775">
        <ele>2.92</ele>
      </trkpt>
      <trkpt lat="1.3052488211542368" lon="103.75065565109253">
        <ele>2.84</ele>
      </trkpt>
      <trkpt lat="1.3050828594714403" lon="103.75046823173761">
        <ele>2.72</ele>
      </trkpt>
      <trkpt lat="1.3049168977886438" lon="103.75028089620173">
        <ele>2.62</ele>
      </trkpt>
      <trkpt lat="1.3047509361058474" lon="103.75009356066585">
        <ele>2.57</ele>
      </trkpt>
      <trkpt lat="1.3045836333185434" lon="103.74990463256836">
        <ele>2.51</ele>
      </trkpt>
      <trkpt lat="1.3045835494995117" lon="103.74990463256836">
        <ele>2.4</ele>
      </trkpt>
      <trkpt lat="1.3044014945626259" lon="103.74967966228724">
        <ele>2.24</ele>
      </trkpt>
      <trkpt lat="1.304218852892518" lon="103.74945402145386">
        <ele>2.05</ele>
      </trkpt>
      <trkpt lat="1.3042187690734863" lon="103.74945402145386">
        <ele>1.94</ele>
      </trkpt>
      <trkpt lat="1.304068649187684" lon="103.74920742586255">
        <ele>1.85</ele>
      </trkpt>
      <trkpt lat="1.3039183616638184" lon="103.74896049499512">
        <ele>1.82</ele>
      </trkpt>
      <trkpt lat="1.3037824910134077" lon="103.7486816290766">
        <ele>1.8</ele>
      </trkpt>
      <trkpt lat="1.3036467041820288" lon="103.74840276315808">
        <ele>1.51</ele>
      </trkpt>
      <trkpt lat="1.3035107497125864" lon="103.74812364578247">
        <ele>1.23</ele>
      </trkpt>
      <trkpt lat="1.3034248352050781" lon="103.74786606989801">
        <ele>1.04</ele>
      </trkpt>
      <trkpt lat="1.3033390883356333" lon="103.74760866165161">
        <ele>0.92</ele>
      </trkpt>
      <trkpt lat="1.3032747153192759" lon="103.74739408493042">
        <ele>0.82</ele>
      </trkpt>
      <trkpt lat="1.3032746315002441" lon="103.74739408493042">
        <ele>0.71</ele>
      </trkpt>
      <trkpt lat="1.3032209873199463" lon="103.74717934057117">
        <ele>0.63</ele>
      </trkpt>
      <trkpt lat="1.3031674269586802" lon="103.74696493148804">
        <ele>0.59</ele>
      </trkpt>
      <trkpt lat="1.3031458854675293" lon="103.74685764312744">
        <ele>0.53</ele>
      </trkpt>
      <trkpt lat="1.3031243439763784" lon="103.74657123349607">
        <ele>0.53</ele>
      </trkpt>
      <trkpt lat="1.3031028863042593" lon="103.74628490768373">
        <ele>0.52</ele>
      </trkpt>
      <trkpt lat="1.3030815124511719" lon="103.74599933624268">
        <ele>0.42</ele>
      </trkpt>
      <trkpt lat="1.303102970123291" lon="103.74573446810246">
        <ele>0.34</ele>
      </trkpt>
      <trkpt lat="1.3031245116144419" lon="103.74546959996223">
        <ele>0.19</ele>
      </trkpt>
      <trkpt lat="1.303145969286561" lon="103.74520540237427">
        <ele>-0.02</ele>
      </trkpt>
      <trkpt lat="1.3031781557947397" lon="103.74503357335925">
        <ele>-0.24</ele>
      </trkpt>
      <trkpt lat="1.3032103423029184" lon="103.74486207962036">
        <ele>-0.35</ele>
      </trkpt>
      <trkpt lat="1.3033068180084229" lon="103.74457231722772">
        <ele>-0.4</ele>
      </trkpt>
      <trkpt lat="1.303403377532959" lon="103.74428272247314">
        <ele>-0.16</ele>
      </trkpt>
      <trkpt lat="1.3035249151289463" lon="103.74401098117232">
        <ele>-0.05</ele>
      </trkpt>
      <trkpt lat="1.3036465365439653" lon="103.7437392398715">
        <ele>-0.11</ele>
      </trkpt>
      <trkpt lat="1.303768241778016" lon="103.74346733093262">
        <ele>-0.04</ele>
      </trkpt>
      <trkpt lat="1.3037681579589844" lon="103.74346733093262">
        <ele>-0.01</ele>
      </trkpt>
      <trkpt lat="1.3039251510053873" lon="103.74327454715967">
        <ele>0.08</ele>
      </trkpt>
      <trkpt lat="1.304082227870822" lon="103.74308176338673">
        <ele>0.13</ele>
      </trkpt>
      <trkpt lat="1.3042402267456055" lon="103.7428879737854">
        <ele>0.16</ele>
      </trkpt>
      <trkpt lat="1.3044330105185509" lon="103.74264162965119">
        <ele>0.22</ele>
      </trkpt>
      <trkpt lat="1.3046265486627817" lon="103.74239444732666">
        <ele>0.35</ele>
      </trkpt>
      <trkpt lat="1.3047338370233774" lon="103.74226570129395">
        <ele>0.47</ele>
      </trkpt>
      <trkpt lat="1.3048622477799654" lon="103.74213720671833">
        <ele>0.5</ele>
      </trkpt>
      <trkpt lat="1.304991329088807" lon="103.74200820922852">
        <ele>0.5</ele>
      </trkpt>
      <trkpt lat="1.305120075121522" lon="103.74192237854004">
        <ele>0.62</ele>
      </trkpt>
      <trkpt lat="1.3053446263074875" lon="103.74172976240516">
        <ele>0.69</ele>
      </trkpt>
      <trkpt lat="1.3055692613124847" lon="103.7415372300893">
        <ele>0.79</ele>
      </trkpt>
      <trkpt lat="1.305793896317482" lon="103.74134469777346">
        <ele>0.91</ele>
      </trkpt>
      <trkpt lat="1.3060185313224792" lon="103.7411521654576">
        <ele>1.01</ele>
      </trkpt>
      <trkpt lat="1.3062431663274765" lon="103.74095963314176">
        <ele>1.14</ele>
      </trkpt>
      <trkpt lat="1.3064719084650278" lon="103.7407636642456">
        <ele>1.34</ele>
      </trkpt>
      <trkpt lat="1.3066358584910631" lon="103.74062812887132">
        <ele>1.43</ele>
      </trkpt>
      <trkpt lat="1.3067998923361301" lon="103.74049267731607">
        <ele>1.52</ele>
      </trkpt>
      <trkpt lat="1.306965434923768" lon="103.74035596847534">
        <ele>1.68</ele>
      </trkpt>
      <trkpt lat="1.3071370963007212" lon="103.74024868011475">
        <ele>1.88</ele>
      </trkpt>
      <trkpt lat="1.3072657585144043" lon="103.74011993408203">
        <ele>2.01</ele>
      </trkpt>
      <trkpt lat="1.3074918184429407" lon="103.73993963934481">
        <ele>2.15</ele>
      </trkpt>
      <trkpt lat="1.3077179621905088" lon="103.73975934460759">
        <ele>2.34</ele>
      </trkpt>
      <trkpt lat="1.3079440221190453" lon="103.73957904987037">
        <ele>2.18</ele>
      </trkpt>
      <trkpt lat="1.3081701658666134" lon="103.73939883895218">
        <ele>2.26</ele>
      </trkpt>
      <trkpt lat="1.3083963096141815" lon="103.73921854421496">
        <ele>2.44</ele>
      </trkpt>
      <trkpt lat="1.308622369542718" lon="103.73903824947774">
        <ele>2.54</ele>
      </trkpt>
      <trkpt lat="1.3088537100702524" lon="103.738853931427">
        <ele>2.56</ele>
      </trkpt>
      <trkpt lat="1.3090675324201584" lon="103.73868277296424">
        <ele>2.65</ele>
      </trkpt>
      <trkpt lat="1.3092813547700644" lon="103.73851169832051">
        <ele>2.92</ele>
      </trkpt>
      <trkpt lat="1.309497356414795" lon="103.73833894729614">
        <ele>2.92</ele>
      </trkpt>
      <trkpt lat="1.3096900563687086" lon="103.73812478967011">
        <ele>2.95</ele>
      </trkpt>
      <trkpt lat="1.3098835945129395" lon="103.73790979385376">
        <ele>3.13</ele>
      </trkpt>
      <trkpt lat="1.3100265059620142" lon="103.73767392709851">
        <ele>3.31</ele>
      </trkpt>
      <trkpt lat="1.310169417411089" lon="103.7374381441623">
        <ele>3.32</ele>
      </trkpt>
      <trkpt lat="1.310312831774354" lon="103.73720169067383">
        <ele>3.44</ele>
      </trkpt>
      <trkpt lat="1.3104128278791904" lon="103.73697998933494">
        <ele>3.5</ele>
      </trkpt>
      <trkpt lat="1.3105129078030586" lon="103.73675828799605">
        <ele>3.55</ele>
      </trkpt>
      <trkpt lat="1.3106131553649902" lon="103.73653650283813">
        <ele>3.78</ele>
      </trkpt>
      <trkpt lat="1.310691861435771" lon="103.7362430524081">
        <ele>3.95</ele>
      </trkpt>
      <trkpt lat="1.3107705675065517" lon="103.7359496857971">
        <ele>4.06</ele>
      </trkpt>
      <trkpt lat="1.3108492735773325" lon="103.73565673828125">
        <ele>4.1</ele>
      </trkpt>
      <trkpt lat="1.3108491897583008" lon="103.73565673828125">
        <ele>4.19</ele>
      </trkpt>
      <trkpt lat="1.3108921889215708" lon="103.73554944992065">
        <ele>4.19</ele>
      </trkpt>
      <trkpt lat="1.310945749282837" lon="103.73525951988995">
        <ele>4.11</ele>
      </trkpt>
      <trkpt lat="1.3109993934631348" lon="103.73497009277344">
        <ele>4.16</ele>
      </trkpt>
      <trkpt lat="1.3110637664794922" lon="103.73470170423388">
        <ele>4.34</ele>
      </trkpt>
      <trkpt lat="1.3111282233148813" lon="103.73443365097046">
        <ele>4.44</ele>
      </trkpt>
      <trkpt lat="1.3111281394958496" lon="103.7343692779541">
        <ele>4.51</ele>
      </trkpt>
      <trkpt lat="1.3111495971679688" lon="103.7342619895935">
        <ele>4.59</ele>
      </trkpt>
      <trkpt lat="1.3111711386591196" lon="103.73419761657715">
        <ele>4.67</ele>
      </trkpt>
      <trkpt lat="1.311171054840088" lon="103.73419761657715">
        <ele>4.75</ele>
      </trkpt>
      <trkpt lat="1.3112032413482666" lon="103.73400432989001">
        <ele>4.87</ele>
      </trkpt>
      <trkpt lat="1.311235511675477" lon="103.733811378479">
        <ele>5.0</ele>
      </trkpt>
      <trkpt lat="1.3112354278564453" lon="103.733811378479">
        <ele>5.08</ele>
      </trkpt>
      <trkpt lat="1.3112966995686293" lon="103.73351382091641">
        <ele>5.3</ele>
      </trkpt>
      <trkpt lat="1.311358055099845" lon="103.73321634717286">
        <ele>5.27</ele>
      </trkpt>
      <trkpt lat="1.3114194106310606" lon="103.73291878961027">
        <ele>5.15</ele>
      </trkpt>
      <trkpt lat="1.3114807661622763" lon="103.73262131586671">
        <ele>5.24</ele>
      </trkpt>
      <trkpt lat="1.311542121693492" lon="103.73232375830412">
        <ele>5.45</ele>
      </trkpt>
      <trkpt lat="1.3116034772247076" lon="103.73202628456056">
        <ele>5.57</ele>
      </trkpt>
      <trkpt lat="1.3116646651178598" lon="103.73172998428345">
        <ele>5.61</ele>
      </trkpt>
      <trkpt lat="1.3117504958063364" lon="103.73145095072687">
        <ele>5.66</ele>
      </trkpt>
      <trkpt lat="1.311836326494813" lon="103.73117191717029">
        <ele>5.84</ele>
      </trkpt>
      <trkpt lat="1.3119221571832895" lon="103.7308931350708">
        <ele>5.86</ele>
      </trkpt>
      <trkpt lat="1.3119220733642578" lon="103.7308931350708">
        <ele>5.88</ele>
      </trkpt>
      <trkpt lat="1.3119692634791136" lon="103.73063111677766">
        <ele>5.78</ele>
      </trkpt>
      <trkpt lat="1.312016537413001" lon="103.73036918230355">
        <ele>5.76</ele>
      </trkpt>
      <trkpt lat="1.3120638113468885" lon="103.73010724782944">
        <ele>5.87</ele>
      </trkpt>
      <trkpt lat="1.312111085280776" lon="103.72984531335533">
        <ele>5.9</ele>
      </trkpt>
      <trkpt lat="1.3121581915766" lon="103.72958421707153">
        <ele>5.75</ele>
      </trkpt>
      <trkpt lat="1.3122225645929575" lon="103.72930509969592">
        <ele>5.57</ele>
      </trkpt>
      <trkpt lat="1.312286937609315" lon="103.72902598232031">
        <ele>5.6</ele>
      </trkpt>
      <trkpt lat="1.3123513106256723" lon="103.72874736785889">
        <ele>5.69</ele>
      </trkpt>
      <trkpt lat="1.3123942259699106" lon="103.72853262349963">
        <ele>5.73</ele>
      </trkpt>
      <trkpt lat="1.312437141314149" lon="103.72831796295941">
        <ele>5.74</ele>
      </trkpt>
      <trkpt lat="1.3124800566583872" lon="103.72810363769531">
        <ele>5.67</ele>
      </trkpt>
      <trkpt lat="1.3124799728393555" lon="103.72810363769531">
        <ele>5.69</ele>
      </trkpt>
      <trkpt lat="1.3125351257622242" lon="103.72782753780484">
        <ele>5.62</ele>
      </trkpt>
      <trkpt lat="1.3125903625041246" lon="103.7275515217334">
        <ele>5.66</ele>
      </trkpt>
      <trkpt lat="1.312645599246025" lon="103.72727542184293">
        <ele>5.71</ele>
      </trkpt>
      <trkpt lat="1.3127008359879255" lon="103.7269994057715">
        <ele>5.77</ele>
      </trkpt>
      <trkpt lat="1.312756072729826" lon="103.72672338970006">
        <ele>5.85</ele>
      </trkpt>
      <trkpt lat="1.3128112256526947" lon="103.72644728980958">
        <ele>5.93</ele>
      </trkpt>
      <trkpt lat="1.3128662947565317" lon="103.72617244720459">
        <ele>6.06</ele>
      </trkpt>
      <trkpt lat="1.3128662109375" lon="103.72617244720459">
        <ele>6.16</ele>
      </trkpt>
      <trkpt lat="1.3129213638603687" lon="103.72588712722063">
        <ele>6.42</ele>
      </trkpt>
      <trkpt lat="1.3129766006022692" lon="103.7256018910557">
        <ele>6.63</ele>
      </trkpt>
      <trkpt lat="1.3130318373441696" lon="103.72531665489078">
        <ele>6.81</ele>
      </trkpt>
      <trkpt lat="1.31308707408607" lon="103.72503141872585">
        <ele>6.88</ele>
      </trkpt>
      <trkpt lat="1.3131423108279705" lon="103.72474618256092">
        <ele>6.87</ele>
      </trkpt>
      <trkpt lat="1.3131974637508392" lon="103.72446086257696">
        <ele>6.94</ele>
      </trkpt>
      <trkpt lat="1.3132525328546762" lon="103.72417688369751">
        <ele>7.06</ele>
      </trkpt>
      <trkpt lat="1.3132524490356445" lon="103.72417688369751">
        <ele>7.21</ele>
      </trkpt>
      <trkpt lat="1.3133060932159424" lon="103.72392995283008">
        <ele>7.45</ele>
      </trkpt>
      <trkpt lat="1.313359821215272" lon="103.72368335723877">
        <ele>7.67</ele>
      </trkpt>
      <trkpt lat="1.313381278887391" lon="103.72357606887817">
        <ele>7.86</ele>
      </trkpt>
      <trkpt lat="1.3134241104125977" lon="103.72340440750122">
        <ele>8.09</ele>
      </trkpt>
      <trkpt lat="1.3134671095758677" lon="103.72323274612427">
        <ele>8.34</ele>
      </trkpt>
      <trkpt lat="1.313510024920106" lon="103.72299671173096">
        <ele>8.55</ele>
      </trkpt>
      <trkpt lat="1.313531482592225" lon="103.7229323387146">
        <ele>8.72</ele>
      </trkpt>
      <trkpt lat="1.3135957717895508" lon="103.72265338897705">
        <ele>8.89</ele>
      </trkpt>
      <trkpt lat="1.3136558700352907" lon="103.72235708869994">
        <ele>9.09</ele>
      </trkpt>
      <trkpt lat="1.3137159682810307" lon="103.72206078842282">
        <ele>9.23</ele>
      </trkpt>
      <trkpt lat="1.3137760665267706" lon="103.72176448814571">
        <ele>9.06</ele>
      </trkpt>
      <trkpt lat="1.3138361647725105" lon="103.7214681878686">
        <ele>8.95</ele>
      </trkpt>
      <trkpt lat="1.3138961791992188" lon="103.72117280960083">
        <ele>9.46</ele>
      </trkpt>
      <trkpt lat="1.3139534275978804" lon="103.72091514989734">
        <ele>10.01</ele>
      </trkpt>
      <trkpt lat="1.314010675996542" lon="103.72065749019384">
        <ele>9.71</ele>
      </trkpt>
      <trkpt lat="1.3140679243952036" lon="103.72040033340454">
        <ele>9.31</ele>
      </trkpt>
      <trkpt lat="1.3141108397394419" lon="103.72016429901123">
        <ele>9.13</ele>
      </trkpt>
      <trkpt lat="1.3141644839197397" lon="103.71988509781659">
        <ele>9.22</ele>
      </trkpt>
      <trkpt lat="1.3142181281000376" lon="103.71960639953613">
        <ele>9.31</ele>
      </trkpt>
      <trkpt lat="1.3142181281000376" lon="103.71958494186401">
        <ele>9.34</ele>
      </trkpt>
      <trkpt lat="1.3142395857721567" lon="103.7194561958313">
        <ele>9.38</ele>
      </trkpt>
      <trkpt lat="1.3142610434442759" lon="103.71937036514282">
        <ele>9.38</ele>
      </trkpt>
      <trkpt lat="1.3142932299524546" lon="103.71918780729175">
        <ele>9.39</ele>
      </trkpt>
      <trkpt lat="1.3143254164606333" lon="103.7190055847168">
        <ele>9.3</ele>
      </trkpt>
      <trkpt lat="1.3143253326416016" lon="103.7190055847168">
        <ele>9.32</ele>
      </trkpt>
      <trkpt lat="1.3143789768218994" lon="103.71870492585003">
        <ele>9.23</ele>
      </trkpt>
      <trkpt lat="1.314432704821229" lon="103.7184043508023">
        <ele>9.34</ele>
      </trkpt>
      <trkpt lat="1.3144863490015268" lon="103.71810377575457">
        <ele>9.38</ele>
      </trkpt>
      <trkpt lat="1.3145399931818247" lon="103.71780395507812">
        <ele>9.47</ele>
      </trkpt>
      <trkpt lat="1.3145327847450972" lon="103.71751042082906">
        <ele>9.52</ele>
      </trkpt>
      <trkpt lat="1.3145255763083696" lon="103.71721688657999">
        <ele>9.56</ele>
      </trkpt>
      <trkpt lat="1.3145184516906738" lon="103.71692419052124">
        <ele>9.66</ele>
      </trkpt>
      <trkpt lat="1.3144926354289055" lon="103.7166106235236">
        <ele>9.77</ele>
      </trkpt>
      <trkpt lat="1.3144669029861689" lon="103.71629705652595">
        <ele>9.88</ele>
      </trkpt>
      <trkpt lat="1.3144411705434322" lon="103.71598357334733">
        <ele>9.98</ele>
      </trkpt>
      <trkpt lat="1.3144154381006956" lon="103.71567000634968">
        <ele>10.08</ele>
      </trkpt>
      <trkpt lat="1.3143897894769907" lon="103.71535778045654">
        <ele>10.12</ele>
      </trkpt>
      <trkpt lat="1.3143897894769907" lon="103.71529340744019">
        <ele>10.21</ele>
      </trkpt>
      <trkpt lat="1.3143639732152224" lon="103.71502711437643">
        <ele>10.26</ele>
      </trkpt>
      <trkpt lat="1.3143382407724857" lon="103.71476082131267">
        <ele>10.34</ele>
      </trkpt>
      <trkpt lat="1.3143124245107174" lon="103.7144945282489">
        <ele>10.48</ele>
      </trkpt>
      <trkpt lat="1.3142866920679808" lon="103.71422823518515">
        <ele>10.65</ele>
      </trkpt>
      <trkpt lat="1.3142610434442759" lon="103.7139630317688">
        <ele>10.88</ele>
      </trkpt>
      <trkpt lat="1.3142426032572985" lon="103.71366849169135">
        <ele>11.1</ele>
      </trkpt>
      <trkpt lat="1.314224163070321" lon="103.7133739516139">
        <ele>11.29</ele>
      </trkpt>
      <trkpt lat="1.3142058067023754" lon="103.71307941153646">
        <ele>11.3</ele>
      </trkpt>
      <trkpt lat="1.314187366515398" lon="103.71278495527804">
        <ele>11.3</ele>
      </trkpt>
      <trkpt lat="1.3141689263284206" lon="103.71249041520059">
        <ele>11.4</ele>
      </trkpt>
      <trkpt lat="1.314150569960475" lon="103.71219587512314">
        <ele>11.53</ele>
      </trkpt>
      <trkpt lat="1.314132297411561" lon="103.71190309524536">
        <ele>11.7</ele>
      </trkpt>
      <trkpt lat="1.3141322135925293" lon="103.71190309524536">
        <ele>11.76</ele>
      </trkpt>
      <trkpt lat="1.314117880538106" lon="103.71166680939496">
        <ele>11.92</ele>
      </trkpt>
      <trkpt lat="1.3141035474836826" lon="103.71143060736358">
        <ele>12.05</ele>
      </trkpt>
      <trkpt lat="1.314089298248291" lon="103.71119499206543">
        <ele>12.12</ele>
      </trkpt>
      <trkpt lat="1.3140677567571402" lon="103.7109443731606">
        <ele>12.07</ele>
      </trkpt>
      <trkpt lat="1.314046299085021" lon="103.7106938380748">
        <ele>12.11</ele>
      </trkpt>
      <trkpt lat="1.3140249252319336" lon="103.71044397354126">
        <ele>12.11</ele>
      </trkpt>
      <trkpt lat="1.3138961791992188" lon="103.71016502380371">
        <ele>11.99</ele>
      </trkpt>
      <trkpt lat="1.3137675169855356" lon="103.71007919311523">
        <ele>11.87</ele>
      </trkpt>
      <trkpt lat="1.313681686297059" lon="103.70977878570557">
        <ele>11.6</ele>
      </trkpt>
      <trkpt lat="1.3137675169855356" lon="103.70956420898438">
        <ele>11.43</ele>
      </trkpt>
      <trkpt lat="1.3138318061828613" lon="103.70949983596802">
        <ele>11.28</ele>
      </trkpt>
      <trkpt lat="1.3139605522155762" lon="103.70922088623047">
        <ele>11.13</ele>
      </trkpt>
      <trkpt lat="1.313967676833272" lon="103.70897747576237">
        <ele>10.92</ele>
      </trkpt>
      <trkpt lat="1.3139748014509678" lon="103.70873406529427">
        <ele>10.69</ele>
      </trkpt>
      <trkpt lat="1.3139820098876953" lon="103.70849132537842">
        <ele>10.47</ele>
      </trkpt>
      <trkpt lat="1.314014196395874" lon="103.70827658101916">
        <ele>10.29</ele>
      </trkpt>
      <trkpt lat="1.3140464667230844" lon="103.70806217193604">
        <ele>10.1</ele>
      </trkpt>
      <trkpt lat="1.3140464667230844" lon="103.70784759521484">
        <ele>9.87</ele>
      </trkpt>
      <trkpt lat="1.3140464667230844" lon="103.70759010314941">
        <ele>9.69</ele>
      </trkpt>
      <trkpt lat="1.3140535913407803" lon="103.70734669268131">
        <ele>9.51</ele>
      </trkpt>
      <trkpt lat="1.314060715958476" lon="103.70710328221321">
        <ele>9.23</ele>
      </trkpt>
      <trkpt lat="1.3140679243952036" lon="103.70686054229736">
        <ele>8.93</ele>
      </trkpt>
      <trkpt lat="1.3140679243952036" lon="103.70655979961157">
        <ele>8.69</ele>
      </trkpt>
      <trkpt lat="1.3140679243952036" lon="103.7062591407448">
        <ele>8.51</ele>
      </trkpt>
      <trkpt lat="1.3140679243952036" lon="103.70595932006836">
        <ele>8.34</ele>
      </trkpt>
      <trkpt lat="1.3140679243952036" lon="103.70587348937988">
        <ele>8.15</ele>
      </trkpt>
      <trkpt lat="1.3140517473220825" lon="103.70557819493115">
        <ele>7.91</ele>
      </trkpt>
      <trkpt lat="1.3140356540679932" lon="103.70528290048242">
        <ele>7.74</ele>
      </trkpt>
      <trkpt lat="1.3140195608139038" lon="103.70498760603368">
        <ele>7.65</ele>
      </trkpt>
      <trkpt lat="1.3140035513788462" lon="103.70469331741333">
        <ele>7.56</ele>
      </trkpt>
      <trkpt lat="1.3139606360346079" lon="103.70441436767578">
        <ele>7.35</ele>
      </trkpt>
      <trkpt lat="1.313917636871338" lon="103.70425335131586">
        <ele>7.13</ele>
      </trkpt>
      <trkpt lat="1.3138748053461313" lon="103.704092502594">
        <ele>6.97</ele>
      </trkpt>
      <trkpt lat="1.3137960992753506" lon="103.70381338521838">
        <ele>6.86</ele>
      </trkpt>
      <trkpt lat="1.3137173932045698" lon="103.7035343516618">
        <ele>6.86</ele>
      </trkpt>
      <trkpt lat="1.3136387709528208" lon="103.70325565338135">
        <ele>6.89</ele>
      </trkpt>
      <trkpt lat="1.3135957717895508" lon="103.70301945134997">
        <ele>6.81</ele>
      </trkpt>
      <trkpt lat="1.3135529402643442" lon="103.70278358459473">
        <ele>6.71</ele>
      </trkpt>
      <trkpt lat="1.313542127609253" lon="103.70262248441577">
        <ele>6.7</ele>
      </trkpt>
      <trkpt lat="1.313531482592225" lon="103.70246171951294">
        <ele>6.7</ele>
      </trkpt>
      <trkpt lat="1.3135743979364634" lon="103.70217178948224">
        <ele>6.74</ele>
      </trkpt>
      <trkpt lat="1.3136173132807016" lon="103.70188236236572">
        <ele>6.77</ele>
      </trkpt>
      <trkpt lat="1.313681686297059" lon="103.70158195495605">
        <ele>6.79</ele>
      </trkpt>
      <trkpt lat="1.3137031439691782" lon="103.70147466659546">
        <ele>6.85</ele>
      </trkpt>
      <trkpt lat="1.3137030601501465" lon="103.70147466659546">
        <ele>6.94</ele>
      </trkpt>
      <trkpt lat="1.3137759827077389" lon="103.70117409154773">
        <ele>7.1</ele>
      </trkpt>
      <trkpt lat="1.313848989084363" lon="103.7008735165">
        <ele>7.22</ele>
      </trkpt>
      <trkpt lat="1.313921995460987" lon="103.70057294145226">
        <ele>7.3</ele>
      </trkpt>
      <trkpt lat="1.3139950018376112" lon="103.70027245022357">
        <ele>7.46</ele>
      </trkpt>
      <trkpt lat="1.3140680082142353" lon="103.69997187517583">
        <ele>7.67</ele>
      </trkpt>
      <trkpt lat="1.3141409307718277" lon="103.6996713001281">
        <ele>7.88</ele>
      </trkpt>
      <trkpt lat="1.3142139371484518" lon="103.6993708088994">
        <ele>8.06</ele>
      </trkpt>
      <trkpt lat="1.314286943525076" lon="103.69907023385167">
        <ele>8.34</ele>
      </trkpt>
      <trkpt lat="1.3143599499017" lon="103.69876965880394">
        <ele>8.57</ele>
      </trkpt>
      <trkpt lat="1.3144326210021973" lon="103.69847059249878">
        <ele>8.8</ele>
      </trkpt>
      <trkpt lat="1.3145185355097055" lon="103.69821310043335">
        <ele>9.07</ele>
      </trkpt>
      <trkpt lat="1.3145185355097055" lon="103.69814872741699">
        <ele>9.32</ele>
      </trkpt>
      <trkpt lat="1.3145972415804863" lon="103.69786248542368">
        <ele>9.58</ele>
      </trkpt>
      <trkpt lat="1.314675947651267" lon="103.69757624343038">
        <ele>9.82</ele>
      </trkpt>
      <trkpt lat="1.314754569903016" lon="103.69729042053223">
        <ele>9.97</ele>
      </trkpt>
      <trkpt lat="1.3148332759737968" lon="103.6969898454845">
        <ele>10.17</ele>
      </trkpt>
      <trkpt lat="1.3149119820445776" lon="103.6966893542558">
        <ele>10.46</ele>
      </trkpt>
      <trkpt lat="1.3149906042963266" lon="103.69638919830322">
        <ele>10.8</ele>
      </trkpt>
      <trkpt lat="1.3150227908045053" lon="103.69620664045215">
        <ele>11.11</ele>
      </trkpt>
      <trkpt lat="1.315054977312684" lon="103.6960244178772">
        <ele>11.39</ele>
      </trkpt>
      <trkpt lat="1.3150764349848032" lon="103.6959171295166">
        <ele>11.69</ele>
      </trkpt>
      <trkpt lat="1.3150978088378906" lon="103.695809841156">
        <ele>11.96</ele>
      </trkpt>
      <trkpt lat="1.3151193503290415" lon="103.69565963745117">
        <ele>12.23</ele>
      </trkpt>
      <trkpt lat="1.3151408080011606" lon="103.69542335160077">
        <ele>12.51</ele>
      </trkpt>
      <trkpt lat="1.3151622656732798" lon="103.69518756866455">
        <ele>12.79</ele>
      </trkpt>
      <trkpt lat="1.315162181854248" lon="103.69518756866455">
        <ele>13.1</ele>
      </trkpt>
      <trkpt lat="1.3151879142969847" lon="103.69492127560079">
        <ele>13.38</ele>
      </trkpt>
      <trkpt lat="1.3152136467397213" lon="103.69465498253703">
        <ele>13.68</ele>
      </trkpt>
      <trkpt lat="1.3152394630014896" lon="103.69438868947327">
        <ele>14.0</ele>
      </trkpt>
      <trkpt lat="1.3152651954442263" lon="103.69412239640951">
        <ele>14.34</ele>
      </trkpt>
      <trkpt lat="1.315290927886963" lon="103.69385719299316">
        <ele>14.73</ele>
      </trkpt>
      <trkpt lat="1.3152801152318716" lon="103.6936101783067">
        <ele>15.14</ele>
      </trkpt>
      <trkpt lat="1.3152694702148438" lon="103.69336366653442">
        <ele>15.53</ele>
      </trkpt>
      <trkpt lat="1.315240804105997" lon="103.6930987983942">
        <ele>15.91</ele>
      </trkpt>
      <trkpt lat="1.3152122218161821" lon="103.69283393025398">
        <ele>16.23</ele>
      </trkpt>
      <trkpt lat="1.3151835557073355" lon="103.69256906211376">
        <ele>16.5</ele>
      </trkpt>
      <trkpt lat="1.3151549734175205" lon="103.69230427779257">
        <ele>16.78</ele>
      </trkpt>
      <trkpt lat="1.3151263073086739" lon="103.69203940965235">
        <ele>16.95</ele>
      </trkpt>
      <trkpt lat="1.3150978926569223" lon="103.69177579879761">
        <ele>17.11</ele>
      </trkpt>
      <trkpt lat="1.3150763511657715" lon="103.69161469861865">
        <ele>17.31</ele>
      </trkpt>
      <trkpt lat="1.315054977312684" lon="103.69145393371582">
        <ele>17.46</ele>
      </trkpt>
      <trkpt lat="1.3150120619684458" lon="103.69117498397827">
        <ele>17.58</ele>
      </trkpt>
      <trkpt lat="1.3149906042963266" lon="103.69089603424072">
        <ele>17.69</ele>
      </trkpt>
      <trkpt lat="1.3149691466242075" lon="103.69081020355225">
        <ele>17.83</ele>
      </trkpt>
      <trkpt lat="1.3149476889520884" lon="103.69072437286377">
        <ele>17.96</ele>
      </trkpt>
      <trkpt lat="1.314883315935731" lon="103.6904239654541">
        <ele>18.1</ele>
      </trkpt>
      <trkpt lat="1.3147974014282227" lon="103.69014493189752">
        <ele>18.23</ele>
      </trkpt>
      <trkpt lat="1.3147116545587778" lon="103.689866065979">
        <ele>18.34</ele>
      </trkpt>
      <trkpt lat="1.314711570739746" lon="103.689866065979">
        <ele>18.37</ele>
      </trkpt>
      <trkpt lat="1.3145935535430908" lon="103.6896247509867">
        <ele>18.37</ele>
      </trkpt>
      <trkpt lat="1.3144756201654673" lon="103.68938343599439">
        <ele>18.39</ele>
      </trkpt>
      <trkpt lat="1.3143576867878437" lon="103.68914212100208">
        <ele>18.4</ele>
      </trkpt>
      <trkpt lat="1.3142395857721567" lon="103.68890047073364">
        <ele>18.28</ele>
      </trkpt>
      <trkpt lat="1.3140965905040503" lon="103.68864314630628">
        <ele>18.15</ele>
      </trkpt>
      <trkpt lat="1.3139536790549755" lon="103.68838582187891">
        <ele>18.07</ele>
      </trkpt>
      <trkpt lat="1.313810432329774" lon="103.68812799453735">
        <ele>17.9</ele>
      </trkpt>
      <trkpt lat="1.3136710412800312" lon="103.68788139894605">
        <ele>17.67</ele>
      </trkpt>
      <trkpt lat="1.313531482592225" lon="103.68763446807861">
        <ele>17.41</ele>
      </trkpt>
      <trkpt lat="1.3134135492146015" lon="103.68743078783154">
        <ele>17.18</ele>
      </trkpt>
      <trkpt lat="1.3132954481989145" lon="103.68722677230835">
        <ele>16.94</ele>
      </trkpt>
      <trkpt lat="1.313150692731142" lon="103.68697481229901">
        <ele>16.76</ele>
      </trkpt>
      <trkpt lat="1.3130059372633696" lon="103.68672285228968">
        <ele>16.58</ele>
      </trkpt>
      <trkpt lat="1.3128612656146288" lon="103.68647097609937">
        <ele>16.26</ele>
      </trkpt>
      <trkpt lat="1.3127160910516977" lon="103.68621826171875">
        <ele>15.9</ele>
      </trkpt>
      <trkpt lat="1.3126946333795786" lon="103.68617534637451">
        <ele>15.55</ele>
      </trkpt>
      <trkpt lat="1.3126517180353403" lon="103.68608951568604">
        <ele>15.18</ele>
      </trkpt>
      <trkpt lat="1.3125551585108042" lon="103.68591793812811">
        <ele>14.78</ele>
      </trkpt>
      <trkpt lat="1.312458598986268" lon="103.68574619293213">
        <ele>14.35</ele>
      </trkpt>
      <trkpt lat="1.3123192079365253" lon="103.68551032617688">
        <ele>13.89</ele>
      </trkpt>
      <trkpt lat="1.3121798168867826" lon="103.68527454324067">
        <ele>13.42</ele>
      </trkpt>
      <trkpt lat="1.3120405096560717" lon="103.68503867648542">
        <ele>12.98</ele>
      </trkpt>
      <trkpt lat="1.3119006995111704" lon="103.68480205535889">
        <ele>12.49</ele>
      </trkpt>
      <trkpt lat="1.3118005357682705" lon="103.68453023023903">
        <ele>12.02</ele>
      </trkpt>
      <trkpt lat="1.3117003720253706" lon="103.68425840511918">
        <ele>11.63</ele>
      </trkpt>
      <trkpt lat="1.3116002921015024" lon="103.68398666381836">
        <ele>11.33</ele>
      </trkpt>
      <trkpt lat="1.3116002082824707" lon="103.68398666381836">
        <ele>10.94</ele>
      </trkpt>
      <trkpt lat="1.3115286268293858" lon="103.68378633633256">
        <ele>10.56</ele>
      </trkpt>
      <trkpt lat="1.3114571291953325" lon="103.68358600884676">
        <ele>10.16</ele>
      </trkpt>
      <trkpt lat="1.311385715380311" lon="103.68338584899902">
        <ele>9.73</ele>
      </trkpt>
      <trkpt lat="1.3112998846918344" lon="103.68314981460571">
        <ele>9.32</ele>
      </trkpt>
      <trkpt lat="1.3111925963312387" lon="103.68289232254028">
        <ele>8.97</ele>
      </trkpt>
      <trkpt lat="1.311113890260458" lon="103.68266332894564">
        <ele>8.63</ele>
      </trkpt>
      <trkpt lat="1.3110351841896772" lon="103.68243441917002">
        <ele>8.29</ele>
      </trkpt>
      <trkpt lat="1.3109565619379282" lon="103.68220567703247">
        <ele>8.02</ele>
      </trkpt>
      <trkpt lat="1.3108921889215708" lon="103.68204474449158">
        <ele>7.8</ele>
      </trkpt>
      <trkpt lat="1.3108278159052134" lon="103.68188381195068">
        <ele>7.54</ele>
      </trkpt>
      <trkpt lat="1.3107205275446177" lon="103.68164777755737">
        <ele>7.22</ele>
      </trkpt>
      <trkpt lat="1.3106990698724985" lon="103.68154048919678">
        <ele>6.91</ele>
      </trkpt>
      <trkpt lat="1.3106561545282602" lon="103.68143320083618">
        <ele>6.61</ele>
      </trkpt>
      <trkpt lat="1.310613239184022" lon="103.6813473701477">
        <ele>6.34</ele>
      </trkpt>
      <trkpt lat="1.3105917815119028" lon="103.68124008178711">
        <ele>6.09</ele>
      </trkpt>
      <trkpt lat="1.3105273246765137" lon="103.68104696273804">
        <ele>5.89</ele>
      </trkpt>
      <trkpt lat="1.3104199524968863" lon="103.6807572003454">
        <ele>5.77</ele>
      </trkpt>
      <trkpt lat="1.3103127479553223" lon="103.68046760559082">
        <ele>5.62</ele>
      </trkpt>
      <trkpt lat="1.3102340418845415" lon="103.68023148737848">
        <ele>5.46</ele>
      </trkpt>
      <trkpt lat="1.3101554196327925" lon="103.67999545298517">
        <ele>5.32</ele>
      </trkpt>
      <trkpt lat="1.3100767973810434" lon="103.67975950241089">
        <ele>5.17</ele>
      </trkpt>
      <trkpt lat="1.3100767135620117" lon="103.67975950241089">
        <ele>5.07</ele>
      </trkpt>
      <trkpt lat="1.3099801540374756" lon="103.67948046885431">
        <ele>4.99</ele>
      </trkpt>
      <trkpt lat="1.3098836783319712" lon="103.67920160293579">
        <ele>4.98</ele>
      </trkpt>
      <trkpt lat="1.3097978476434946" lon="103.67896556854248">
        <ele>4.98</ele>
      </trkpt>
      <trkpt lat="1.309712016955018" lon="103.67870807647705">
        <ele>4.79</ele>
      </trkpt>
      <trkpt lat="1.3096904754638672" lon="103.6786437034607">
        <ele>4.71</ele>
      </trkpt>
      <trkpt lat="1.3098193053156137" lon="103.6786437034607">
        <ele>4.71</ele>
      </trkpt>
      <trkpt lat="1.3097763899713755" lon="103.67849349975586">
        <ele>4.6</ele>
      </trkpt>
      <trkpt lat="1.3097763899713755" lon="103.67840766906738">
        <ele>4.55</ele>
      </trkpt>
      <trkpt lat="1.309712016955018" lon="103.67812871932983">
        <ele>4.49</ele>
      </trkpt>
      <trkpt lat="1.3096582889556885" lon="103.67791397497058">
        <ele>4.61</ele>
      </trkpt>
      <trkpt lat="1.3096046447753906" lon="103.67769956588745">
        <ele>4.81</ele>
      </trkpt>
      <trkpt lat="1.3096047285944223" lon="103.67769956588745">
        <ele>4.91</ele>
      </trkpt>
      <trkpt lat="1.3095778226852417" lon="103.67745791561902">
        <ele>5.15</ele>
      </trkpt>
      <trkpt lat="1.3095510005950928" lon="103.67721634916961">
        <ele>5.37</ele>
      </trkpt>
      <trkpt lat="1.3095241785049438" lon="103.67697478272021">
        <ele>5.63</ele>
      </trkpt>
      <trkpt lat="1.3094974402338266" lon="103.67673397064209">
        <ele>5.81</ele>
      </trkpt>
      <trkpt lat="1.3094598054885864" lon="103.67644404061139">
        <ele>5.93</ele>
      </trkpt>
      <trkpt lat="1.309422254562378" lon="103.67615411058068">
        <ele>6.04</ele>
      </trkpt>
      <trkpt lat="1.3093847036361694" lon="103.67586426436901">
        <ele>6.17</ele>
      </trkpt>
      <trkpt lat="1.3093472365289927" lon="103.67557525634766">
        <ele>6.3</ele>
      </trkpt>
      <trkpt lat="1.3093256950378418" lon="103.67544651031494">
        <ele>6.47</ele>
      </trkpt>
      <trkpt lat="1.3093257788568735" lon="103.67544651031494">
        <ele>6.63</ele>
      </trkpt>
      <trkpt lat="1.3092971127480268" lon="103.67521743290126">
        <ele>6.86</ele>
      </trkpt>
      <trkpt lat="1.3092684466391802" lon="103.67498835548759">
        <ele>7.15</ele>
      </trkpt>
      <trkpt lat="1.3092398643493652" lon="103.67475986480713">
        <ele>7.35</ele>
      </trkpt>
      <trkpt lat="1.309239948168397" lon="103.67475986480713">
        <ele>7.5</ele>
      </trkpt>
      <trkpt lat="1.3091754913330078" lon="103.67458820343018">
        <ele>7.7</ele>
      </trkpt>
      <trkpt lat="1.3091432210057974" lon="103.67434655316174">
        <ele>7.8</ele>
      </trkpt>
      <trkpt lat="1.3091110344976187" lon="103.67410498671234">
        <ele>7.85</ele>
      </trkpt>
      <trkpt lat="1.30907884798944" lon="103.67386342026293">
        <ele>7.96</ele>
      </trkpt>
      <trkpt lat="1.3090468291193247" lon="103.67362260818481">
        <ele>8.21</ele>
      </trkpt>
      <trkpt lat="1.3090468291193247" lon="103.6734938621521">
        <ele>8.37</ele>
      </trkpt>
      <trkpt lat="1.3090109545737505" lon="103.67319320328534">
        <ele>8.48</ele>
      </trkpt>
      <trkpt lat="1.308975163847208" lon="103.67289254441857">
        <ele>8.47</ele>
      </trkpt>
      <trkpt lat="1.3089394569396973" lon="103.6725926399231">
        <ele>8.43</ele>
      </trkpt>
      <trkpt lat="1.308939540758729" lon="103.6725926399231">
        <ele>8.52</ele>
      </trkpt>
      <trkpt lat="1.3089037500321865" lon="103.67237068712711">
        <ele>8.54</ele>
      </trkpt>
      <trkpt lat="1.308867959305644" lon="103.67214881815016">
        <ele>8.52</ele>
      </trkpt>
      <trkpt lat="1.3088322523981333" lon="103.6719274520874">
        <ele>8.49</ele>
      </trkpt>
      <trkpt lat="1.3088035862892866" lon="103.67166970856488">
        <ele>8.54</ele>
      </trkpt>
      <trkpt lat="1.30877492018044" lon="103.67141204886138">
        <ele>8.69</ele>
      </trkpt>
      <trkpt lat="1.308746337890625" lon="103.67115497589111">
        <ele>8.84</ele>
      </trkpt>
      <trkpt lat="1.3087464217096567" lon="103.67115497589111">
        <ele>8.93</ele>
      </trkpt>
      <trkpt lat="1.3087035063654184" lon="103.6710262298584">
        <ele>9.06</ele>
      </trkpt>
      <trkpt lat="1.3086766004562378" lon="103.67078994400799">
        <ele>9.2</ele>
      </trkpt>
      <trkpt lat="1.3086497783660889" lon="103.67055374197662">
        <ele>9.35</ele>
      </trkpt>
      <trkpt lat="1.30862295627594" lon="103.67031753994524">
        <ele>9.41</ele>
      </trkpt>
      <trkpt lat="1.3085962180048227" lon="103.67008209228516">
        <ele>9.51</ele>
      </trkpt>
      <trkpt lat="1.308567551895976" lon="103.66983868181705">
        <ele>9.64</ele>
      </trkpt>
      <trkpt lat="1.3085388857871294" lon="103.66959527134895">
        <ele>9.79</ele>
      </trkpt>
      <trkpt lat="1.3085103873163462" lon="103.6693525314331">
        <ele>9.92</ele>
      </trkpt>
      <trkpt lat="1.3084781169891357" lon="103.66910015232861">
        <ele>10.04</ele>
      </trkpt>
      <trkpt lat="1.3084458466619253" lon="103.66884785704315">
        <ele>10.17</ele>
      </trkpt>
      <trkpt lat="1.3084136601537466" lon="103.66859556175768">
        <ele>10.29</ele>
      </trkpt>
      <trkpt lat="1.3083815574645996" lon="103.6683440208435">
        <ele>10.55</ele>
      </trkpt>
      <trkpt lat="1.3083816412836313" lon="103.6683440208435">
        <ele>10.71</ele>
      </trkpt>
      <trkpt lat="1.3083458505570889" lon="103.66804336197674">
        <ele>10.9</ele>
      </trkpt>
      <trkpt lat="1.3083100598305464" lon="103.66774270310998">
        <ele>11.04</ele>
      </trkpt>
      <trkpt lat="1.308274269104004" lon="103.66744204424322">
        <ele>11.21</ele>
      </trkpt>
      <trkpt lat="1.3082384783774614" lon="103.66714146919549">
        <ele>11.34</ele>
      </trkpt>
      <trkpt lat="1.308202687650919" lon="103.66684081032872">
        <ele>11.48</ele>
      </trkpt>
      <trkpt lat="1.30816706456244" lon="103.6665415763855">
        <ele>11.71</ele>
      </trkpt>
      <trkpt lat="1.30812406539917" lon="103.66623018868268">
        <ele>11.95</ele>
      </trkpt>
      <trkpt lat="1.3080812338739634" lon="103.66591930389404">
        <ele>12.13</ele>
      </trkpt>
      <trkpt lat="1.3080597762018442" lon="103.66574764251709">
        <ele>12.26</ele>
      </trkpt>
      <trkpt lat="1.3080382347106934" lon="103.66557581350207">
        <ele>12.38</ele>
      </trkpt>
      <trkpt lat="1.308016860857606" lon="103.66540431976318">
        <ele>12.51</ele>
      </trkpt>
      <trkpt lat="1.3079954031854868" lon="103.66527557373047">
        <ele>12.63</ele>
      </trkpt>
      <trkpt lat="1.3079739455133677" lon="103.66514682769775">
        <ele>12.75</ele>
      </trkpt>
      <trkpt lat="1.3079524040222168" lon="103.66488195955753">
        <ele>12.78</ele>
      </trkpt>
      <trkpt lat="1.3079309463500977" lon="103.66461709141731">
        <ele>12.72</ele>
      </trkpt>
      <trkpt lat="1.3079095724970102" lon="103.66435289382935">
        <ele>12.62</ele>
      </trkpt>
      <trkpt lat="1.3079094886779785" lon="103.664127336815">
        <ele>12.62</ele>
      </trkpt>
      <trkpt lat="1.3079094886779785" lon="103.66390228271484">
        <ele>12.66</ele>
      </trkpt>
      <trkpt lat="1.3079416751861572" lon="103.66366599686444">
        <ele>12.76</ele>
      </trkpt>
      <trkpt lat="1.307973861694336" lon="103.66343021392822">
        <ele>12.79</ele>
      </trkpt>
      <trkpt lat="1.308048963546753" lon="103.66319409571588">
        <ele>12.79</ele>
      </trkpt>
      <trkpt lat="1.30812406539917" lon="103.6629581451416">
        <ele>12.79</ele>
      </trkpt>
      <trkpt lat="1.3082240615040064" lon="103.66277223452926">
        <ele>12.73</ele>
      </trkpt>
      <trkpt lat="1.3083241414278746" lon="103.66258640773594">
        <ele>12.65</ele>
      </trkpt>
      <trkpt lat="1.308424472808838" lon="103.6624002456665">
        <ele>12.55</ele>
      </trkpt>
      <trkpt lat="1.3085850700736046" lon="103.6621967330575">
        <ele>12.42</ele>
      </trkpt>
      <trkpt lat="1.308746337890625" lon="103.66199254989624">
        <ele>12.36</ele>
      </trkpt>
      <trkpt lat="1.3087464217096567" lon="103.66199254989624">
        <ele>12.25</ele>
      </trkpt>
      <trkpt lat="1.3089604955166578" lon="103.66176774725318">
        <ele>12.12</ele>
      </trkpt>
      <trkpt lat="1.3091755751520395" lon="103.66154193878174">
        <ele>11.9</ele>
      </trkpt>
      <trkpt lat="1.309325359761715" lon="103.66138134151697">
        <ele>11.71</ele>
      </trkpt>
      <trkpt lat="1.3094759825617075" lon="103.66122007369995">
        <ele>11.53</ele>
      </trkpt>
      <trkpt lat="1.3096691016107798" lon="103.66102695465088">
        <ele>11.37</ele>
      </trkpt>
      <trkpt lat="1.3098723627626896" lon="103.66082360967994">
        <ele>11.24</ele>
      </trkpt>
      <trkpt lat="1.3100767973810434" lon="103.66061925888062">
        <ele>11.14</ele>
      </trkpt>
      <trkpt lat="1.3101840857416391" lon="103.6604905128479">
        <ele>10.93</ele>
      </trkpt>
      <trkpt lat="1.3102699164301157" lon="103.66042613983154">
        <ele>10.68</ele>
      </trkpt>
      <trkpt lat="1.3104554917663336" lon="103.66021198220551">
        <ele>10.45</ele>
      </trkpt>
      <trkpt lat="1.3106410671025515" lon="103.65999782457948">
        <ele>10.19</ele>
      </trkpt>
      <trkpt lat="1.3108278159052134" lon="103.65978240966797">
        <ele>9.91</ele>
      </trkpt>
      <trkpt lat="1.3110289815813303" lon="103.6595768854022">
        <ele>9.59</ele>
      </trkpt>
      <trkpt lat="1.3112301472574472" lon="103.65937136113644">
        <ele>9.33</ele>
      </trkpt>
      <trkpt lat="1.311431396752596" lon="103.6591659206897">
        <ele>9.07</ele>
      </trkpt>
      <trkpt lat="1.3116325624287128" lon="103.65896039642394">
        <ele>8.87</ele>
      </trkpt>
      <trkpt lat="1.3118362426757812" lon="103.65875244140625">
        <ele>8.62</ele>
      </trkpt>
      <trkpt lat="1.311836326494813" lon="103.65875244140625">
        <ele>8.33</ele>
      </trkpt>
      <trkpt lat="1.3118792418390512" lon="103.65868806838989">
        <ele>8.04</ele>
      </trkpt>
      <trkpt lat="1.312050400301814" lon="103.6585168261081">
        <ele>7.75</ele>
      </trkpt>
      <trkpt lat="1.3122225645929575" lon="103.65834474563599">
        <ele>7.4</ele>
      </trkpt>
      <trkpt lat="1.3122440222650766" lon="103.65832328796387">
        <ele>7.1</ele>
      </trkpt>
      <trkpt lat="1.3123942259699106" lon="103.65817308425903">
        <ele>6.73</ele>
      </trkpt>
      <trkpt lat="1.312437141314149" lon="103.6581301689148">
        <ele>6.41</ele>
      </trkpt>
      <trkpt lat="1.3126084674149752" lon="103.65792665630579">
        <ele>6.11</ele>
      </trkpt>
      <trkpt lat="1.3127804640680552" lon="103.65772247314453">
        <ele>5.81</ele>
      </trkpt>
      <trkpt lat="1.3129091262817383" lon="103.65759372711182">
        <ele>5.54</ele>
      </trkpt>
      <trkpt lat="1.3130379561334848" lon="103.65752935409546">
        <ele>5.29</ele>
      </trkpt>
      <trkpt lat="1.313198385760188" lon="103.65737948566675">
        <ele>5.04</ele>
      </trkpt>
      <trkpt lat="1.313359821215272" lon="103.65722894668579">
        <ele>4.78</ele>
      </trkpt>
      <trkpt lat="1.3135438039898872" lon="103.65705342963338">
        <ele>4.34</ele>
      </trkpt>
      <trkpt lat="1.3137278705835342" lon="103.65687791258097">
        <ele>3.99</ele>
      </trkpt>
      <trkpt lat="1.3139118533581495" lon="103.65670247934759">
        <ele>3.86</ele>
      </trkpt>
      <trkpt lat="1.3140959199517965" lon="103.65652696229517">
        <ele>3.68</ele>
      </trkpt>
      <trkpt lat="1.3142824172973633" lon="103.6563491821289">
        <ele>3.48</ele>
      </trkpt>
      <trkpt lat="1.314282501116395" lon="103.6563491821289">
        <ele>3.33</ele>
      </trkpt>
      <trkpt lat="1.3144756201654673" lon="103.6561131477356">
        <ele>3.2</ele>
      </trkpt>
      <trkpt lat="1.314561367034912" lon="103.65602731704712">
        <ele>3.1</ele>
      </trkpt>
      <trkpt lat="1.3146472815424204" lon="103.65594148635864">
        <ele>3.0</ele>
      </trkpt>
      <trkpt lat="1.3147116545587778" lon="103.65587711334229">
        <ele>2.96</ele>
      </trkpt>
      <trkpt lat="1.314868563786149" lon="103.65572012029588">
        <ele>3.09</ele>
      </trkpt>
      <trkpt lat="1.315025556832552" lon="103.65556312724948">
        <ele>3.14</ele>
      </trkpt>
      <trkpt lat="1.315183723345399" lon="103.65540504455566">
        <ele>3.24</ele>
      </trkpt>
      <trkpt lat="1.3153014052659273" lon="103.65527654998004">
        <ele>3.25</ele>
      </trkpt>
      <trkpt lat="1.3154197577387094" lon="103.65514755249023">
        <ele>3.23</ele>
      </trkpt>
      <trkpt lat="1.3155269622802734" lon="103.65504026412964">
        <ele>3.27</ele>
      </trkpt>
      <trkpt lat="1.3155270460993052" lon="103.65504026412964">
        <ele>3.3</ele>
      </trkpt>
      <trkpt lat="1.3157089333981276" lon="103.65484756417572">
        <ele>3.32</ele>
      </trkpt>
      <trkpt lat="1.3158918265253305" lon="103.6546540260315">
        <ele>3.34</ele>
      </trkpt>
      <trkpt lat="1.3160205725580454" lon="103.65448236465454">
        <ele>3.34</ele>
      </trkpt>
      <trkpt lat="1.3161774817854166" lon="103.65432537160814">
        <ele>3.42</ele>
      </trkpt>
      <trkpt lat="1.3163343910127878" lon="103.65416837856174">
        <ele>3.42</ele>
      </trkpt>
      <trkpt lat="1.3164925575256348" lon="103.65401029586792">
        <ele>3.49</ele>
      </trkpt>
      <trkpt lat="1.3164926413446665" lon="103.65401029586792">
        <ele>3.59</ele>
      </trkpt>
      <trkpt lat="1.316578472033143" lon="103.65390300750732">
        <ele>3.66</ele>
      </trkpt>
      <trkpt lat="1.3167715910822153" lon="103.65370988845825">
        <ele>3.85</ele>
      </trkpt>
      <trkpt lat="1.3168785441666842" lon="103.65359212271869">
        <ele>4.03</ele>
      </trkpt>
      <trkpt lat="1.316986083984375" lon="103.65347385406494">
        <ele>4.21</ele>
      </trkpt>
      <trkpt lat="1.3169861678034067" lon="103.65347385406494">
        <ele>4.35</ele>
      </trkpt>
      <trkpt lat="1.3171466812491417" lon="103.65330252796412">
        <ele>4.5</ele>
      </trkpt>
      <trkpt lat="1.3173080328851938" lon="103.65313053131104">
        <ele>4.62</ele>
      </trkpt>
      <trkpt lat="1.3174257148057222" lon="103.65300203673542">
        <ele>4.76</ele>
      </trkpt>
      <trkpt lat="1.3175440672785044" lon="103.6528730392456">
        <ele>4.9</ele>
      </trkpt>
      <trkpt lat="1.3175869826227427" lon="103.65280866622925">
        <ele>5.06</ele>
      </trkpt>
      <trkpt lat="1.3177724741399288" lon="103.65260884165764">
        <ele>5.19</ele>
      </trkpt>
      <trkpt lat="1.3179580494761467" lon="103.65240901708603">
        <ele>5.37</ele>
      </trkpt>
      <trkpt lat="1.3181448820978403" lon="103.65220785140991">
        <ele>5.59</ele>
      </trkpt>
      <trkpt lat="1.318344622850418" lon="103.6520009022206">
        <ele>5.77</ele>
      </trkpt>
      <trkpt lat="1.3185444474220276" lon="103.6517939530313">
        <ele>5.85</ele>
      </trkpt>
      <trkpt lat="1.3187456969171762" lon="103.65158557891846">
        <ele>5.96</ele>
      </trkpt>
      <trkpt lat="1.3188959006220102" lon="103.6514139175415">
        <ele>6.21</ele>
      </trkpt>
      <trkpt lat="1.3191241398453712" lon="103.6511998437345">
        <ele>6.33</ele>
      </trkpt>
      <trkpt lat="1.3193523790687323" lon="103.65098585374653">
        <ele>6.49</ele>
      </trkpt>
      <trkpt lat="1.3195825461298227" lon="103.65077018737793">
        <ele>6.56</ele>
      </trkpt>
      <trkpt lat="1.3197964522987604" lon="103.65056684240699">
        <ele>6.64</ele>
      </trkpt>
      <trkpt lat="1.3198682852089405" lon="103.65049852989614">
        <ele>6.76</ele>
      </trkpt>
      <trkpt lat="1.3200116157531738" lon="103.65036249160767">
        <ele>6.92</ele>
      </trkpt>
      <trkpt lat="1.3200116995722055" lon="103.65036249160767">
        <ele>7.06</ele>
      </trkpt>
      <trkpt lat="1.3202149607241154" lon="103.65015914663672">
        <ele>7.26</ele>
      </trkpt>
      <trkpt lat="1.3204193953424692" lon="103.6499547958374">
        <ele>7.5</ele>
      </trkpt>
      <trkpt lat="1.3204623106867075" lon="103.64991188049316">
        <ele>7.63</ele>
      </trkpt>
      <trkpt lat="1.3202691078186035" lon="103.64971876144409">
        <ele>7.75</ele>
      </trkpt>
      <trkpt lat="1.3201833609491587" lon="103.64965438842773">
        <ele>7.86</ele>
      </trkpt>
      <trkpt lat="1.320076072588563" lon="103.64952564239502">
        <ele>7.99</ele>
      </trkpt>
      <trkpt lat="1.3199902419000864" lon="103.64946126937866">
        <ele>8.09</ele>
      </trkpt>
      <trkpt lat="1.3197542075067759" lon="103.64928960800171">
        <ele>8.17</ele>
      </trkpt>
      <trkpt lat="1.3197541236877441" lon="103.64928960800171">
        <ele>8.25</ele>
      </trkpt>
      <trkpt lat="1.3196257129311562" lon="103.64917184226215">
        <ele>8.33</ele>
      </trkpt>
      <trkpt lat="1.3194967154413462" lon="103.6490535736084">
        <ele>8.42</ele>
      </trkpt>
      <trkpt lat="1.319432258605957" lon="103.64892482757568">
        <ele>8.53</ele>
      </trkpt>
      <trkpt lat="1.319325054064393" lon="103.6488389968872">
        <ele>8.57</ele>
      </trkpt>
      <trkpt lat="1.3191537279635668" lon="103.64865702576935">
        <ele>8.59</ele>
      </trkpt>
      <trkpt lat="1.3189817313104868" lon="103.64847421646118">
        <ele>8.58</ele>
      </trkpt>
      <trkpt lat="1.318874442949891" lon="103.64836692810059">
        <ele>8.59</ele>
      </trkpt>
      <trkpt lat="1.318724239245057" lon="103.64821672439575">
        <ele>8.57</ele>
      </trkpt>
      <trkpt lat="1.318538747727871" lon="103.64804548211396">
        <ele>8.55</ele>
      </trkpt>
      <trkpt lat="1.3183532562106848" lon="103.6478743236512">
        <ele>8.57</ele>
      </trkpt>
      <trkpt lat="1.3181663397699594" lon="103.64770174026489">
        <ele>8.62</ele>
      </trkpt>
      <trkpt lat="1.3180379290133715" lon="103.64758397452533">
        <ele>8.67</ele>
      </trkpt>
      <trkpt lat="1.3179088477045298" lon="103.64746570587158">
        <ele>8.71</ele>
      </trkpt>
      <trkpt lat="1.3176942709833384" lon="103.64727258682251">
        <ele>8.74</ele>
      </trkpt>
      <trkpt lat="1.3175869826227427" lon="103.64716529846191">
        <ele>8.73</ele>
      </trkpt>
      <trkpt lat="1.317415740340948" lon="103.64700478501618">
        <ele>8.7</ele>
      </trkpt>
      <trkpt lat="1.3172436598688364" lon="103.64684343338013">
        <ele>8.67</ele>
      </trkpt>
      <trkpt lat="1.3170505408197641" lon="103.64665031433105">
        <ele>8.7</ele>
      </trkpt>
      <trkpt lat="1.3170504570007324" lon="103.64665031433105">
        <ele>8.71</ele>
      </trkpt>
      <trkpt lat="1.3170076254755259" lon="103.64660739898682">
        <ele>8.74</ele>
      </trkpt>
      <trkpt lat="1.3170075416564941" lon="103.64660739898682">
        <ele>8.76</ele>
      </trkpt>
      <trkpt lat="1.3167930487543344" lon="103.64641427993774">
        <ele>8.81</ele>
      </trkpt>
      <trkpt lat="1.3167501334100962" lon="103.6463713645935">
        <ele>8.84</ele>
      </trkpt>
      <trkpt lat="1.3167500495910645" lon="103.6463713645935">
        <ele>8.87</ele>
      </trkpt>
      <trkpt lat="1.3166857603937387" lon="103.64630699157715">
        <ele>8.9</ele>
      </trkpt>
      <trkpt lat="1.3164716865867376" lon="103.6461036466062">
        <ele>8.98</ele>
      </trkpt>
      <trkpt lat="1.316256606951356" lon="103.64589929580688">
        <ele>9.05</ele>
      </trkpt>
      <trkpt lat="1.3162565231323242" lon="103.64589929580688">
        <ele>9.08</ele>
      </trkpt>
      <trkpt lat="1.3160639069974422" lon="103.64571732468903">
        <ele>9.14</ele>
      </trkpt>
      <trkpt lat="1.3158703688532114" lon="103.64553451538086">
        <ele>9.16</ele>
      </trkpt>
      <trkpt lat="1.3158702850341797" lon="103.64553451538086">
        <ele>9.19</ele>
      </trkpt>
      <trkpt lat="1.3158274535089731" lon="103.64549160003662">
        <ele>9.23</ele>
      </trkpt>
      <trkpt lat="1.3158273696899414" lon="103.64549160003662">
        <ele>9.26</ele>
      </trkpt>
      <trkpt lat="1.3156062550842762" lon="103.64529185928404">
        <ele>9.33</ele>
      </trkpt>
      <trkpt lat="1.315385140478611" lon="103.64509211853147">
        <ele>9.32</ele>
      </trkpt>
      <trkpt lat="1.315162181854248" lon="103.64489078521729">
        <ele>9.2</ele>
      </trkpt>
      <trkpt lat="1.315205181017518" lon="103.64484786987305">
        <ele>9.25</ele>
      </trkpt>
      <trkpt lat="1.3150339387357235" lon="103.64469087682664">
        <ele>9.18</ele>
      </trkpt>
      <trkpt lat="1.314862696453929" lon="103.64453396759927">
        <ele>9.22</ele>
      </trkpt>
      <trkpt lat="1.314690113067627" lon="103.64437580108643">
        <ele>9.32</ele>
      </trkpt>
      <trkpt lat="1.3145614508539438" lon="103.64418284967542">
        <ele>9.41</ele>
      </trkpt>
      <trkpt lat="1.3144326210021973" lon="103.64398956298828">
        <ele>9.43</ele>
      </trkpt>
      <trkpt lat="1.3144326210021973" lon="103.64378546364605">
        <ele>9.48</ele>
      </trkpt>
      <trkpt lat="1.3144326210021973" lon="103.64358186721802">
        <ele>9.52</ele>
      </trkpt>
      <trkpt lat="1.3145184516906738" lon="103.64332437515259">
        <ele>9.5</ele>
      </trkpt>
      <trkpt lat="1.3145185355097055" lon="103.64332437515259">
        <ele>9.52</ele>
      </trkpt>
      <trkpt lat="1.3147273287177086" lon="103.64309965632856">
        <ele>9.46</ele>
      </trkpt>
      <trkpt lat="1.3149361219257116" lon="103.64287493750453">
        <ele>9.49</ele>
      </trkpt>
      <trkpt lat="1.315144496038556" lon="103.64265063777566">
        <ele>9.55</ele>
      </trkpt>
      <trkpt lat="1.315145082771778" lon="103.64265005104244">
        <ele>9.54</ele>
      </trkpt>
      <trkpt lat="1.3151451665908098" lon="103.64264988340437">
        <ele>9.54</ele>
      </trkpt>
      <trkpt lat="1.3151463400572538" lon="103.64264879375696">
        <ele>9.52</ele>
      </trkpt>
      <trkpt lat="1.315359240397811" lon="103.64241963252425">
        <ele>9.45</ele>
      </trkpt>
      <trkpt lat="1.3155722245573997" lon="103.64219047129154">
        <ele>9.41</ele>
      </trkpt>
      <trkpt lat="1.3157852087169886" lon="103.64196131005883">
        <ele>9.37</ele>
      </trkpt>
      <trkpt lat="1.3159981928765774" lon="103.64173214882612">
        <ele>9.41</ele>
      </trkpt>
      <trkpt lat="1.316213607788086" lon="103.64150047302246">
        <ele>9.36</ele>
      </trkpt>
      <trkpt lat="1.3161707762628794" lon="103.6414361000061">
        <ele>9.31</ele>
      </trkpt>
      <trkpt lat="1.3163740374147892" lon="103.64123275503516">
        <ele>9.18</ele>
      </trkpt>
      <trkpt lat="1.316578472033143" lon="103.64102840423584">
        <ele>9.11</ele>
      </trkpt>
      <trkpt lat="1.3167657237499952" lon="103.64084106869996">
        <ele>9.07</ele>
      </trkpt>
      <trkpt lat="1.3169529754668474" lon="103.6406538169831">
        <ele>8.94</ele>
      </trkpt>
      <trkpt lat="1.3171403110027313" lon="103.64046648144722">
        <ele>8.8</ele>
      </trkpt>
      <trkpt lat="1.317329490557313" lon="103.64027738571167">
        <ele>8.71</ele>
      </trkpt>
      <trkpt lat="1.3173294067382812" lon="103.64027738571167">
        <ele>8.56</ele>
      </trkpt>
      <trkpt lat="1.3175006490200758" lon="103.64009181037545">
        <ele>8.4</ele>
      </trkpt>
      <trkpt lat="1.317671975120902" lon="103.63990623503923">
        <ele>8.26</ele>
      </trkpt>
      <trkpt lat="1.3178444746881723" lon="103.63971948623657">
        <ele>8.04</ele>
      </trkpt>
      <trkpt lat="1.3179946783930063" lon="103.63956928253174">
        <ele>7.83</ele>
      </trkpt>
      <trkpt lat="1.3181230891495943" lon="103.639419330284">
        <ele>7.63</ele>
      </trkpt>
      <trkpt lat="1.318252170458436" lon="103.63926887512207">
        <ele>7.42</ele>
      </trkpt>
      <trkpt lat="1.318412683904171" lon="103.63908682018518">
        <ele>7.17</ele>
      </trkpt>
      <trkpt lat="1.3185740355402231" lon="103.63890409469604">
        <ele>6.86</ele>
      </trkpt>
      <trkpt lat="1.3185954932123423" lon="103.63890409469604">
        <ele>6.59</ele>
      </trkpt>
      <trkpt lat="1.3187131751328707" lon="103.63877560012043">
        <ele>6.28</ele>
      </trkpt>
      <trkpt lat="1.3188315276056528" lon="103.63864660263062">
        <ele>5.97</ele>
      </trkpt>
      <trkpt lat="1.3189817313104868" lon="103.63849639892578">
        <ele>5.66</ele>
      </trkpt>
      <trkpt lat="1.3191104773432016" lon="103.63836765289307">
        <ele>5.34</ele>
      </trkpt>
      <trkpt lat="1.31915339268744" lon="103.63832473754883">
        <ele>5.03</ele>
      </trkpt>
      <trkpt lat="1.3191962242126465" lon="103.63826036453247">
        <ele>4.72</ele>
      </trkpt>
      <trkpt lat="1.31915339268744" lon="103.63821744918823">
        <ele>4.4</ele>
      </trkpt>
      <trkpt lat="1.319024646654725" lon="103.63811016082764">
        <ele>4.09</ele>
      </trkpt>
      <trkpt lat="1.3188213016837835" lon="103.63791754469275">
        <ele>3.77</ele>
      </trkpt>
      <trkpt lat="1.3186180405318737" lon="103.63772492855787">
        <ele>3.46</ele>
      </trkpt>
      <trkpt lat="1.3184146955609322" lon="103.63753231242299">
        <ele>3.12</ele>
      </trkpt>
      <trkpt lat="1.3182092551141977" lon="103.63733768463135">
        <ele>2.82</ele>
      </trkpt>
      <trkpt lat="1.3180251885205507" lon="103.63716216757894">
        <ele>2.53</ele>
      </trkpt>
      <trkpt lat="1.3178411219269037" lon="103.63698665052652">
        <ele>2.25</ele>
      </trkpt>
      <trkpt lat="1.3176570553332567" lon="103.63681121729314">
        <ele>1.95</ele>
      </trkpt>
      <trkpt lat="1.3174729887396097" lon="103.63663570024073">
        <ele>1.63</ele>
      </trkpt>
      <trkpt lat="1.317286491394043" lon="103.63645792007446">
        <ele>1.22</ele>
      </trkpt>
      <trkpt lat="1.3172865752130747" lon="103.63645792007446">
        <ele>0.96</ele>
      </trkpt>
      <trkpt lat="1.3171148300170898" lon="103.63628625869751">
        <ele>0.5</ele>
      </trkpt>
      <trkpt lat="1.3171149138361216" lon="103.63628625869751">
        <ele>0.27</ele>
      </trkpt>
      <trkpt lat="1.3168866746127605" lon="103.63607939332724">
        <ele>-0.19</ele>
      </trkpt>
      <trkpt lat="1.3166584353893995" lon="103.63587252795696">
        <ele>-0.39</ele>
      </trkpt>
      <trkpt lat="1.316428268328309" lon="103.63566398620605">
        <ele>-0.52</ele>
      </trkpt>
      <trkpt lat="1.3161922339349985" lon="103.6354923248291">
        <ele>-0.61</ele>
      </trkpt>
      <trkpt lat="1.316127860918641" lon="103.63544940948486">
        <ele>-0.71</ele>
      </trkpt>
      <trkpt lat="1.3160849455744028" lon="103.63540649414062">
        <ele>-0.77</ele>
      </trkpt>
      <trkpt lat="1.3158489111810923" lon="103.63523483276367">
        <ele>-0.61</ele>
      </trkpt>
      <trkpt lat="1.3156671077013016" lon="103.63511723466218">
        <ele>-0.42</ele>
      </trkpt>
      <trkpt lat="1.3154840469360352" lon="103.63499879837036">
        <ele>-0.27</ele>
      </trkpt>
      <trkpt lat="1.3154841307550669" lon="103.63499879837036">
        <ele>-0.26</ele>
      </trkpt>
      <trkpt lat="1.3152346853166819" lon="103.63484205678105">
        <ele>-0.39</ele>
      </trkpt>
      <trkpt lat="1.3149853236973286" lon="103.63468531519175">
        <ele>-0.44</ele>
      </trkpt>
      <trkpt lat="1.3147330284118652" lon="103.63452672958374">
        <ele>-0.36</ele>
      </trkpt>
      <trkpt lat="1.3144927192479372" lon="103.63441994413733">
        <ele>-0.27</ele>
      </trkpt>
      <trkpt lat="1.3142524939030409" lon="103.63431315869093">
        <ele>-0.16</ele>
      </trkpt>
      <trkpt lat="1.3140122685581446" lon="103.63420637324452">
        <ele>-0.04</ele>
      </trkpt>
      <trkpt lat="1.3137675169855356" lon="103.63409757614136">
        <ele>0.09</ele>
      </trkpt>
      <trkpt lat="1.313500553369522" lon="103.63399079069495">
        <ele>0.25</ele>
      </trkpt>
      <trkpt lat="1.313231075182557" lon="103.63388299942017">
        <ele>0.42</ele>
      </trkpt>
      <trkpt lat="1.3130164984613657" lon="103.63379716873169">
        <ele>0.61</ele>
      </trkpt>
      <trkpt lat="1.3127709925174713" lon="103.63371175713837">
        <ele>0.83</ele>
      </trkpt>
      <trkpt lat="1.3125229720026255" lon="103.63362550735474">
        <ele>0.93</ele>
      </trkpt>
      <trkpt lat="1.312262462452054" lon="103.63353154622018">
        <ele>1.12</ele>
      </trkpt>
      <trkpt lat="1.3120019529014826" lon="103.63343758508563">
        <ele>1.43</ele>
      </trkpt>
      <trkpt lat="1.3117415271699429" lon="103.63334362395108">
        <ele>1.8</ele>
      </trkpt>
      <trkpt lat="1.3114810176193714" lon="103.63324974663556">
        <ele>2.13</ele>
      </trkpt>
      <trkpt lat="1.3112139701843262" lon="103.63315343856812">
        <ele>2.44</ele>
      </trkpt>
      <trkpt lat="1.3112140540033579" lon="103.63315343856812">
        <ele>2.67</ele>
      </trkpt>
      <trkpt lat="1.3110423926264048" lon="103.63306760787964">
        <ele>2.93</ele>
      </trkpt>
      <trkpt lat="1.3109779357910156" lon="103.63304615020752">
        <ele>3.16</ele>
      </trkpt>
      <trkpt lat="1.3108707312494516" lon="103.6330246925354">
        <ele>3.37</ele>
      </trkpt>
      <trkpt lat="1.3108277320861816" lon="103.63315343856812">
        <ele>3.61</ele>
      </trkpt>
      <trkpt lat="1.3108062744140625" lon="103.63319635391235">
        <ele>3.82</ele>
      </trkpt>
      <trkpt lat="1.3108063582330942" lon="103.63319635391235">
        <ele>4.03</ele>
      </trkpt>
      <trkpt lat="1.3106990698724985" lon="103.6334753036499">
        <ele>4.2</ele>
      </trkpt>
      <trkpt lat="1.310613239184022" lon="103.63373279571533">
        <ele>4.31</ele>
      </trkpt>
      <trkpt lat="1.3105059508234262" lon="103.63396883010864">
        <ele>4.43</ele>
      </trkpt>
      <trkpt lat="1.3104057870805264" lon="103.63419765606523">
        <ele>4.58</ele>
      </trkpt>
      <trkpt lat="1.3103056233376265" lon="103.63442648202181">
        <ele>4.73</ele>
      </trkpt>
      <trkpt lat="1.3102054595947266" lon="103.63465547561646">
        <ele>4.93</ele>
      </trkpt>
      <trkpt lat="1.3102055434137583" lon="103.63465547561646">
        <ele>5.09</ele>
      </trkpt>
      <trkpt lat="1.3100661523640156" lon="103.63491271622479">
        <ele>5.23</ele>
      </trkpt>
      <trkpt lat="1.3099265936762094" lon="103.63517045974731">
        <ele>5.38</ele>
      </trkpt>
      <trkpt lat="1.3098406791687012" lon="103.63529920578003">
        <ele>5.54</ele>
      </trkpt>
      <trkpt lat="1.3098407629877329" lon="103.63529920578003">
        <ele>5.67</ele>
      </trkpt>
      <trkpt lat="1.309712016955018" lon="103.63551378250122">
        <ele>5.78</ele>
      </trkpt>
      <trkpt lat="1.3095406908541918" lon="103.6357011180371">
        <ele>5.92</ele>
      </trkpt>
      <trkpt lat="1.3093693647533655" lon="103.63588845357299">
        <ele>6.08</ele>
      </trkpt>
      <trkpt lat="1.3091980386525393" lon="103.63607578910887">
        <ele>6.24</ele>
      </trkpt>
      <trkpt lat="1.3090252876281738" lon="103.63626480102539">
        <ele>6.28</ele>
      </trkpt>
      <trkpt lat="1.3088166620582342" lon="103.63644660450518">
        <ele>6.2</ele>
      </trkpt>
      <trkpt lat="1.3086081203073263" lon="103.636628491804">
        <ele>6.14</ele>
      </trkpt>
      <trkpt lat="1.3083994947373867" lon="103.6368102952838">
        <ele>6.13</ele>
      </trkpt>
      <trkpt lat="1.308188522234559" lon="103.63699436187744">
        <ele>6.22</ele>
      </trkpt>
      <trkpt lat="1.307985344901681" lon="103.63714397884905">
        <ele>6.36</ele>
      </trkpt>
      <trkpt lat="1.3077808264642954" lon="103.63729476928711">
        <ele>6.51</ele>
      </trkpt>
      <trkpt lat="1.3077593687921762" lon="103.63731622695923">
        <ele>6.5</ele>
      </trkpt>
      <trkpt lat="1.3076305389404297" lon="103.63738059997559">
        <ele>6.57</ele>
      </trkpt>
      <trkpt lat="1.3076306227594614" lon="103.63738059997559">
        <ele>6.49</ele>
      </trkpt>
      <trkpt lat="1.3075447920709848" lon="103.63742351531982">
        <ele>6.41</ele>
      </trkpt>
      <trkpt lat="1.3074375037103891" lon="103.63746643066406">
        <ele>6.3</ele>
      </trkpt>
      <trkpt lat="1.3072344940155745" lon="103.63758394494653">
        <ele>6.08</ele>
      </trkpt>
      <trkpt lat="1.3070298079401255" lon="103.63770246505737">
        <ele>5.81</ele>
      </trkpt>
      <trkpt lat="1.306793773546815" lon="103.63783121109009">
        <ele>5.38</ele>
      </trkpt>
      <trkpt lat="1.30652136169374" lon="103.63797806203365">
        <ele>5.11</ele>
      </trkpt>
      <trkpt lat="1.3062489498406649" lon="103.63812491297722">
        <ele>4.91</ele>
      </trkpt>
      <trkpt lat="1.3059765379875898" lon="103.63827184773982">
        <ele>4.7</ele>
      </trkpt>
      <trkpt lat="1.3057041261345148" lon="103.63841869868338">
        <ele>4.49</ele>
      </trkpt>
      <trkpt lat="1.3054317142814398" lon="103.63856554962695">
        <ele>4.28</ele>
      </trkpt>
      <trkpt lat="1.3051593024283648" lon="103.63871248438954">
        <ele>4.03</ele>
      </trkpt>
      <trkpt lat="1.3048868905752897" lon="103.63885933533311">
        <ele>4.09</ele>
      </trkpt>
      <trkpt lat="1.3046050071716309" lon="103.63901138305664">
        <ele>3.84</ele>
      </trkpt>
      <trkpt lat="1.3046050909906626" lon="103.63901138305664">
        <ele>3.59</ele>
      </trkpt>
      <trkpt lat="1.3044056855142117" lon="103.63911816850305">
        <ele>3.04</ele>
      </trkpt>
      <trkpt lat="1.3042062800377607" lon="103.63922495394945">
        <ele>2.76</ele>
      </trkpt>
      <trkpt lat="1.3040042761713266" lon="103.63933324813843">
        <ele>2.5</ele>
      </trkpt>
      <trkpt lat="1.3039399031549692" lon="103.63935470581055">
        <ele>2.24</ele>
      </trkpt>
      <trkpt lat="1.3038111571222544" lon="103.63944053649902">
        <ele>1.98</ele>
      </trkpt>
      <trkpt lat="1.30387544631958" lon="103.63954782485962">
        <ele>1.73</ele>
      </trkpt>
      <trkpt lat="1.3039183616638184" lon="103.63961219787598">
        <ele>1.48</ele>
      </trkpt>
      <trkpt lat="1.3036576844751835" lon="103.63975460641086">
        <ele>1.23</ele>
      </trkpt>
      <trkpt lat="1.3033970072865486" lon="103.63989701494575">
        <ele>1.0</ele>
      </trkpt>
      <trkpt lat="1.3031363300979137" lon="103.64003942348063">
        <ele>0.77</ele>
      </trkpt>
      <trkpt lat="1.3028757367283106" lon="103.64018191583455">
        <ele>0.54</ele>
      </trkpt>
      <trkpt lat="1.3026150595396757" lon="103.64032432436943">
        <ele>0.33</ele>
      </trkpt>
      <trkpt lat="1.3023543823510408" lon="103.64046673290431">
        <ele>0.13</ele>
      </trkpt>
      <trkpt lat="1.302093705162406" lon="103.64060922525823">
        <ele>-0.05</ele>
      </trkpt>
      <trkpt lat="1.3018331117928028" lon="103.64075163379312">
        <ele>-0.24</ele>
      </trkpt>
      <trkpt lat="1.301572434604168" lon="103.640894042328">
        <ele>-0.41</ele>
      </trkpt>
      <trkpt lat="1.301311757415533" lon="103.64103653468192">
        <ele>-0.56</ele>
      </trkpt>
      <trkpt lat="1.30105116404593" lon="103.6411789432168">
        <ele>-0.71</ele>
      </trkpt>
      <trkpt lat="1.300790486857295" lon="103.64132135175169">
        <ele>-0.84</ele>
      </trkpt>
      <trkpt lat="1.3005298096686602" lon="103.64146376028657">
        <ele>-0.96</ele>
      </trkpt>
      <trkpt lat="1.3002691324800253" lon="103.64160625264049">
        <ele>-1.06</ele>
      </trkpt>
      <trkpt lat="1.2999916076660156" lon="103.64175796508789">
        <ele>-1.15</ele>
      </trkpt>
      <trkpt lat="1.2998315133154392" lon="103.64180062897503">
        <ele>-1.23</ele>
      </trkpt>
      <trkpt lat="1.2996697425842285" lon="103.64184379577637">
        <ele>-1.29</ele>
      </trkpt>
      <trkpt lat="1.2995096482336521" lon="103.64181177690625">
        <ele>-1.34</ele>
      </trkpt>
      <trkpt lat="1.2993478775024414" lon="103.64177942276001">
        <ele>-1.37</ele>
      </trkpt>
      <trkpt lat="1.2992620468139648" lon="103.64173650741577">
        <ele>-1.38</ele>
      </trkpt>
      <trkpt lat="1.2990583665668964" lon="103.64155177026987">
        <ele>-1.38</ele>
      </trkpt>
      <trkpt lat="1.298854686319828" lon="103.64136703312397">
        <ele>-1.36</ele>
      </trkpt>
      <trkpt lat="1.2986513413488865" lon="103.6411826312542">
        <ele>-1.33</ele>
      </trkpt>
      <trkpt lat="1.2986506707966328" lon="103.64118204452097">
        <ele>-1.28</ele>
      </trkpt>
      <trkpt lat="1.2986505031585693" lon="103.64118187688291">
        <ele>-1.22</ele>
      </trkpt>
      <trkpt lat="1.2986493296921253" lon="103.6411807872355">
        <ele>-1.14</ele>
      </trkpt>
      <trkpt lat="1.2984443921595812" lon="103.64099496044219">
        <ele>-1.05</ele>
      </trkpt>
      <trkpt lat="1.2982395384460688" lon="103.64080913364887">
        <ele>-0.94</ele>
      </trkpt>
      <trkpt lat="1.2980346847325563" lon="103.64062330685556">
        <ele>-0.81</ele>
      </trkpt>
      <trkpt lat="1.297829831019044" lon="103.64043756388128">
        <ele>-0.67</ele>
      </trkpt>
      <trkpt lat="1.2976249773055315" lon="103.64025173708797">
        <ele>-0.51</ele>
      </trkpt>
      <trkpt lat="1.2974166870117188" lon="103.64006280899048">
        <ele>-0.34</ele>
      </trkpt>
      <trkpt lat="1.2974167708307505" lon="103.64001989364624">
        <ele>-0.16</ele>
      </trkpt>
      <trkpt lat="1.2973953131586313" lon="103.63999843597412">
        <ele>0.03</ele>
      </trkpt>
      <trkpt lat="1.2973737716674805" lon="103.639976978302">
        <ele>0.24</ele>
      </trkpt>
      <trkpt lat="1.297438144683838" lon="103.63991260528564">
        <ele>0.46</ele>
      </trkpt>
      <trkpt lat="1.2973953131586313" lon="103.63984823226929">
        <ele>0.69</ele>
      </trkpt>
      <trkpt lat="1.297330940142274" lon="103.63980531692505">
        <ele>0.94</ele>
      </trkpt>
      <trkpt lat="1.2972236517816782" lon="103.63969802856445">
        <ele>1.2</ele>
      </trkpt>
      <trkpt lat="1.2969929818063974" lon="103.63948638550937">
        <ele>1.46</ele>
      </trkpt>
      <trkpt lat="1.2967623956501484" lon="103.63927482627332">
        <ele>1.74</ele>
      </trkpt>
      <trkpt lat="1.2965317256748676" lon="103.63906318321824">
        <ele>2.02</ele>
      </trkpt>
      <trkpt lat="1.2963011395186186" lon="103.63885162398219">
        <ele>2.31</ele>
      </trkpt>
      <trkpt lat="1.2960704695433378" lon="103.63863998092711">
        <ele>2.61</ele>
      </trkpt>
      <trkpt lat="1.2958398833870888" lon="103.63842842169106">
        <ele>2.91</ele>
      </trkpt>
      <trkpt lat="1.2956092972308397" lon="103.63821677863598">
        <ele>3.21</ele>
      </trkpt>
      <trkpt lat="1.295378627255559" lon="103.63800521939993">
        <ele>3.52</ele>
      </trkpt>
      <trkpt lat="1.2951422575861216" lon="103.63778829574585">
        <ele>3.88</ele>
      </trkpt>
      <trkpt lat="1.2951421737670898" lon="103.63778829574585">
        <ele>4.18</ele>
      </trkpt>
      <trkpt lat="1.2949605379253626" lon="103.63768142648041">
        <ele>4.59</ele>
      </trkpt>
      <trkpt lat="1.2947774771600962" lon="103.63757371902466">
        <ele>4.95</ele>
      </trkpt>
      <trkpt lat="1.2945199850946665" lon="103.63744497299194">
        <ele>5.32</ele>
      </trkpt>
      <trkpt lat="1.2943268660455942" lon="103.63738059997559">
        <ele>5.65</ele>
      </trkpt>
      <trkpt lat="1.294283950701356" lon="103.63735914230347">
        <ele>5.93</ele>
      </trkpt>
      <trkpt lat="1.2941981200128794" lon="103.63733768463135">
        <ele>6.21</ele>
      </trkpt>
      <trkpt lat="1.294133746996522" lon="103.63731622695923">
        <ele>6.46</ele>
      </trkpt>
      <trkpt lat="1.2939191702753305" lon="103.63727331161499">
        <ele>6.65</ele>
      </trkpt>
      <trkpt lat="1.2936738319694996" lon="103.63725730217993">
        <ele>6.72</ele>
      </trkpt>
      <trkpt lat="1.2934284936636686" lon="103.63724129274487">
        <ele>6.83</ele>
      </trkpt>
      <trkpt lat="1.2931831553578377" lon="103.63722528330982">
        <ele>7.03</ele>
      </trkpt>
      <trkpt lat="1.29293211735785" lon="103.63720893859863">
        <ele>7.26</ele>
      </trkpt>
      <trkpt lat="1.292629111558199" lon="103.63718328997493">
        <ele>7.47</ele>
      </trkpt>
      <trkpt lat="1.2923261895775795" lon="103.63715772517025">
        <ele>7.61</ele>
      </trkpt>
      <trkpt lat="1.29202326759696" lon="103.63713207654655">
        <ele>7.72</ele>
      </trkpt>
      <trkpt lat="1.2917203456163406" lon="103.63710651174188">
        <ele>7.75</ele>
      </trkpt>
      <trkpt lat="1.291408622637391" lon="103.63708019256592">
        <ele>7.88</ele>
      </trkpt>
      <trkpt lat="1.2911383900791407" lon="103.63705881871283">
        <ele>8.02</ele>
      </trkpt>
      <trkpt lat="1.2908681575208902" lon="103.63703744485974">
        <ele>8.1</ele>
      </trkpt>
      <trkpt lat="1.2905979249626398" lon="103.63701615482569">
        <ele>8.06</ele>
      </trkpt>
      <trkpt lat="1.2903276924043894" lon="103.6369947809726">
        <ele>8.06</ele>
      </trkpt>
      <trkpt lat="1.290057459846139" lon="103.63697349093854">
        <ele>8.09</ele>
      </trkpt>
      <trkpt lat="1.2897778395563364" lon="103.6369514465332">
        <ele>8.11</ele>
      </trkpt>
      <trkpt lat="1.2897777557373047" lon="103.6369514465332">
        <ele>8.06</ele>
      </trkpt>
      <trkpt lat="1.2894897535443306" lon="103.63693007268012">
        <ele>8.07</ele>
      </trkpt>
      <trkpt lat="1.2891984824091196" lon="103.63690853118896">
        <ele>8.0</ele>
      </trkpt>
      <trkpt lat="1.2889104802161455" lon="103.63688715733588">
        <ele>7.79</ele>
      </trkpt>
      <trkpt lat="1.2886191252619028" lon="103.63686561584473">
        <ele>7.58</ele>
      </trkpt>
      <trkpt lat="1.288619041442871" lon="103.63686561584473">
        <ele>7.44</ele>
      </trkpt>
      <trkpt lat="1.2885332945734262" lon="103.63686561584473">
        <ele>7.27</ele>
      </trkpt>
      <trkpt lat="1.2884259223937988" lon="103.63684415817261">
        <ele>7.13</ele>
      </trkpt>
      <trkpt lat="1.2883616331964731" lon="103.63684415817261">
        <ele>6.96</ele>
      </trkpt>
      <trkpt lat="1.2880928255617619" lon="103.63682278431952">
        <ele>6.81</ele>
      </trkpt>
      <trkpt lat="1.2878240179270506" lon="103.63680141046643">
        <ele>6.59</ele>
      </trkpt>
      <trkpt lat="1.2875552102923393" lon="103.63678012043238">
        <ele>6.34</ele>
      </trkpt>
      <trkpt lat="1.287286402657628" lon="103.63675874657929">
        <ele>6.09</ele>
      </trkpt>
      <trkpt lat="1.2870097998529673" lon="103.63673686981201">
        <ele>5.84</ele>
      </trkpt>
      <trkpt lat="1.2870097160339355" lon="103.63673686981201">
        <ele>5.59</ele>
      </trkpt>
      <trkpt lat="1.2867952231317759" lon="103.63671541213989">
        <ele>5.37</ele>
      </trkpt>
      <trkpt lat="1.2867951393127441" lon="103.63671541213989">
        <ele>5.11</ele>
      </trkpt>
      <trkpt lat="1.2864836677908897" lon="103.6366940382868">
        <ele>4.89</ele>
      </trkpt>
      <trkpt lat="1.2861721962690353" lon="103.63667266443372">
        <ele>4.45</ele>
      </trkpt>
      <trkpt lat="1.2858608085662127" lon="103.63665137439966">
        <ele>4.06</ele>
      </trkpt>
      <trkpt lat="1.2855493370443583" lon="103.63663000054657">
        <ele>3.78</ele>
      </trkpt>
      <trkpt lat="1.2852288130670786" lon="103.6366081237793">
        <ele>3.51</ele>
      </trkpt>
      <trkpt lat="1.284971321001649" lon="103.63658666610718">
        <ele>3.24</ele>
      </trkpt>
      <trkpt lat="1.284725982695818" lon="103.63656529225409">
        <ele>2.97</ele>
      </trkpt>
      <trkpt lat="1.2844777945429087" lon="103.63654375076294">
        <ele>2.71</ele>
      </trkpt>
      <trkpt lat="1.2844134215265512" lon="103.63652229309082">
        <ele>2.45</ele>
      </trkpt>
      <trkpt lat="1.2844133377075195" lon="103.63652229309082">
        <ele>2.2</ele>
      </trkpt>
      <trkpt lat="1.2843061331659555" lon="103.63652229309082">
        <ele>1.96</ele>
      </trkpt>
      <trkpt lat="1.2842632178217173" lon="103.63652229309082">
        <ele>1.72</ele>
      </trkpt>
      <trkpt lat="1.2840178795158863" lon="103.63650091923773">
        <ele>1.5</ele>
      </trkpt>
      <trkpt lat="1.283769691362977" lon="103.63647937774658">
        <ele>1.28</ele>
      </trkpt>
      <trkpt lat="1.283485209569335" lon="103.63646512851119">
        <ele>1.07</ele>
      </trkpt>
      <trkpt lat="1.2832008115947247" lon="103.6364508792758">
        <ele>0.87</ele>
      </trkpt>
      <trkpt lat="1.2829113844782114" lon="103.63643646240234">
        <ele>0.69</ele>
      </trkpt>
      <trkpt lat="1.2826269026845694" lon="103.63641274161637">
        <ele>0.51</ele>
      </trkpt>
      <trkpt lat="1.282342504709959" lon="103.63638902083039">
        <ele>0.34</ele>
      </trkpt>
      <trkpt lat="1.282058022916317" lon="103.63636530004442">
        <ele>0.18</ele>
      </trkpt>
      <trkpt lat="1.2817736249417067" lon="103.63634157925844">
        <ele>0.04</ele>
      </trkpt>
      <trkpt lat="1.2814891431480646" lon="103.6363179422915">
        <ele>-0.09</ele>
      </trkpt>
      <trkpt lat="1.2812047451734543" lon="103.63629422150552">
        <ele>-0.22</ele>
      </trkpt>
      <trkpt lat="1.2809202633798122" lon="103.63627050071955">
        <ele>-0.33</ele>
      </trkpt>
      <trkpt lat="1.280635865405202" lon="103.63624677993357">
        <ele>-0.44</ele>
      </trkpt>
      <trkpt lat="1.2803364638239145" lon="103.63622188568115">
        <ele>-0.54</ele>
      </trkpt>
      <trkpt lat="1.2800483778119087" lon="103.63620051182806">
        <ele>-0.62</ele>
      </trkpt>
      <trkpt lat="1.279757022857666" lon="103.63617897033691">
        <ele>-0.7</ele>
      </trkpt>
      <trkpt lat="1.2796282768249512" lon="103.63617897033691">
        <ele>-0.77</ele>
      </trkpt>
      <trkpt lat="1.2795425299555063" lon="103.63617897033691">
        <ele>-0.83</ele>
      </trkpt>
      <trkpt lat="1.279478156939149" lon="103.63617897033691">
        <ele>-0.88</ele>
      </trkpt>
      <trkpt lat="1.2794780731201172" lon="103.63617897033691">
        <ele>-0.92</ele>
      </trkpt>
      <trkpt lat="1.279198033735156" lon="103.63616027869284">
        <ele>-0.96</ele>
      </trkpt>
      <trkpt lat="1.2789180781692266" lon="103.63614158704877">
        <ele>-0.99</ele>
      </trkpt>
      <trkpt lat="1.2786381226032972" lon="103.6361228954047">
        <ele>-1.01</ele>
      </trkpt>
      <trkpt lat="1.278358083218336" lon="103.63610428757966">
        <ele>-1.03</ele>
      </trkpt>
      <trkpt lat="1.2780781276524067" lon="103.63608559593558">
        <ele>-1.04</ele>
      </trkpt>
      <trkpt lat="1.2777981720864773" lon="103.63606690429151">
        <ele>-1.04</ele>
      </trkpt>
      <trkpt lat="1.2775181327015162" lon="103.63604829646647">
        <ele>-1.04</ele>
      </trkpt>
      <trkpt lat="1.2772251013666391" lon="103.63602876663208">
        <ele>-1.03</ele>
      </trkpt>
      <trkpt lat="1.2769122049212456" lon="103.6360050458461">
        <ele>-1.02</ele>
      </trkpt>
      <trkpt lat="1.276599308475852" lon="103.63598132506013">
        <ele>-1.01</ele>
      </trkpt>
      <trkpt lat="1.2762864120304585" lon="103.63595760427415">
        <ele>-0.99</ele>
      </trkpt>
      <trkpt lat="1.2759735155850649" lon="103.63593388348818">
        <ele>-0.97</ele>
      </trkpt>
      <trkpt lat="1.2756606191396713" lon="103.63591024652123">
        <ele>-0.94</ele>
      </trkpt>
      <trkpt lat="1.2753478065133095" lon="103.63588652573526">
        <ele>-0.91</ele>
      </trkpt>
      <trkpt lat="1.275034910067916" lon="103.63586280494928">
        <ele>-0.88</ele>
      </trkpt>
      <trkpt lat="1.2747220136225224" lon="103.63583908416331">
        <ele>-0.85</ele>
      </trkpt>
      <trkpt lat="1.2743926886469126" lon="103.63581418991089">
        <ele>-0.81</ele>
      </trkpt>
      <trkpt lat="1.2743926048278809" lon="103.63581418991089">
        <ele>-0.78</ele>
      </trkpt>
      <trkpt lat="1.2741579115390778" lon="103.6357928160578">
        <ele>-0.74</ele>
      </trkpt>
      <trkpt lat="1.2739206198602915" lon="103.63577127456665">
        <ele>-0.7</ele>
      </trkpt>
      <trkpt lat="1.273856246843934" lon="103.63577127456665">
        <ele>-0.66</ele>
      </trkpt>
      <trkpt lat="1.2737274169921875" lon="103.63577127456665">
        <ele>-0.62</ele>
      </trkpt>
      <trkpt lat="1.27366304397583" lon="103.63577127456665">
        <ele>-0.59</ele>
      </trkpt>
      <trkpt lat="1.2734700087457895" lon="103.63577127456665">
        <ele>-0.55</ele>
      </trkpt>
      <trkpt lat="1.2734699249267578" lon="103.63577127456665">
        <ele>-0.51</ele>
      </trkpt>
      <trkpt lat="1.2731773126870394" lon="103.63575140945613">
        <ele>-0.47</ele>
      </trkpt>
      <trkpt lat="1.2728847842663527" lon="103.63573162816465">
        <ele>-0.43</ele>
      </trkpt>
      <trkpt lat="1.2725921720266342" lon="103.63571184687316">
        <ele>-0.39</ele>
      </trkpt>
      <trkpt lat="1.2722996436059475" lon="103.63569198176265">
        <ele>-0.35</ele>
      </trkpt>
      <trkpt lat="1.2720071151852608" lon="103.63567220047116">
        <ele>-0.32</ele>
      </trkpt>
      <trkpt lat="1.2717145029455423" lon="103.63565241917968">
        <ele>-0.28</ele>
      </trkpt>
      <trkpt lat="1.2714219745248556" lon="103.63563255406916">
        <ele>-0.25</ele>
      </trkpt>
      <trkpt lat="1.2711293622851372" lon="103.63561277277768">
        <ele>-0.22</ele>
      </trkpt>
      <trkpt lat="1.2708368338644505" lon="103.63559299148619">
        <ele>-0.19</ele>
      </trkpt>
      <trkpt lat="1.2705443054437637" lon="103.63557312637568">
        <ele>-0.16</ele>
      </trkpt>
      <trkpt lat="1.2702516932040453" lon="103.63555334508419">
        <ele>-0.13</ele>
      </trkpt>
      <trkpt lat="1.2699591647833586" lon="103.6355335637927">
        <ele>-0.1</ele>
      </trkpt>
      <trkpt lat="1.2696665525436401" lon="103.63551369868219">
        <ele>-0.07</ele>
      </trkpt>
      <trkpt lat="1.2693500518798828" lon="103.6354923248291">
        <ele>-0.05</ele>
      </trkpt>
      <trkpt lat="1.2690371554344893" lon="103.63547807559371">
        <ele>-0.03</ele>
      </trkpt>
      <trkpt lat="1.2687243428081274" lon="103.63546382635832">
        <ele>-0.01</ele>
      </trkpt>
      <trkpt lat="1.2684059981256723" lon="103.63544940948486">
        <ele>0.0</ele>
      </trkpt>
      <trkpt lat="1.2683629989624023" lon="103.63542795181274">
        <ele>0.02</ele>
      </trkpt>
      <trkpt lat="1.2682342529296875" lon="103.63542795181274">
        <ele>0.04</ele>
      </trkpt>
      <trkpt lat="1.2682342529296875" lon="103.63527774810791">
        <ele>0.06</ele>
      </trkpt>
      <trkpt lat="1.2682557944208384" lon="103.63521337509155">
        <ele>0.07</ele>
      </trkpt>
      <trkpt lat="1.2682557106018066" lon="103.63521337509155">
        <ele>0.08</ele>
      </trkpt>
      <trkpt lat="1.2682855501770973" lon="103.63490911200643">
        <ele>0.09</ele>
      </trkpt>
      <trkpt lat="1.2683154735714197" lon="103.63460493274033">
        <ele>0.1</ele>
      </trkpt>
      <trkpt lat="1.2683453969657421" lon="103.63430075347424">
        <ele>0.11</ele>
      </trkpt>
      <trkpt lat="1.2683752365410328" lon="103.63399657420814">
        <ele>0.12</ele>
      </trkpt>
      <trkpt lat="1.2684047408401966" lon="103.63369541242719">
        <ele>0.13</ele>
      </trkpt>
      <trkpt lat="1.2684048246592283" lon="103.63369516097009">
        <ele>0.13</ele>
      </trkpt>
      <trkpt lat="1.26840490847826" lon="103.63369457423687">
        <ele>0.14</ele>
      </trkpt>
      <trkpt lat="1.2684050761163235" lon="103.63369356840849">
        <ele>0.14</ele>
      </trkpt>
      <trkpt lat="1.2684319820255041" lon="103.63341922871768">
        <ele>0.14</ele>
      </trkpt>
      <trkpt lat="1.2684589717537165" lon="103.63314497284591">
        <ele>0.14</ele>
      </trkpt>
      <trkpt lat="1.268485877662897" lon="103.63287071697414">
        <ele>0.14</ele>
      </trkpt>
      <trkpt lat="1.2685128673911095" lon="103.63259646110237">
        <ele>0.14</ele>
      </trkpt>
      <trkpt lat="1.2685398571193218" lon="103.6323222052306">
        <ele>0.14</ele>
      </trkpt>
      <trkpt lat="1.2685667630285025" lon="103.63204794935882">
        <ele>0.14</ele>
      </trkpt>
      <trkpt lat="1.2685937527567148" lon="103.63177369348705">
        <ele>0.14</ele>
      </trkpt>
      <trkpt lat="1.2686205748468637" lon="103.63150119781494">
        <ele>0.14</ele>
      </trkpt>
      <trkpt lat="1.268663490191102" lon="103.63126516342163">
        <ele>0.13</ele>
      </trkpt>
      <trkpt lat="1.2686742190271616" lon="103.63110406324267">
        <ele>0.13</ele>
      </trkpt>
      <trkpt lat="1.2686849478632212" lon="103.63094329833984">
        <ele>0.13</ele>
      </trkpt>
      <trkpt lat="1.2687277793884277" lon="103.63073928281665">
        <ele>0.12</ele>
      </trkpt>
      <trkpt lat="1.268770694732666" lon="103.63053560256958">
        <ele>0.12</ele>
      </trkpt>
      <trkpt lat="1.2688671704381704" lon="103.63037475384772">
        <ele>0.11</ele>
      </trkpt>
      <trkpt lat="1.26896389760077" lon="103.6302137374878">
        <ele>0.11</ele>
      </trkpt>
      <trkpt lat="1.2690926436334848" lon="103.62997770309448">
        <ele>0.1</ele>
      </trkpt>
      <trkpt lat="1.2691570166498423" lon="103.62976312637329">
        <ele>0.1</ele>
      </trkpt>
      <trkpt lat="1.2691784743219614" lon="103.62946271896362">
        <ele>0.09</ele>
      </trkpt>
      <trkpt lat="1.2691999319940805" lon="103.62941980361938">
        <ele>0.09</ele>
      </trkpt>
      <trkpt lat="1.2691999319940805" lon="103.62929105758667">
        <ele>0.08</ele>
      </trkpt>
      <trkpt lat="1.2691998481750488" lon="103.62929105758667">
        <ele>0.08</ele>
      </trkpt>
      <trkpt lat="1.2692213896661997" lon="103.62918376922607">
        <ele>0.07</ele>
      </trkpt>
      <trkpt lat="1.269221305847168" lon="103.62918376922607">
        <ele>0.06</ele>
      </trkpt>
      <trkpt lat="1.2692213896661997" lon="103.62901210784912">
        <ele>0.06</ele>
      </trkpt>
      <trkpt lat="1.2692428473383188" lon="103.62877582199872">
        <ele>0.05</ele>
      </trkpt>
      <trkpt lat="1.269264305010438" lon="103.62853961996734">
        <ele>0.05</ele>
      </trkpt>
      <trkpt lat="1.269285762682557" lon="103.62830341793597">
        <ele>0.04</ele>
      </trkpt>
      <trkpt lat="1.2693072203546762" lon="103.62806797027588">
        <ele>0.04</ele>
      </trkpt>
      <trkpt lat="1.2693071365356445" lon="103.62806797027588">
        <ele>0.03</ele>
      </trkpt>
      <trkpt lat="1.2693393230438232" lon="103.6277994979173">
        <ele>0.03</ele>
      </trkpt>
      <trkpt lat="1.2693715933710337" lon="103.6275315284729">
        <ele>0.02</ele>
      </trkpt>
      <trkpt lat="1.2693930510431528" lon="103.62725257873535">
        <ele>0.02</ele>
      </trkpt>
      <trkpt lat="1.269392967224121" lon="103.62723112106323">
        <ele>0.01</ele>
      </trkpt>
      <trkpt lat="1.2694144248962402" lon="103.62712383270264">
        <ele>0.01</ele>
      </trkpt>
      <trkpt lat="1.269414508715272" lon="103.62703800201416">
        <ele>0.01</ele>
      </trkpt>
      <trkpt lat="1.269435966387391" lon="103.6268663406372">
        <ele>0.0</ele>
      </trkpt>
      <trkpt lat="1.2694665603339672" lon="103.62659325823188">
        <ele>0.0</ele>
      </trkpt>
      <trkpt lat="1.269497238099575" lon="103.62632025964558">
        <ele>0.0</ele>
      </trkpt>
      <trkpt lat="1.2695279158651829" lon="103.62604726105928">
        <ele>0.0</ele>
      </trkpt>
      <trkpt lat="1.2695585936307907" lon="103.62577417865396">
        <ele>0.0</ele>
      </trkpt>
      <trkpt lat="1.2695892713963985" lon="103.62550118006766">
        <ele>0.0</ele>
      </trkpt>
      <trkpt lat="1.2696199491620064" lon="103.62522818148136">
        <ele>0.0</ele>
      </trkpt>
      <trkpt lat="1.2696505431085825" lon="103.6249566078186">
        <ele>-0.01</ele>
      </trkpt>
      <trkpt lat="1.2696827296167612" lon="103.62474186345935">
        <ele>-0.01</ele>
      </trkpt>
      <trkpt lat="1.26971491612494" lon="103.62452745437622">
        <ele>-0.01</ele>
      </trkpt>
      <trkpt lat="1.269736373797059" lon="103.624262586236">
        <ele>-0.01</ele>
      </trkpt>
      <trkpt lat="1.2697578314691782" lon="103.62399771809578">
        <ele>-0.01</ele>
      </trkpt>
      <trkpt lat="1.2697792891412973" lon="103.62373352050781">
        <ele>-0.01</ele>
      </trkpt>
      <trkpt lat="1.2697792891412973" lon="103.62344359047711">
        <ele>-0.01</ele>
      </trkpt>
      <trkpt lat="1.2697792891412973" lon="103.6231541633606">
        <ele>-0.01</ele>
      </trkpt>
      <trkpt lat="1.2697738409042358" lon="103.62290714867413">
        <ele>-0.02</ele>
      </trkpt>
      <trkpt lat="1.269768476486206" lon="103.6226602178067">
        <ele>-0.02</ele>
      </trkpt>
      <trkpt lat="1.2697631120681763" lon="103.62241320312023">
        <ele>-0.02</ele>
      </trkpt>
      <trkpt lat="1.2697577476501465" lon="103.62216711044312">
        <ele>-0.02</ele>
      </trkpt>
      <trkpt lat="1.2697792053222656" lon="103.62194515764713">
        <ele>-0.02</ele>
      </trkpt>
      <trkpt lat="1.2698007468134165" lon="103.62172328867018">
        <ele>-0.02</ele>
      </trkpt>
      <trkpt lat="1.2698222044855356" lon="103.62150192260742">
        <ele>-0.02</ele>
      </trkpt>
      <trkpt lat="1.2698543909937143" lon="103.62123345024884">
        <ele>-0.02</ele>
      </trkpt>
      <trkpt lat="1.269886577501893" lon="103.62096548080444">
        <ele>-0.02</ele>
      </trkpt>
      <trkpt lat="1.2698864936828613" lon="103.62096548080444">
        <ele>-0.02</ele>
      </trkpt>
      <trkpt lat="1.2699080351740122" lon="103.62079381942749">
        <ele>-0.02</ele>
      </trkpt>
      <trkpt lat="1.2699080351740122" lon="103.62070798873901">
        <ele>-0.01</ele>
      </trkpt>
      <trkpt lat="1.2699294090270996" lon="103.6205792427063">
        <ele>-0.01</ele>
      </trkpt>
      <trkpt lat="1.2699509505182505" lon="103.62051486968994">
        <ele>-0.01</ele>
      </trkpt>
      <trkpt lat="1.2699509505182505" lon="103.6204719543457">
        <ele>-0.01</ele>
      </trkpt>
      <trkpt lat="1.2699508666992188" lon="103.62030029296875">
        <ele>-0.01</ele>
      </trkpt>
      <trkpt lat="1.2699509505182505" lon="103.62030029296875">
        <ele>-0.01</ele>
      </trkpt>
      <trkpt lat="1.2699509505182505" lon="103.62011773511767">
        <ele>-0.01</ele>
      </trkpt>
      <trkpt lat="1.2699509505182505" lon="103.61993551254272">
        <ele>-0.01</ele>
      </trkpt>
      <trkpt lat="1.2699509505182505" lon="103.61980676651001">
        <ele>-0.01</ele>
      </trkpt>
      <trkpt lat="1.2699508666992188" lon="103.61951834522188">
        <ele>-0.01</ele>
      </trkpt>
      <trkpt lat="1.2699508666992188" lon="103.61922992393374">
        <ele>-0.01</ele>
      </trkpt>
      <trkpt lat="1.2699508666992188" lon="103.61894158646464">
        <ele>-0.01</ele>
      </trkpt>
      <trkpt lat="1.2699508666992188" lon="103.61865316517651">
        <ele>-0.01</ele>
      </trkpt>
      <trkpt lat="1.2699508666992188" lon="103.61836482770741">
        <ele>-0.01</ele>
      </trkpt>
      <trkpt lat="1.2699508666992188" lon="103.61807640641928">
        <ele>0.0</ele>
      </trkpt>
      <trkpt lat="1.2699508666992188" lon="103.61778974533081">
        <ele>0.0</ele>
      </trkpt>
      <trkpt lat="1.2699509505182505" lon="103.61778974533081">
        <ele>0.0</ele>
      </trkpt>
      <trkpt lat="1.269943742081523" lon="103.61748908646405">
        <ele>0.0</ele>
      </trkpt>
      <trkpt lat="1.2699366174638271" lon="103.61718842759728">
        <ele>0.0</ele>
      </trkpt>
      <trkpt lat="1.2699294928461313" lon="103.6168885231018">
        <ele>0.0</ele>
      </trkpt>
      <trkpt lat="1.2699294928461313" lon="103.61672742292285">
        <ele>0.0</ele>
      </trkpt>
      <trkpt lat="1.2699294928461313" lon="103.61656665802002">
        <ele>0.0</ele>
      </trkpt>
      <trkpt lat="1.269940221682191" lon="103.61636264249682">
        <ele>0.0</ele>
      </trkpt>
      <trkpt lat="1.2699509505182505" lon="103.61615896224976">
        <ele>0.0</ele>
      </trkpt>
      <trkpt lat="1.2699509505182505" lon="103.61594438552856">
        <ele>0.0</ele>
      </trkpt>
      <trkpt lat="1.2699509505182505" lon="103.61590147018433">
        <ele>0.0</ele>
      </trkpt>
      <trkpt lat="1.2698007468134165" lon="103.61585855484009">
        <ele>0.0</ele>
      </trkpt>
      <trkpt lat="1.2695871759206057" lon="103.61578026786447">
        <ele>0.0</ele>
      </trkpt>
      <trkpt lat="1.2693736888468266" lon="103.61570198088884">
        <ele>0.0</ele>
      </trkpt>
      <trkpt lat="1.2691570166498423" lon="103.61562252044678">
        <ele>0.0</ele>
      </trkpt>
      <trkpt lat="1.2689648196101189" lon="103.61554775387049">
        <ele>0.0</ele>
      </trkpt>
      <trkpt lat="1.2687707785516977" lon="103.61547231674194">
        <ele>0.0</ele>
      </trkpt>
      <trkpt lat="1.2684974446892738" lon="103.61537408083677">
        <ele>0.0</ele>
      </trkpt>
      <trkpt lat="1.2682241946458817" lon="103.6152758449316">
        <ele>0.0</ele>
      </trkpt>
      <trkpt lat="1.2679509446024895" lon="103.61517769284546">
        <ele>0.0</ele>
      </trkpt>
      <trkpt lat="1.2676776945590973" lon="103.6150794569403">
        <ele>0.0</ele>
      </trkpt>
      <trkpt lat="1.2673974875360727" lon="103.6149787902832">
        <ele>0.0</ele>
      </trkpt>
      <trkpt lat="1.267397403717041" lon="103.6149787902832">
        <ele>0.0</ele>
      </trkpt>
      <trkpt lat="1.2671270035207272" lon="103.61489337868989">
        <ele>0.0</ele>
      </trkpt>
      <trkpt lat="1.2668566033244133" lon="103.61480796709657">
        <ele>0.0</ele>
      </trkpt>
      <trkpt lat="1.2665820121765137" lon="103.61472129821777">
        <ele>0.0</ele>
      </trkpt>
      <trkpt lat="1.2663088459521532" lon="103.6146700847894">
        <ele>0.0</ele>
      </trkpt>
      <trkpt lat="1.2660357635468245" lon="103.61461887136102">
        <ele>0.0</ele>
      </trkpt>
      <trkpt lat="1.265762597322464" lon="103.61456765793264">
        <ele>0.0</ele>
      </trkpt>
      <trkpt lat="1.2654895149171352" lon="103.61451644450426">
        <ele>0.0</ele>
      </trkpt>
      <trkpt lat="1.2652087211608887" lon="103.61446380615234">
        <ele>0.0</ele>
      </trkpt>
      <trkpt lat="1.2649953179061413" lon="103.61445668153465">
        <ele>0.0</ele>
      </trkpt>
      <trkpt lat="1.2647819984704256" lon="103.61444955691695">
        <ele>0.0</ele>
      </trkpt>
      <trkpt lat="1.2645649909973145" lon="103.61444234848022">
        <ele>0.0</ele>
      </trkpt>
      <trkpt lat="1.2642527651041746" lon="103.61444033682346">
        <ele>0.0</ele>
      </trkpt>
      <trkpt lat="1.2639405392110348" lon="103.61443840898573">
        <ele>0.0</ele>
      </trkpt>
      <trkpt lat="1.263628313317895" lon="103.614436481148">
        <ele>0.0</ele>
      </trkpt>
      <trkpt lat="1.263316087424755" lon="103.61443455331028">
        <ele>0.0</ele>
      </trkpt>
      <trkpt lat="1.2630038615316153" lon="103.61443262547255">
        <ele>0.0</ele>
      </trkpt>
      <trkpt lat="1.2626916356384754" lon="103.61443069763482">
        <ele>0.0</ele>
      </trkpt>
      <trkpt lat="1.2623794097453356" lon="103.61442876979709">
        <ele>0.0</ele>
      </trkpt>
      <trkpt lat="1.2620672676712275" lon="103.61442675814033">
        <ele>0.0</ele>
      </trkpt>
      <trkpt lat="1.2617550417780876" lon="103.6144248303026">
        <ele>0.0</ele>
      </trkpt>
      <trkpt lat="1.2614428158849478" lon="103.61442290246487">
        <ele>0.0</ele>
      </trkpt>
      <trkpt lat="1.2611103896051645" lon="103.6144208908081">
        <ele>0.0</ele>
      </trkpt>
      <trkpt lat="1.2608116585761309" lon="103.6144208908081">
        <ele>0.0</ele>
      </trkpt>
      <trkpt lat="1.2605095747858286" lon="103.6144208908081">
        <ele>0.0</ele>
      </trkpt>
      <trkpt lat="1.2605094909667969" lon="103.6144208908081">
        <ele>0.0</ele>
      </trkpt>
      <trkpt lat="1.2602069042623043" lon="103.6144208908081">
        <ele>0.0</ele>
      </trkpt>
      <trkpt lat="1.2599044013768435" lon="103.6144208908081">
        <ele>0.0</ele>
      </trkpt>
      <trkpt lat="1.2596018984913826" lon="103.6144208908081">
        <ele>0.0</ele>
      </trkpt>
      <trkpt lat="1.2592993956059217" lon="103.6144208908081">
        <ele>0.0</ele>
      </trkpt>
      <trkpt lat="1.2589968089014292" lon="103.6144208908081">
        <ele>0.0</ele>
      </trkpt>
      <trkpt lat="1.2586943060159683" lon="103.6144208908081">
        <ele>0.0</ele>
      </trkpt>
      <trkpt lat="1.2583918031305075" lon="103.6144208908081">
        <ele>0.0</ele>
      </trkpt>
      <trkpt lat="1.2580893002450466" lon="103.6144208908081">
        <ele>0.0</ele>
      </trkpt>
      <trkpt lat="1.257786713540554" lon="103.6144208908081">
        <ele>0.0</ele>
      </trkpt>
      <trkpt lat="1.2574842106550932" lon="103.6144208908081">
        <ele>0.0</ele>
      </trkpt>
      <trkpt lat="1.2571817077696323" lon="103.6144208908081">
        <ele>0.0</ele>
      </trkpt>
      <trkpt lat="1.2568792048841715" lon="103.6144208908081">
        <ele>0.0</ele>
      </trkpt>
      <trkpt lat="1.256576618179679" lon="103.6144208908081">
        <ele>0.0</ele>
      </trkpt>
      <trkpt lat="1.256274115294218" lon="103.6144208908081">
        <ele>0.0</ele>
      </trkpt>
      <trkpt lat="1.2559716124087572" lon="103.6144208908081">
        <ele>0.0</ele>
      </trkpt>
      <trkpt lat="1.2556691095232964" lon="103.6144208908081">
        <ele>0.0</ele>
      </trkpt>
      <trkpt lat="1.2553666066378355" lon="103.6144208908081">
        <ele>0.0</ele>
      </trkpt>
      <trkpt lat="1.255064019933343" lon="103.6144208908081">
        <ele>0.0</ele>
      </trkpt>
      <trkpt lat="1.254761517047882" lon="103.6144208908081">
        <ele>0.0</ele>
      </trkpt>
      <trkpt lat="1.2544590141624212" lon="103.6144208908081">
        <ele>0.0</ele>
      </trkpt>
      <trkpt lat="1.2541565112769604" lon="103.6144208908081">
        <ele>0.0</ele>
      </trkpt>
      <trkpt lat="1.2538147810846567" lon="103.6144208908081">
        <ele>0.0</ele>
      </trkpt>
      <trkpt lat="1.2535587139427662" lon="103.6144208908081">
        <ele>0.0</ele>
      </trkpt>
      <trkpt lat="1.2533027306199074" lon="103.6144208908081">
        <ele>0.0</ele>
      </trkpt>
      <trkpt lat="1.2530423048883677" lon="103.6144208908081">
        <ele>0.0</ele>
      </trkpt>
      <trkpt lat="1.2528921011835337" lon="103.6144208908081">
        <ele>0.0</ele>
      </trkpt>
      <trkpt lat="1.2527633551508188" lon="103.6144208908081">
        <ele>0.0</ele>
      </trkpt>
      <trkpt lat="1.252514412626624" lon="103.61443505622447">
        <ele>0.0</ele>
      </trkpt>
      <trkpt lat="1.2522654701024294" lon="103.61444930545986">
        <ele>0.0</ele>
      </trkpt>
      <trkpt lat="1.2520122528076172" lon="103.61446380615234">
        <ele>0.0</ele>
      </trkpt>
      <trkpt lat="1.2517262622714043" lon="103.61452776007354">
        <ele>0.0</ele>
      </trkpt>
      <trkpt lat="1.251440355554223" lon="103.61459179781377">
        <ele>0.0</ele>
      </trkpt>
      <trkpt lat="1.2511543650180101" lon="103.614655835554">
        <ele>0.0</ele>
      </trkpt>
      <trkpt lat="1.250868458300829" lon="103.6147197894752">
        <ele>0.0</ele>
      </trkpt>
      <trkpt lat="1.2505745887756348" lon="103.61478567123413">
        <ele>0.0</ele>
      </trkpt>
      <trkpt lat="1.2503398954868317" lon="103.61481760628521">
        <ele>0.0</ele>
      </trkpt>
      <trkpt lat="1.2501025199890137" lon="103.61485004425049">
        <ele>0.0</ele>
      </trkpt>
      <trkpt lat="1.2498038727790117" lon="103.61485473811626">
        <ele>0.0</ele>
      </trkpt>
      <trkpt lat="1.2495052255690098" lon="103.61485951580107">
        <ele>0.0</ele>
      </trkpt>
      <trkpt lat="1.2492065783590078" lon="103.61486420966685">
        <ele>0.0</ele>
      </trkpt>
      <trkpt lat="1.248907931149006" lon="103.61486898735166">
        <ele>0.0</ele>
      </trkpt>
      <trkpt lat="1.248609283939004" lon="103.61487368121743">
        <ele>0.0</ele>
      </trkpt>
      <trkpt lat="1.248310636729002" lon="103.61487845890224">
        <ele>0.0</ele>
      </trkpt>
      <trkpt lat="1.248011989519" lon="103.61488315276802">
        <ele>0.0</ele>
      </trkpt>
      <trkpt lat="1.247713342308998" lon="103.61488793045282">
        <ele>0.0</ele>
      </trkpt>
      <trkpt lat="1.2473989371210337" lon="103.61489295959473">
        <ele>0.0</ele>
      </trkpt>
      <trkpt lat="1.247149994596839" lon="103.61489295959473">
        <ele>0.0</ele>
      </trkpt>
      <trkpt lat="1.246901135891676" lon="103.61489295959473">
        <ele>0.0</ele>
      </trkpt>
      <trkpt lat="1.2466479185968637" lon="103.61489295959473">
        <ele>0.0</ele>
      </trkpt>
      <trkpt lat="1.2464977148920298" lon="103.61489295959473">
        <ele>0.0</ele>
      </trkpt>
      <trkpt lat="1.246368968859315" lon="103.61489295959473">
        <ele>0.0</ele>
      </trkpt>
      <trkpt lat="1.2463688850402832" lon="103.61502170562744">
        <ele>0.0</ele>
      </trkpt>
      <trkpt lat="1.2460707407444715" lon="103.61502170562744">
        <ele>0.0</ele>
      </trkpt>
      <trkpt lat="1.2457726802676916" lon="103.61502170562744">
        <ele>0.0</ele>
      </trkpt>
      <trkpt lat="1.2454746197909117" lon="103.61502170562744">
        <ele>0.0</ele>
      </trkpt>
      <trkpt lat="1.2451765593141317" lon="103.61502170562744">
        <ele>0.0</ele>
      </trkpt>
      <trkpt lat="1.2448784988373518" lon="103.61502170562744">
        <ele>0.0</ele>
      </trkpt>
      <trkpt lat="1.2445804383605719" lon="103.61502170562744">
        <ele>0.0</ele>
      </trkpt>
      <trkpt lat="1.244282377883792" lon="103.61502170562744">
        <ele>0.0</ele>
      </trkpt>
      <trkpt lat="1.243984317407012" lon="103.61502170562744">
        <ele>0.0</ele>
      </trkpt>
      <trkpt lat="1.2436861731112003" lon="103.61502170562744">
        <ele>0.0</ele>
      </trkpt>
      <trkpt lat="1.2433881126344204" lon="103.61502170562744">
        <ele>0.0</ele>
      </trkpt>
      <trkpt lat="1.2430900521576405" lon="103.61502170562744">
        <ele>0.0</ele>
      </trkpt>
      <trkpt lat="1.2427919916808605" lon="103.61502170562744">
        <ele>0.0</ele>
      </trkpt>
      <trkpt lat="1.242474401369691" lon="103.61502170562744">
        <ele>0.0</ele>
      </trkpt>
      <trkpt lat="1.242473479360342" lon="103.61502170562744">
        <ele>0.0</ele>
      </trkpt>
      <trkpt lat="1.2424732279032469" lon="103.61502170562744">
        <ele>0.0</ele>
      </trkpt>
      <trkpt lat="1.242471132427454" lon="103.61502170562744">
        <ele>0.0</ele>
      </trkpt>
      <trkpt lat="1.242769192904234" lon="103.61502170562744">
        <ele>0.0</ele>
      </trkpt>
      <trkpt lat="1.2430672533810139" lon="103.61502170562744">
        <ele>0.0</ele>
      </trkpt>
      <trkpt lat="1.2433653138577938" lon="103.61502170562744">
        <ele>0.0</ele>
      </trkpt>
      <trkpt lat="1.2436633743345737" lon="103.61502170562744">
        <ele>0.0</ele>
      </trkpt>
      <trkpt lat="1.2439614348113537" lon="103.61502170562744">
        <ele>0.0</ele>
      </trkpt>
      <trkpt lat="1.2442594952881336" lon="103.61502170562744">
        <ele>0.0</ele>
      </trkpt>
      <trkpt lat="1.2445575557649136" lon="103.61502170562744">
        <ele>0.0</ele>
      </trkpt>
      <trkpt lat="1.2448556162416935" lon="103.61502170562744">
        <ele>0.0</ele>
      </trkpt>
      <trkpt lat="1.2451537605375051" lon="103.61502170562744">
        <ele>0.0</ele>
      </trkpt>
      <trkpt lat="1.245451821014285" lon="103.61502170562744">
        <ele>0.0</ele>
      </trkpt>
      <trkpt lat="1.245749881491065" lon="103.61502170562744">
        <ele>0.0</ele>
      </trkpt>
      <trkpt lat="1.246047941967845" lon="103.61502170562744">
        <ele>0.0</ele>
      </trkpt>
      <trkpt lat="1.2463688850402832" lon="103.61502170562744">
        <ele>0.0</ele>
      </trkpt>
      <trkpt lat="1.246368968859315" lon="103.61489295959473">
        <ele>0.0</ele>
      </trkpt>
      <trkpt lat="1.2464977148920298" lon="103.61489295959473">
        <ele>0.0</ele>
      </trkpt>
      <trkpt lat="1.2466479185968637" lon="103.61489295959473">
        <ele>0.0</ele>
      </trkpt>
      <trkpt lat="1.2468967773020267" lon="103.61489295959473">
        <ele>0.0</ele>
      </trkpt>
      <trkpt lat="1.2471456360071898" lon="103.61489295959473">
        <ele>0.0</ele>
      </trkpt>
      <trkpt lat="1.2473989371210337" lon="103.61489295959473">
        <ele>0.0</ele>
      </trkpt>
      <trkpt lat="1.247697500512004" lon="103.61488818190992">
        <ele>-0.01</ele>
      </trkpt>
      <trkpt lat="1.2479961477220058" lon="103.61488340422511">
        <ele>-0.01</ele>
      </trkpt>
      <trkpt lat="1.2482947949320078" lon="103.61487871035933">
        <ele>-0.01</ele>
      </trkpt>
      <trkpt lat="1.2485934421420097" lon="103.61487393267453">
        <ele>-0.01</ele>
      </trkpt>
      <trkpt lat="1.2488920893520117" lon="103.61486923880875">
        <ele>-0.01</ele>
      </trkpt>
      <trkpt lat="1.2491907365620136" lon="103.61486446112394">
        <ele>-0.01</ele>
      </trkpt>
      <trkpt lat="1.2494893837720156" lon="103.61485976725817">
        <ele>-0.01</ele>
      </trkpt>
      <trkpt lat="1.2497880309820175" lon="103.61485498957336">
        <ele>-0.01</ele>
      </trkpt>
      <trkpt lat="1.2501025199890137" lon="103.61485004425049">
        <ele>0.0</ele>
      </trkpt>
      <trkpt lat="1.250337129458785" lon="103.61481802538037">
        <ele>-0.01</ele>
      </trkpt>
      <trkpt lat="1.2505745887756348" lon="103.61478567123413">
        <ele>0.0</ele>
      </trkpt>
      <trkpt lat="1.250860495492816" lon="103.6147216334939">
        <ele>-0.01</ele>
      </trkpt>
      <trkpt lat="1.2511464022099972" lon="103.61465759575367">
        <ele>-0.01</ele>
      </trkpt>
      <trkpt lat="1.25143239274621" lon="103.61459355801344">
        <ele>-0.01</ele>
      </trkpt>
      <trkpt lat="1.2517182994633913" lon="103.61452960409224">
        <ele>-0.01</ele>
      </trkpt>
      <trkpt lat="1.2520122528076172" lon="103.61446380615234">
        <ele>0.0</ele>
      </trkpt>
      <trkpt lat="1.2522611115127802" lon="103.61444955691695">
        <ele>-0.01</ele>
      </trkpt>
      <trkpt lat="1.252510054036975" lon="103.61443530768156">
        <ele>-0.01</ele>
      </trkpt>
      <trkpt lat="1.2527633551508188" lon="103.6144208908081">
        <ele>0.0</ele>
      </trkpt>
      <trkpt lat="1.2528921011835337" lon="103.6144208908081">
        <ele>0.0</ele>
      </trkpt>
      <trkpt lat="1.2530423048883677" lon="103.6144208908081">
        <ele>0.0</ele>
      </trkpt>
      <trkpt lat="1.2532982882112265" lon="103.6144208908081">
        <ele>-0.01</ele>
      </trkpt>
      <trkpt lat="1.2535542715340853" lon="103.6144208908081">
        <ele>-0.01</ele>
      </trkpt>
      <trkpt lat="1.2538147810846567" lon="103.6144208908081">
        <ele>0.0</ele>
      </trkpt>
      <trkpt lat="1.2541172839701176" lon="103.6144208908081">
        <ele>-0.01</ele>
      </trkpt>
      <trkpt lat="1.2544197868555784" lon="103.6144208908081">
        <ele>-0.01</ele>
      </trkpt>
      <trkpt lat="1.2547222897410393" lon="103.6144208908081">
        <ele>-0.01</ele>
      </trkpt>
      <trkpt lat="1.2550247926265001" lon="103.6144208908081">
        <ele>0.0</ele>
      </trkpt>
      <trkpt lat="1.2553273793309927" lon="103.6144208908081">
        <ele>0.0</ele>
      </trkpt>
      <trkpt lat="1.2556298822164536" lon="103.6144208908081">
        <ele>0.0</ele>
      </trkpt>
      <trkpt lat="1.2559323851019144" lon="103.6144208908081">
        <ele>0.0</ele>
      </trkpt>
      <trkpt lat="1.2562348879873753" lon="103.6144208908081">
        <ele>0.0</ele>
      </trkpt>
      <trkpt lat="1.2565374746918678" lon="103.6144208908081">
        <ele>0.0</ele>
      </trkpt>
      <trkpt lat="1.2568399775773287" lon="103.6144208908081">
        <ele>0.0</ele>
      </trkpt>
      <trkpt lat="1.2571424804627895" lon="103.6144208908081">
        <ele>0.0</ele>
      </trkpt>
      <trkpt lat="1.2574449833482504" lon="103.6144208908081">
        <ele>0.0</ele>
      </trkpt>
      <trkpt lat="1.257747570052743" lon="103.6144208908081">
        <ele>0.01</ele>
      </trkpt>
      <trkpt lat="1.2580500729382038" lon="103.6144208908081">
        <ele>0.01</ele>
      </trkpt>
      <trkpt lat="1.2583525758236647" lon="103.6144208908081">
        <ele>0.01</ele>
      </trkpt>
      <trkpt lat="1.2586550787091255" lon="103.6144208908081">
        <ele>0.02</ele>
      </trkpt>
      <trkpt lat="1.2589575815945864" lon="103.6144208908081">
        <ele>0.02</ele>
      </trkpt>
      <trkpt lat="1.259260168299079" lon="103.6144208908081">
        <ele>0.02</ele>
      </trkpt>
      <trkpt lat="1.2595626711845398" lon="103.6144208908081">
        <ele>0.03</ele>
      </trkpt>
      <trkpt lat="1.2598651740700006" lon="103.6144208908081">
        <ele>0.03</ele>
      </trkpt>
      <trkpt lat="1.2601676769554615" lon="103.6144208908081">
        <ele>0.03</ele>
      </trkpt>
      <trkpt lat="1.2605094909667969" lon="103.6144208908081">
        <ele>0.0</ele>
      </trkpt>
      <trkpt lat="1.2605095747858286" lon="103.6144208908081">
        <ele>0.0</ele>
      </trkpt>
      <trkpt lat="1.2608082219958305" lon="103.6144208908081">
        <ele>0.05</ele>
      </trkpt>
      <trkpt lat="1.2611103896051645" lon="103.6144208908081">
        <ele>0.0</ele>
      </trkpt>
      <trkpt lat="1.2614225316792727" lon="103.61442281864583">
        <ele>0.05</ele>
      </trkpt>
      <trkpt lat="1.2617347575724125" lon="103.61442474648356">
        <ele>0.06</ele>
      </trkpt>
      <trkpt lat="1.2620469834655523" lon="103.6144266743213">
        <ele>0.06</ele>
      </trkpt>
      <trkpt lat="1.2623592093586922" lon="103.61442860215902">
        <ele>0.07</ele>
      </trkpt>
      <trkpt lat="1.262671435251832" lon="103.61443052999675">
        <ele>0.07</ele>
      </trkpt>
      <trkpt lat="1.2629836611449718" lon="103.61443245783448">
        <ele>0.08</ele>
      </trkpt>
      <trkpt lat="1.2632958870381117" lon="103.61443438567221">
        <ele>0.08</ele>
      </trkpt>
      <trkpt lat="1.2636080291122198" lon="103.61443639732897">
        <ele>0.08</ele>
      </trkpt>
      <trkpt lat="1.2639202550053596" lon="103.6144383251667">
        <ele>0.09</ele>
      </trkpt>
      <trkpt lat="1.2642324808984995" lon="103.61444025300443">
        <ele>0.09</ele>
      </trkpt>
      <trkpt lat="1.2645649909973145" lon="103.61444234848022">
        <ele>0.0</ele>
      </trkpt>
      <trkpt lat="1.2647783104330301" lon="103.61444938927889">
        <ele>0.1</ele>
      </trkpt>
      <trkpt lat="1.2649916298687458" lon="103.61445651389658">
        <ele>0.1</ele>
      </trkpt>
      <trkpt lat="1.2652087211608887" lon="103.61446380615234">
        <ele>0.0</ele>
      </trkpt>
      <trkpt lat="1.2654818035662174" lon="103.61451493576169">
        <ele>0.11</ele>
      </trkpt>
      <trkpt lat="1.2657548859715462" lon="103.61456614919007">
        <ele>0.11</ele>
      </trkpt>
      <trkpt lat="1.2660280521959066" lon="103.61461736261845">
        <ele>0.11</ele>
      </trkpt>
      <trkpt lat="1.2663011346012354" lon="103.61466857604682">
        <ele>0.11</ele>
      </trkpt>
      <trkpt lat="1.2665820121765137" lon="103.61472129821777">
        <ele>0.0</ele>
      </trkpt>
      <trkpt lat="1.2668523285537958" lon="103.61480662599206">
        <ele>0.11</ele>
      </trkpt>
      <trkpt lat="1.2671227287501097" lon="103.61489203758538">
        <ele>0.11</ele>
      </trkpt>
      <trkpt lat="1.267397403717041" lon="103.6149787902832">
        <ele>0.0</ele>
      </trkpt>
      <trkpt lat="1.2673974875360727" lon="103.6149787902832">
        <ele>0.0</ele>
      </trkpt>
      <trkpt lat="1.267670737579465" lon="103.61507694236934">
        <ele>0.1</ele>
      </trkpt>
      <trkpt lat="1.267943987622857" lon="103.61517517827451">
        <ele>0.1</ele>
      </trkpt>
      <trkpt lat="1.2682172376662493" lon="103.61527333036065">
        <ele>0.09</ele>
      </trkpt>
      <trkpt lat="1.2684904877096415" lon="103.61537156626582">
        <ele>0.09</ele>
      </trkpt>
      <trkpt lat="1.2687707785516977" lon="103.61547231674194">
        <ele>0.0</ele>
      </trkpt>
      <trkpt lat="1.2689628917723894" lon="103.6155469994992">
        <ele>0.07</ele>
      </trkpt>
      <trkpt lat="1.2691570166498423" lon="103.61562252044678">
        <ele>0.0</ele>
      </trkpt>
      <trkpt lat="1.2693705037236214" lon="103.61570072360337">
        <ele>0.06</ele>
      </trkpt>
      <trkpt lat="1.2695839907974005" lon="103.61577901057899">
        <ele>0.05</ele>
      </trkpt>
      <trkpt lat="1.2698007468134165" lon="103.61585855484009">
        <ele>0.0</ele>
      </trkpt>
      <trkpt lat="1.2699509505182505" lon="103.61590147018433">
        <ele>0.0</ele>
      </trkpt>
      <trkpt lat="1.270036781206727" lon="103.61594438552856">
        <ele>0.01</ele>
      </trkpt>
      <trkpt lat="1.2702513579279184" lon="103.61600875854492">
        <ele>0.0</ele>
      </trkpt>
      <trkpt lat="1.2705303076654673" lon="103.61611604690552">
        <ele>-0.01</ele>
      </trkpt>
      <trkpt lat="1.270766258239746" lon="103.616201877594">
        <ele>-0.03</ele>
      </trkpt>
      <trkpt lat="1.2707663420587778" lon="103.616201877594">
        <ele>-0.05</ele>
      </trkpt>
      <trkpt lat="1.2710514105856419" lon="103.61630732193589">
        <ele>-0.07</ele>
      </trkpt>
      <trkpt lat="1.271336479112506" lon="103.61641285009682">
        <ele>-0.09</ele>
      </trkpt>
      <trkpt lat="1.27162154763937" lon="103.61651829443872">
        <ele>-0.11</ele>
      </trkpt>
      <trkpt lat="1.271906616166234" lon="103.61662382259965">
        <ele>-0.13</ele>
      </trkpt>
      <trkpt lat="1.272191684693098" lon="103.61672926694155">
        <ele>-0.16</ele>
      </trkpt>
      <trkpt lat="1.2724767532199621" lon="103.61683479510248">
        <ele>-0.18</ele>
      </trkpt>
      <trkpt lat="1.2727618217468262" lon="103.61694023944438">
        <ele>-0.21</ele>
      </trkpt>
      <trkpt lat="1.2730468902736902" lon="103.6170457676053">
        <ele>-0.23</ele>
      </trkpt>
      <trkpt lat="1.2733319588005543" lon="103.6171512119472">
        <ele>-0.26</ele>
      </trkpt>
      <trkpt lat="1.2736170273274183" lon="103.61725674010813">
        <ele>-0.29</ele>
      </trkpt>
      <trkpt lat="1.273902179673314" lon="103.61736226826906">
        <ele>-0.32</ele>
      </trkpt>
      <trkpt lat="1.2741872482001781" lon="103.61746771261096">
        <ele>-0.35</ele>
      </trkpt>
      <trkpt lat="1.2744723167270422" lon="103.61757324077189">
        <ele>-0.38</ele>
      </trkpt>
      <trkpt lat="1.2747573852539062" lon="103.61767868511379">
        <ele>-0.41</ele>
      </trkpt>
      <trkpt lat="1.2750424537807703" lon="103.61778421327472">
        <ele>-0.44</ele>
      </trkpt>
      <trkpt lat="1.2753275223076344" lon="103.61788965761662">
        <ele>-0.47</ele>
      </trkpt>
      <trkpt lat="1.2756372336298227" lon="103.618004322052">
        <ele>-0.5</ele>
      </trkpt>
      <trkpt lat="1.275830352678895" lon="103.61806869506836">
        <ele>-0.53</ele>
      </trkpt>
      <trkpt lat="1.2758518103510141" lon="103.61809015274048">
        <ele>-0.56</ele>
      </trkpt>
      <trkpt lat="1.2760233879089355" lon="103.61815452575684">
        <ele>-0.59</ele>
      </trkpt>
      <trkpt lat="1.2760663870722055" lon="103.61815452575684">
        <ele>-0.61</ele>
      </trkpt>
      <trkpt lat="1.276280963793397" lon="103.61824035644531">
        <ele>-0.64</ele>
      </trkpt>
      <trkpt lat="1.2764517031610012" lon="103.61830439418554">
        <ele>-0.67</ele>
      </trkpt>
      <trkpt lat="1.2766242027282715" lon="103.61836910247803">
        <ele>-0.69</ele>
      </trkpt>
      <trkpt lat="1.2766242865473032" lon="103.61836910247803">
        <ele>-0.71</ele>
      </trkpt>
      <trkpt lat="1.2769078463315964" lon="103.61847379244864">
        <ele>-0.73</ele>
      </trkpt>
      <trkpt lat="1.2771914899349213" lon="103.61857848241925">
        <ele>-0.75</ele>
      </trkpt>
      <trkpt lat="1.2774751335382462" lon="103.61868317238986">
        <ele>-0.77</ele>
      </trkpt>
      <trkpt lat="1.277758777141571" lon="103.61878794617951">
        <ele>-0.78</ele>
      </trkpt>
      <trkpt lat="1.278042420744896" lon="103.61889263615012">
        <ele>-0.79</ele>
      </trkpt>
      <trkpt lat="1.2783260643482208" lon="103.61899732612073">
        <ele>-0.8</ele>
      </trkpt>
      <trkpt lat="1.2786097079515457" lon="103.61910201609135">
        <ele>-0.8</ele>
      </trkpt>
      <trkpt lat="1.2788933515548706" lon="103.61920678988099">
        <ele>-0.8</ele>
      </trkpt>
      <trkpt lat="1.2791769951581955" lon="103.6193114798516">
        <ele>-0.8</ele>
      </trkpt>
      <trkpt lat="1.2794606387615204" lon="103.61941616982222">
        <ele>-0.79</ele>
      </trkpt>
      <trkpt lat="1.2797442823648453" lon="103.61952094361186">
        <ele>-0.77</ele>
      </trkpt>
      <trkpt lat="1.2800279259681702" lon="103.61962563358247">
        <ele>-0.75</ele>
      </trkpt>
      <trkpt lat="1.280311569571495" lon="103.61973032355309">
        <ele>-0.73</ele>
      </trkpt>
      <trkpt lat="1.28059521317482" lon="103.6198350135237">
        <ele>-0.69</ele>
      </trkpt>
      <trkpt lat="1.2808788567781448" lon="103.61993978731334">
        <ele>-0.66</ele>
      </trkpt>
      <trkpt lat="1.2811625003814697" lon="103.62004447728395">
        <ele>-0.61</ele>
      </trkpt>
      <trkpt lat="1.2814461439847946" lon="103.62014916725457">
        <ele>-0.56</ele>
      </trkpt>
      <trkpt lat="1.2817297875881195" lon="103.62025385722518">
        <ele>-0.51</ele>
      </trkpt>
      <trkpt lat="1.2820134311914444" lon="103.62035863101482">
        <ele>-0.44</ele>
      </trkpt>
      <trkpt lat="1.2822970747947693" lon="103.62046332098544">
        <ele>-0.37</ele>
      </trkpt>
      <trkpt lat="1.2826109770685434" lon="103.6205792427063">
        <ele>-0.29</ele>
      </trkpt>
      <trkpt lat="1.2827817164361477" lon="103.62063255161047">
        <ele>-0.21</ele>
      </trkpt>
      <trkpt lat="1.2829542998224497" lon="103.6206865310669">
        <ele>-0.11</ele>
      </trkpt>
      <trkpt lat="1.2830615881830454" lon="103.62072944641113">
        <ele>-0.01</ele>
      </trkpt>
      <trkpt lat="1.2832216825336218" lon="103.62079348415136">
        <ele>0.09</ele>
      </trkpt>
      <trkpt lat="1.2833833694458008" lon="103.62085819244385">
        <ele>0.21</ele>
      </trkpt>
      <trkpt lat="1.2836725451052189" lon="103.62096489407122">
        <ele>0.33</ele>
      </trkpt>
      <trkpt lat="1.283961720764637" lon="103.62107167951763">
        <ele>0.47</ele>
      </trkpt>
      <trkpt lat="1.284250896424055" lon="103.621178381145">
        <ele>0.61</ele>
      </trkpt>
      <trkpt lat="1.2845400720834732" lon="103.6212851665914">
        <ele>0.76</ele>
      </trkpt>
      <trkpt lat="1.2848292477428913" lon="103.62139186821878">
        <ele>0.91</ele>
      </trkpt>
      <trkpt lat="1.2851184234023094" lon="103.62149865366518">
        <ele>1.08</ele>
      </trkpt>
      <trkpt lat="1.2854075990617275" lon="103.62160535529256">
        <ele>1.25</ele>
      </trkpt>
      <trkpt lat="1.2856967747211456" lon="103.62171214073896">
        <ele>1.43</ele>
      </trkpt>
      <trkpt lat="1.2859860341995955" lon="103.62181884236634">
        <ele>1.61</ele>
      </trkpt>
      <trkpt lat="1.2862752098590136" lon="103.62192562781274">
        <ele>1.8</ele>
      </trkpt>
      <trkpt lat="1.2865805625915527" lon="103.6220383644104">
        <ele>2.0</ele>
      </trkpt>
      <trkpt lat="1.2866450194269419" lon="103.62205982208252">
        <ele>2.2</ele>
      </trkpt>
      <trkpt lat="1.2868595961481333" lon="103.622145652771">
        <ele>2.4</ele>
      </trkpt>
      <trkpt lat="1.2869454268366098" lon="103.62218856811523">
        <ele>2.61</ele>
      </trkpt>
      <trkpt lat="1.287224292755127" lon="103.62229585647583">
        <ele>2.86</ele>
      </trkpt>
      <trkpt lat="1.2872243765741587" lon="103.62229585647583">
        <ele>3.07</ele>
      </trkpt>
      <trkpt lat="1.2874865625053644" lon="103.62238730303943">
        <ele>3.42</ele>
      </trkpt>
      <trkpt lat="1.2877488322556019" lon="103.62247883342206">
        <ele>3.69</ele>
      </trkpt>
      <trkpt lat="1.2880111020058393" lon="103.62257027998567">
        <ele>3.9</ele>
      </trkpt>
      <trkpt lat="1.2882733717560768" lon="103.6226618103683">
        <ele>4.09</ele>
      </trkpt>
      <trkpt lat="1.2885356415063143" lon="103.6227532569319">
        <ele>4.28</ele>
      </trkpt>
      <trkpt lat="1.2887979112565517" lon="103.62284478731453">
        <ele>4.47</ele>
      </trkpt>
      <trkpt lat="1.289069652557373" lon="103.6229395866394">
        <ele>4.66</ele>
      </trkpt>
      <trkpt lat="1.2892403081059456" lon="103.62296087667346">
        <ele>4.83</ele>
      </trkpt>
      <trkpt lat="1.2894129753112793" lon="103.62298250198364">
        <ele>5.0</ele>
      </trkpt>
      <trkpt lat="1.2896369397640228" lon="103.62297177314758">
        <ele>5.2</ele>
      </trkpt>
      <trkpt lat="1.289863670244813" lon="103.62296104431152">
        <ele>5.37</ele>
      </trkpt>
      <trkpt lat="1.2900769896805286" lon="103.62289700657129">
        <ele>5.54</ele>
      </trkpt>
      <trkpt lat="1.290292739868164" lon="103.62283229827881">
        <ele>5.7</ele>
      </trkpt>
      <trkpt lat="1.2902928236871958" lon="103.62283229827881">
        <ele>5.84</ele>
      </trkpt>
      <trkpt lat="1.2905830051749945" lon="103.62274688668549">
        <ele>5.97</ele>
      </trkpt>
      <trkpt lat="1.2908732704818249" lon="103.62266147509217">
        <ele>6.09</ele>
      </trkpt>
      <trkpt lat="1.2911635357886553" lon="103.62257614731789">
        <ele>6.22</ele>
      </trkpt>
      <trkpt lat="1.2914538010954857" lon="103.62249073572457">
        <ele>6.34</ele>
      </trkpt>
      <trkpt lat="1.2917518615722656" lon="103.62240314483643">
        <ele>6.47</ele>
      </trkpt>
      <trkpt lat="1.2920401152223349" lon="103.62228563055396">
        <ele>6.56</ele>
      </trkpt>
      <trkpt lat="1.2923313025385141" lon="103.62216711044312">
        <ele>6.67</ele>
      </trkpt>
      <trkpt lat="1.2926086597144604" lon="103.62209594808519">
        <ele>6.74</ele>
      </trkpt>
      <trkpt lat="1.2928861007094383" lon="103.62202478572726">
        <ele>6.78</ele>
      </trkpt>
      <trkpt lat="1.2931681517511606" lon="103.62195253372192">
        <ele>6.72</ele>
      </trkpt>
      <trkpt lat="1.293232524767518" lon="103.6219310760498">
        <ele>6.73</ele>
      </trkpt>
      <trkpt lat="1.2932754401117563" lon="103.6219310760498">
        <ele>6.76</ele>
      </trkpt>
      <trkpt lat="1.293435450643301" lon="103.62189905717969">
        <ele>6.77</ele>
      </trkpt>
      <trkpt lat="1.2935973051935434" lon="103.62186670303345">
        <ele>6.83</ele>
      </trkpt>
      <trkpt lat="1.2938547972589731" lon="103.62184524536133">
        <ele>6.9</ele>
      </trkpt>
      <trkpt lat="1.294075157493353" lon="103.62184524536133">
        <ele>6.93</ele>
      </trkpt>
      <trkpt lat="1.2942956015467644" lon="103.62184524536133">
        <ele>6.94</ele>
      </trkpt>
      <trkpt lat="1.2945199850946665" lon="103.62184524536133">
        <ele>6.96</ele>
      </trkpt>
      <trkpt lat="1.2947865296155214" lon="103.62185589037836">
        <ele>6.99</ele>
      </trkpt>
      <trkpt lat="1.2950563430786133" lon="103.62186670303345">
        <ele>7.02</ele>
      </trkpt>
      <trkpt lat="1.295307045802474" lon="103.62192537635565">
        <ele>7.08</ele>
      </trkpt>
      <trkpt lat="1.2955577485263348" lon="103.62198404967785">
        <ele>7.1</ele>
      </trkpt>
      <trkpt lat="1.2958085350692272" lon="103.62204272300005">
        <ele>7.15</ele>
      </trkpt>
      <trkpt lat="1.296064853668213" lon="103.62210273742676">
        <ele>7.12</ele>
      </trkpt>
      <trkpt lat="1.2961078528314829" lon="103.62195253372192">
        <ele>7.19</ele>
      </trkpt>
      <trkpt lat="1.2962151411920786" lon="103.62199544906616">
        <ele>7.18</ele>
      </trkpt>
      <trkpt lat="1.296454193070531" lon="103.62208505161107">
        <ele>7.21</ele>
      </trkpt>
      <trkpt lat="1.296693328768015" lon="103.622174737975">
        <ele>7.25</ele>
      </trkpt>
      <trkpt lat="1.296932464465499" lon="103.62226442433894">
        <ele>7.22</ele>
      </trkpt>
      <trkpt lat="1.297171600162983" lon="103.62235411070287">
        <ele>7.06</ele>
      </trkpt>
      <trkpt lat="1.2974167708307505" lon="103.62244606018066">
        <ele>6.97</ele>
      </trkpt>
      <trkpt lat="1.2976515479385853" lon="103.62253138795495">
        <ele>6.92</ele>
      </trkpt>
      <trkpt lat="1.2978888396173716" lon="103.62261772155762">
        <ele>6.88</ele>
      </trkpt>
      <trkpt lat="1.2981307413429022" lon="103.6227030493319">
        <ele>6.82</ele>
      </trkpt>
      <trkpt lat="1.2983726430684328" lon="103.62278846092522">
        <ele>6.77</ele>
      </trkpt>
      <trkpt lat="1.2986184004694223" lon="103.62287521362305">
        <ele>6.74</ele>
      </trkpt>
      <trkpt lat="1.2987900618463755" lon="103.6229395866394">
        <ele>6.67</ele>
      </trkpt>
      <trkpt lat="1.299078231677413" lon="103.62304628826678">
        <ele>6.57</ele>
      </trkpt>
      <trkpt lat="1.2993694189935923" lon="103.6231541633606">
        <ele>6.37</ele>
      </trkpt>
      <trkpt lat="1.2993693351745605" lon="103.6231541633606">
        <ele>6.28</ele>
      </trkpt>
      <trkpt lat="1.2994337920099497" lon="103.62317562103271">
        <ele>6.18</ele>
      </trkpt>
      <trkpt lat="1.2995410803705454" lon="103.62321853637695">
        <ele>6.09</ele>
      </trkpt>
      <trkpt lat="1.2996054533869028" lon="103.62326145172119">
        <ele>6.0</ele>
      </trkpt>
      <trkpt lat="1.299605369567871" lon="103.62326145172119">
        <ele>5.91</ele>
      </trkpt>
      <trkpt lat="1.2998935393989086" lon="103.62336463294923">
        <ele>5.8</ele>
      </trkpt>
      <trkpt lat="1.3001817930489779" lon="103.62346781417727">
        <ele>5.7</ele>
      </trkpt>
      <trkpt lat="1.3004699628800154" lon="103.62357099540532">
        <ele>5.69</ele>
      </trkpt>
      <trkpt lat="1.3007582165300846" lon="103.62367417663336">
        <ele>5.62</ele>
      </trkpt>
      <trkpt lat="1.3010463863611221" lon="103.6237773578614">
        <ele>5.42</ele>
      </trkpt>
      <trkpt lat="1.3013435248285532" lon="103.62388372421265">
        <ele>5.25</ele>
      </trkpt>
      <trkpt lat="1.3015911262482405" lon="103.62397760152817">
        <ele>5.1</ele>
      </trkpt>
      <trkpt lat="1.3018388114869595" lon="103.62407156266272">
        <ele>5.13</ele>
      </trkpt>
      <trkpt lat="1.3020864967256784" lon="103.62416552379727">
        <ele>5.16</ele>
      </trkpt>
      <trkpt lat="1.3023340981453657" lon="103.62425948493183">
        <ele>5.05</ele>
      </trkpt>
      <trkpt lat="1.3025880698114634" lon="103.62435579299927">
        <ele>4.94</ele>
      </trkpt>
      <trkpt lat="1.3027694541960955" lon="103.6244198307395">
        <ele>4.88</ele>
      </trkpt>
      <trkpt lat="1.3029528502374887" lon="103.62448453903198">
        <ele>4.87</ele>
      </trkpt>
      <trkpt lat="1.3031449634581804" lon="103.62455922178924">
        <ele>4.81</ele>
      </trkpt>
      <trkpt lat="1.3033390883356333" lon="103.62463474273682">
        <ele>4.74</ele>
      </trkpt>
      <trkpt lat="1.3034249190241098" lon="103.62465620040894">
        <ele>4.7</ele>
      </trkpt>
      <trkpt lat="1.3034892920404673" lon="103.62467765808105">
        <ele>4.67</ele>
      </trkpt>
      <trkpt lat="1.303596580401063" lon="103.6247205734253">
        <ele>4.63</ele>
      </trkpt>
      <trkpt lat="1.3036394957453012" lon="103.62474203109741">
        <ele>4.61</ele>
      </trkpt>
      <trkpt lat="1.303788861259818" lon="103.62479534000158">
        <ele>4.57</ele>
      </trkpt>
      <trkpt lat="1.3039399031549692" lon="103.62484931945801">
        <ele>4.54</ele>
      </trkpt>
      <trkpt lat="1.3042174279689789" lon="103.62495065666735">
        <ele>4.53</ele>
      </trkpt>
      <trkpt lat="1.3044949527829885" lon="103.62505207769573">
        <ele>4.54</ele>
      </trkpt>
      <trkpt lat="1.3047724775969982" lon="103.6251534987241">
        <ele>4.57</ele>
      </trkpt>
      <trkpt lat="1.3050500024110079" lon="103.62525491975248">
        <ele>4.64</ele>
      </trkpt>
      <trkpt lat="1.3053275272250175" lon="103.62535634078085">
        <ele>4.71</ele>
      </trkpt>
      <trkpt lat="1.3056050520390272" lon="103.62545776180923">
        <ele>4.81</ele>
      </trkpt>
      <trkpt lat="1.3058825768530369" lon="103.62555909901857">
        <ele>4.95</ele>
      </trkpt>
      <trkpt lat="1.3061715010553598" lon="103.62566471099854">
        <ele>5.05</ele>
      </trkpt>
      <trkpt lat="1.3061714172363281" lon="103.62566471099854">
        <ele>5.09</ele>
      </trkpt>
      <trkpt lat="1.306342240422964" lon="103.62572874873877">
        <ele>5.11</ele>
      </trkpt>
      <trkpt lat="1.306514823809266" lon="103.62579345703125">
        <ele>5.11</ele>
      </trkpt>
      <trkpt lat="1.3067293167114258" lon="103.62587928771973">
        <ele>5.13</ele>
      </trkpt>
      <trkpt lat="1.3069868925958872" lon="103.62583637237549">
        <ele>5.18</ele>
      </trkpt>
      <trkpt lat="1.3071155548095703" lon="103.62572908401489">
        <ele>5.23</ele>
      </trkpt>
      <trkpt lat="1.3072013854980469" lon="103.62549296580255">
        <ele>5.28</ele>
      </trkpt>
      <trkpt lat="1.3072873000055552" lon="103.62525701522827">
        <ele>5.29</ele>
      </trkpt>
      <trkpt lat="1.3073836918920279" lon="103.62506397999823">
        <ele>5.31</ele>
      </trkpt>
      <trkpt lat="1.3074803352355957" lon="103.62487077713013">
        <ele>5.39</ele>
      </trkpt>
      <trkpt lat="1.3076520804315805" lon="103.62476348876953">
        <ele>5.46</ele>
      </trkpt>
      <trkpt lat="1.3079524040222168" lon="103.62469911575317">
        <ele>5.55</ele>
      </trkpt>
      <trkpt lat="1.3081945572048426" lon="103.62476826645434">
        <ele>5.61</ele>
      </trkpt>
      <trkpt lat="1.3081949763000011" lon="103.62476835027337">
        <ele>5.65</ele>
      </trkpt>
      <trkpt lat="1.3081952277570963" lon="103.6247684340924">
        <ele>5.7</ele>
      </trkpt>
      <trkpt lat="1.3081972394138575" lon="103.62476910464466">
        <ele>5.74</ele>
      </trkpt>
      <trkpt lat="1.3082528952509165" lon="103.62478494644165">
        <ele>5.78</ele>
      </trkpt>
      <trkpt lat="1.3085232116281986" lon="103.6248839367181">
        <ele>5.84</ele>
      </trkpt>
      <trkpt lat="1.3087936118245125" lon="103.6249830108136">
        <ele>5.85</ele>
      </trkpt>
      <trkpt lat="1.3090640120208263" lon="103.62508208490908">
        <ele>5.91</ele>
      </trkpt>
      <trkpt lat="1.3093371782451868" lon="103.62518224865198">
        <ele>5.98</ele>
      </trkpt>
      <trkpt lat="1.309337681159377" lon="103.62518241629004">
        <ele>6.0</ele>
      </trkpt>
      <trkpt lat="1.3096238393336535" lon="103.62528727389872">
        <ele>6.0</ele>
      </trkpt>
      <trkpt lat="1.3099100813269615" lon="103.6253921315074">
        <ele>5.94</ele>
      </trkpt>
      <trkpt lat="1.3101963233202696" lon="103.62549698911607">
        <ele>5.96</ele>
      </trkpt>
      <trkpt lat="1.3104825653135777" lon="103.62560193054378">
        <ele>6.07</ele>
      </trkpt>
      <trkpt lat="1.3107688073068857" lon="103.62570678815246">
        <ele>6.05</ele>
      </trkpt>
      <trkpt lat="1.311063850298524" lon="103.62581491470337">
        <ele>5.98</ele>
      </trkpt>
      <trkpt lat="1.3110637664794922" lon="103.62581491470337">
        <ele>5.97</ele>
      </trkpt>
      <trkpt lat="1.3112878985702991" lon="103.62590024247766">
        <ele>5.94</ele>
      </trkpt>
      <trkpt lat="1.3115121144801378" lon="103.62598565407097">
        <ele>5.91</ele>
      </trkpt>
      <trkpt lat="1.3117363303899765" lon="103.62607106566429">
        <ele>5.85</ele>
      </trkpt>
      <trkpt lat="1.3119650725275278" lon="103.62615823745728">
        <ele>5.79</ele>
      </trkpt>
      <trkpt lat="1.3122425135225058" lon="103.62625429406762">
        <ele>5.78</ele>
      </trkpt>
      <trkpt lat="1.3125229720026255" lon="103.62635135650635">
        <ele>5.79</ele>
      </trkpt>
      <trkpt lat="1.3127804640680552" lon="103.62645864486694">
        <ele>5.84</ele>
      </trkpt>
      <trkpt lat="1.3129832223057747" lon="103.6265333276242">
        <ele>5.82</ele>
      </trkpt>
      <trkpt lat="1.3131881598383188" lon="103.62660884857178">
        <ele>5.71</ele>
      </trkpt>
      <trkpt lat="1.313231075182557" lon="103.62660884857178">
        <ele>5.68</ele>
      </trkpt>
      <trkpt lat="1.313338279724121" lon="103.62665176391602">
        <ele>5.6</ele>
      </trkpt>
      <trkpt lat="1.313316822052002" lon="103.62675905227661">
        <ele>5.62</ele>
      </trkpt>
      <trkpt lat="1.3134027365595102" lon="103.62680196762085">
        <ele>5.59</ele>
      </trkpt>
      <trkpt lat="1.3135743979364634" lon="103.6268663406372">
        <ele>5.51</ele>
      </trkpt>
      <trkpt lat="1.3137344922870398" lon="103.62691964954138">
        <ele>5.48</ele>
      </trkpt>
      <trkpt lat="1.3138962630182505" lon="103.6269736289978">
        <ele>5.48</ele>
      </trkpt>
      <trkpt lat="1.314102541655302" lon="103.6270518321544">
        <ele>5.49</ele>
      </trkpt>
      <trkpt lat="1.3143089041113853" lon="103.62713011913002">
        <ele>5.55</ele>
      </trkpt>
      <trkpt lat="1.3145184516906738" lon="103.62720966339111">
        <ele>5.67</ele>
      </trkpt>
      <trkpt lat="1.3145185355097055" lon="103.62720966339111">
        <ele>5.68</ele>
      </trkpt>
      <trkpt lat="1.314733112230897" lon="103.62727403640747">
        <ele>5.82</ele>
      </trkpt>
      <trkpt lat="1.315003428608179" lon="103.62737361341715">
        <ele>5.99</ele>
      </trkpt>
      <trkpt lat="1.315273828804493" lon="103.62747327424586">
        <ele>5.97</ele>
      </trkpt>
      <trkpt lat="1.3155484199523926" lon="103.62757444381714">
        <ele>5.97</ele>
      </trkpt>
      <trkpt lat="1.3155485037714243" lon="103.62757444381714">
        <ele>5.97</ele>
      </trkpt>
      <trkpt lat="1.3157512620091438" lon="103.6276491265744">
        <ele>5.98</ele>
      </trkpt>
      <trkpt lat="1.3159561157226562" lon="103.62772464752197">
        <ele>5.96</ele>
      </trkpt>
      <trkpt lat="1.3161802478134632" lon="103.62780997529626">
        <ele>5.9</ele>
      </trkpt>
      <trkpt lat="1.3164044637233019" lon="103.62789538688958">
        <ele>5.82</ele>
      </trkpt>
      <trkpt lat="1.3166286796331406" lon="103.6279807984829">
        <ele>5.76</ele>
      </trkpt>
      <trkpt lat="1.3168574217706919" lon="103.62806797027588">
        <ele>5.76</ele>
      </trkpt>
      <trkpt lat="1.317038806155324" lon="103.62813200801611">
        <ele>5.72</ele>
      </trkpt>
      <trkpt lat="1.3172221183776855" lon="103.6281967163086">
        <ele>5.65</ele>
      </trkpt>
      <trkpt lat="1.3175138086080551" lon="103.62830341793597">
        <ele>5.56</ele>
      </trkpt>
      <trkpt lat="1.3178055826574564" lon="103.62841020338237">
        <ele>5.47</ele>
      </trkpt>
      <trkpt lat="1.3181018829345703" lon="103.62851858139038">
        <ele>5.51</ele>
      </trkpt>
      <trkpt lat="1.3183082453906536" lon="103.62859678454697">
        <ele>5.53</ele>
      </trkpt>
      <trkpt lat="1.318514607846737" lon="103.6286750715226">
        <ele>5.52</ele>
      </trkpt>
      <trkpt lat="1.3187241554260254" lon="103.62875461578369">
        <ele>5.49</ele>
      </trkpt>
      <trkpt lat="1.3189233932644129" lon="103.62882569432259">
        <ele>5.46</ele>
      </trkpt>
      <trkpt lat="1.3191226311028004" lon="103.62889685668051">
        <ele>5.41</ele>
      </trkpt>
      <trkpt lat="1.319325054064393" lon="103.62896919250488">
        <ele>5.36</ele>
      </trkpt>
      <trkpt lat="1.319582462310791" lon="103.62907648086548">
        <ele>5.31</ele>
      </trkpt>
      <trkpt lat="1.3198614958673716" lon="103.62916231155396">
        <ele>5.26</ele>
      </trkpt>
      <trkpt lat="1.319925868883729" lon="103.62918376922607">
        <ele>5.21</ele>
      </trkpt>
      <trkpt lat="1.3199901580810547" lon="103.6292052268982">
        <ele>5.15</ele>
      </trkpt>
      <trkpt lat="1.3201396074146032" lon="103.62926926463842">
        <ele>5.04</ele>
      </trkpt>
      <trkpt lat="1.3202906493097544" lon="103.62933397293091">
        <ele>4.97</ele>
      </trkpt>
      <trkpt lat="1.3204400148242712" lon="103.62938728183508">
        <ele>4.94</ele>
      </trkpt>
      <trkpt lat="1.3205910567194223" lon="103.6294412612915">
        <ele>4.91</ele>
      </trkpt>
      <trkpt lat="1.320848548784852" lon="103.62952709197998">
        <ele>4.92</ele>
      </trkpt>
      <trkpt lat="1.321072680875659" lon="103.62961241975427">
        <ele>4.9</ele>
      </trkpt>
      <trkpt lat="1.3212968967854977" lon="103.62969783134758">
        <ele>4.91</ele>
      </trkpt>
      <trkpt lat="1.3215210288763046" lon="103.6297832429409">
        <ele>4.86</ele>
      </trkpt>
      <trkpt lat="1.321749771013856" lon="103.62987041473389">
        <ele>4.81</ele>
      </trkpt>
      <trkpt lat="1.3220288883894682" lon="103.62997543998063">
        <ele>4.76</ele>
      </trkpt>
      <trkpt lat="1.3223080895841122" lon="103.6300805490464">
        <ele>4.68</ele>
      </trkpt>
      <trkpt lat="1.3225872907787561" lon="103.63018565811217">
        <ele>4.66</ele>
      </trkpt>
      <trkpt lat="1.3228664919734001" lon="103.63029076717794">
        <ele>4.7</ele>
      </trkpt>
      <trkpt lat="1.323145693168044" lon="103.63039587624371">
        <ele>4.7</ele>
      </trkpt>
      <trkpt lat="1.323424894362688" lon="103.63050098530948">
        <ele>4.67</ele>
      </trkpt>
      <trkpt lat="1.323704095557332" lon="103.63060609437525">
        <ele>4.65</ele>
      </trkpt>
      <trkpt lat="1.3239832129329443" lon="103.63071120344102">
        <ele>4.68</ele>
      </trkpt>
      <trkpt lat="1.3242624141275883" lon="103.6308163125068">
        <ele>4.73</ele>
      </trkpt>
      <trkpt lat="1.3245416153222322" lon="103.63092142157257">
        <ele>4.75</ele>
      </trkpt>
      <trkpt lat="1.3248208165168762" lon="103.63102653063834">
        <ele>4.74</ele>
      </trkpt>
      <trkpt lat="1.3251000177115202" lon="103.63113163970411">
        <ele>4.65</ele>
      </trkpt>
      <trkpt lat="1.3253975752741098" lon="103.63124370574951">
        <ele>4.69</ele>
      </trkpt>
      <trkpt lat="1.325578959658742" lon="103.63131838850677">
        <ele>4.77</ele>
      </trkpt>
      <trkpt lat="1.3257622718811035" lon="103.63139390945435">
        <ele>4.84</ele>
      </trkpt>
      <trkpt lat="1.3258051872253418" lon="103.63141536712646">
        <ele>4.89</ele>
      </trkpt>
      <trkpt lat="1.3258052710443735" lon="103.63141536712646">
        <ele>4.93</ele>
      </trkpt>
      <trkpt lat="1.326018674299121" lon="103.63150069490075">
        <ele>5.0</ele>
      </trkpt>
      <trkpt lat="1.3262343406677246" lon="103.63158702850342">
        <ele>5.1</ele>
      </trkpt>
      <trkpt lat="1.3262344244867563" lon="103.63158702850342">
        <ele>5.16</ele>
      </trkpt>
      <trkpt lat="1.3263837900012732" lon="103.63165106624365">
        <ele>5.25</ele>
      </trkpt>
      <trkpt lat="1.3265347480773926" lon="103.63171577453613">
        <ele>5.34</ele>
      </trkpt>
      <trkpt lat="1.3265348318964243" lon="103.63171577453613">
        <ele>5.4</ele>
      </trkpt>
      <trkpt lat="1.3266949262470007" lon="103.6317690834403">
        <ele>5.45</ele>
      </trkpt>
      <trkpt lat="1.3268566969782114" lon="103.63182306289673">
        <ele>5.5</ele>
      </trkpt>
      <trkpt lat="1.3271470461040735" lon="103.63194258883595">
        <ele>5.36</ele>
      </trkpt>
      <trkpt lat="1.3274374790489674" lon="103.63206219859421">
        <ele>5.27</ele>
      </trkpt>
      <trkpt lat="1.3277278281748295" lon="103.63218172453344">
        <ele>5.38</ele>
      </trkpt>
      <trkpt lat="1.3280182611197233" lon="103.6323013342917">
        <ele>5.56</ele>
      </trkpt>
      <trkpt lat="1.328315818682313" lon="103.63242387771606">
        <ele>5.63</ele>
      </trkpt>
      <trkpt lat="1.3285518530756235" lon="103.63253116607666">
        <ele>5.7</ele>
      </trkpt>
      <trkpt lat="1.3287020567804575" lon="103.63259553909302">
        <ele>5.8</ele>
      </trkpt>
      <trkpt lat="1.3288941700011492" lon="103.63267022185028">
        <ele>5.9</ele>
      </trkpt>
      <trkpt lat="1.329088294878602" lon="103.63274574279785">
        <ele>5.99</ele>
      </trkpt>
      <trkpt lat="1.3293017819523811" lon="103.6328417994082">
        <ele>6.13</ele>
      </trkpt>
      <trkpt lat="1.3295174483209848" lon="103.63293886184692">
        <ele>6.3</ele>
      </trkpt>
      <trkpt lat="1.3296676520258188" lon="103.63300323486328">
        <ele>6.44</ele>
      </trkpt>
      <trkpt lat="1.3297749403864145" lon="103.63304615020752">
        <ele>6.52</ele>
      </trkpt>
      <trkpt lat="1.3299990724772215" lon="103.63314220681787">
        <ele>6.6</ele>
      </trkpt>
      <trkpt lat="1.3302254676818848" lon="103.63323926925659">
        <ele>6.7</ele>
      </trkpt>
      <trkpt lat="1.3302255515009165" lon="103.63323926925659">
        <ele>6.77</ele>
      </trkpt>
      <trkpt lat="1.3304817024618387" lon="103.63333532586694">
        <ele>6.95</ele>
      </trkpt>
      <trkpt lat="1.3307405356317759" lon="103.63343238830566">
        <ele>6.97</ele>
      </trkpt>
      <trkpt lat="1.330622686073184" lon="103.63356079906225">
        <ele>6.99</ele>
      </trkpt>
      <trkpt lat="1.3305044174194336" lon="103.6336898803711">
        <ele>7.04</ele>
      </trkpt>
      <trkpt lat="1.3305902481079102" lon="103.63375425338745">
        <ele>7.03</ele>
      </trkpt>
      <trkpt lat="1.3307833671569824" lon="103.63360404968262">
        <ele>7.06</ele>
      </trkpt>
      <trkpt lat="1.331019401550293" lon="103.63360404968262">
        <ele>7.03</ele>
      </trkpt>
      <trkpt lat="1.3313094154000282" lon="103.63371720537543">
        <ele>7.01</ele>
      </trkpt>
      <trkpt lat="1.3315049652010202" lon="103.6337934806943">
        <ele>7.03</ele>
      </trkpt>
      <trkpt lat="1.331700598821044" lon="103.63386983983219">
        <ele>7.05</ele>
      </trkpt>
      <trkpt lat="1.3318991661071777" lon="103.63394737243652">
        <ele>7.07</ele>
      </trkpt>
      <trkpt lat="1.3319421652704477" lon="103.63390445709229">
        <ele>7.07</ele>
      </trkpt>
      <trkpt lat="1.3322338555008173" lon="103.63401828333735">
        <ele>7.07</ele>
      </trkpt>
      <trkpt lat="1.3325256295502186" lon="103.63413219340146">
        <ele>7.07</ele>
      </trkpt>
      <trkpt lat="1.3328218460083008" lon="103.63424777984619">
        <ele>7.05</ele>
      </trkpt>
      <trkpt lat="1.3328219298273325" lon="103.63424777984619">
        <ele>7.04</ele>
      </trkpt>
      <trkpt lat="1.3330793380737305" lon="103.63435506820679">
        <ele>7.07</ele>
      </trkpt>
      <trkpt lat="1.3330794218927622" lon="103.63435506820679">
        <ele>7.06</ele>
      </trkpt>
      <trkpt lat="1.333346301689744" lon="103.63446713425219">
        <ele>7.04</ele>
      </trkpt>
      <trkpt lat="1.3336131814867258" lon="103.6345792002976">
        <ele>6.96</ele>
      </trkpt>
      <trkpt lat="1.3338800612837076" lon="103.63469135016203">
        <ele>6.92</ele>
      </trkpt>
      <trkpt lat="1.3341522216796875" lon="103.63480567932129">
        <ele>6.93</ele>
      </trkpt>
      <trkpt lat="1.334281051531434" lon="103.63487005233765">
        <ele>6.91</ele>
      </trkpt>
      <trkpt lat="1.334409797564149" lon="103.634934425354">
        <ele>6.89</ele>
      </trkpt>
      <trkpt lat="1.3344956282526255" lon="103.63497734069824">
        <ele>6.87</ele>
      </trkpt>
      <trkpt lat="1.3345600012689829" lon="103.63499879837036">
        <ele>6.85</ele>
      </trkpt>
      <trkpt lat="1.3347877375781536" lon="103.63509125076234">
        <ele>6.86</ele>
      </trkpt>
      <trkpt lat="1.3350154738873243" lon="103.63518378697336">
        <ele>6.87</ele>
      </trkpt>
      <trkpt lat="1.3352466467767954" lon="103.63527774810791">
        <ele>6.82</ele>
      </trkpt>
      <trkpt lat="1.3355169631540775" lon="103.6353630758822">
        <ele>6.85</ele>
      </trkpt>
      <trkpt lat="1.3357873633503914" lon="103.63544848747551">
        <ele>6.82</ele>
      </trkpt>
      <trkpt lat="1.3360620383173227" lon="103.63553524017334">
        <ele>6.73</ele>
      </trkpt>
      <trkpt lat="1.3361907843500376" lon="103.63557815551758">
        <ele>6.65</ele>
      </trkpt>
      <trkpt lat="1.3362336996942759" lon="103.6355996131897">
        <ele>6.58</ele>
      </trkpt>
      <trkpt lat="1.3364827260375023" lon="103.63569206558168">
        <ele>6.41</ele>
      </trkpt>
      <trkpt lat="1.3367318361997604" lon="103.6357846017927">
        <ele>6.22</ele>
      </trkpt>
      <trkpt lat="1.3369847182184458" lon="103.63587856292725">
        <ele>6.16</ele>
      </trkpt>
      <trkpt lat="1.337177837267518" lon="103.63592147827148">
        <ele>6.13</ele>
      </trkpt>
      <trkpt lat="1.3374268636107445" lon="103.63600680604577">
        <ele>6.05</ele>
      </trkpt>
      <trkpt lat="1.337675889953971" lon="103.63609221763909">
        <ele>5.97</ele>
      </trkpt>
      <trkpt lat="1.337928855791688" lon="103.63617897033691">
        <ele>5.93</ele>
      </trkpt>
      <trkpt lat="1.338079059496522" lon="103.63624334335327">
        <ele>5.9</ele>
      </trkpt>
      <trkpt lat="1.3381219748407602" lon="103.63624334335327">
        <ele>5.87</ele>
      </trkpt>
      <trkpt lat="1.338404780253768" lon="103.63634468056262">
        <ele>5.88</ele>
      </trkpt>
      <trkpt lat="1.3386876694858074" lon="103.63644610159099">
        <ele>5.84</ele>
      </trkpt>
      <trkpt lat="1.3389705587178469" lon="103.63654752261937">
        <ele>5.79</ele>
      </trkpt>
      <trkpt lat="1.3392592314630747" lon="103.63665103912354">
        <ele>5.74</ele>
      </trkpt>
      <trkpt lat="1.3395152986049652" lon="103.63673636689782">
        <ele>5.69</ele>
      </trkpt>
      <trkpt lat="1.3397741317749023" lon="103.63682270050049">
        <ele>5.69</ele>
      </trkpt>
      <trkpt lat="1.339774215593934" lon="103.63682270050049">
        <ele>5.69</ele>
      </trkpt>
      <trkpt lat="1.3398070726543665" lon="103.63683359697461">
        <ele>5.7</ele>
      </trkpt>
      <trkpt lat="1.339902961626649" lon="103.63686561584473">
        <ele>5.71</ele>
      </trkpt>
      <trkpt lat="1.3399673346430063" lon="103.63688707351685">
        <ele>5.73</ele>
      </trkpt>
      <trkpt lat="1.3400102499872446" lon="103.63690853118896">
        <ele>5.76</ele>
      </trkpt>
      <trkpt lat="1.3402677420526743" lon="103.63699436187744">
        <ele>5.76</ele>
      </trkpt>
      <trkpt lat="1.3405239768326283" lon="103.63710106350482">
        <ele>5.86</ele>
      </trkpt>
      <trkpt lat="1.3407827261835337" lon="103.63720893859863">
        <ele>5.97</ele>
      </trkpt>
      <trkpt lat="1.341070979833603" lon="103.63732636906207">
        <ele>6.11</ele>
      </trkpt>
      <trkpt lat="1.3413620833307505" lon="103.63744497299194">
        <ele>6.19</ele>
      </trkpt>
      <trkpt lat="1.3415434677153826" lon="103.63750901073217">
        <ele>6.23</ele>
      </trkpt>
      <trkpt lat="1.3417268637567759" lon="103.63757371902466">
        <ele>6.29</ele>
      </trkpt>
      <trkpt lat="1.3418770674616098" lon="103.6376166343689">
        <ele>6.37</ele>
      </trkpt>
      <trkpt lat="1.3419843558222055" lon="103.63765954971313">
        <ele>6.49</ele>
      </trkpt>
      <trkpt lat="1.3421131018549204" lon="103.63770246505737">
        <ele>6.63</ele>
      </trkpt>
      <trkpt lat="1.3422847632318735" lon="103.63774538040161">
        <ele>6.76</ele>
      </trkpt>
      <trkpt lat="1.3424564246088266" lon="103.63778829574585">
        <ele>6.88</ele>
      </trkpt>
      <trkpt lat="1.342637725174427" lon="103.63784160465002">
        <ele>6.94</ele>
      </trkpt>
      <trkpt lat="1.3428211212158203" lon="103.63789558410645">
        <ele>7.0</ele>
      </trkpt>
      <trkpt lat="1.342821205034852" lon="103.63789558410645">
        <ele>7.09</ele>
      </trkpt>
      <trkpt lat="1.3430572394281626" lon="103.63798141479492">
        <ele>7.15</ele>
      </trkpt>
      <trkpt lat="1.3432920165359974" lon="103.63807210698724">
        <ele>7.3</ele>
      </trkpt>
      <trkpt lat="1.343526877462864" lon="103.63816288299859">
        <ele>7.5</ele>
      </trkpt>
      <trkpt lat="1.3437617383897305" lon="103.6382535751909">
        <ele>7.6</ele>
      </trkpt>
      <trkpt lat="1.3440013770014048" lon="103.63834619522095">
        <ele>7.64</ele>
      </trkpt>
      <trkpt lat="1.3442470505833626" lon="103.63848499953747">
        <ele>7.68</ele>
      </trkpt>
      <trkpt lat="1.344494903460145" lon="103.6386251449585">
        <ele>7.77</ele>
      </trkpt>
      <trkpt lat="1.3446767069399357" lon="103.63878021016717">
        <ele>7.88</ele>
      </trkpt>
      <trkpt lat="1.3448585104197264" lon="103.63893527537584">
        <ele>7.92</ele>
      </trkpt>
      <trkpt lat="1.3450403977185488" lon="103.63909042440355">
        <ele>7.95</ele>
      </trkpt>
      <trkpt lat="1.3452244643121958" lon="103.63924741744995">
        <ele>8.01</ele>
      </trkpt>
      <trkpt lat="1.3452888373285532" lon="103.6394190788269">
        <ele>8.16</ele>
      </trkpt>
      <trkpt lat="1.345417583361268" lon="103.63939762115479">
        <ele>8.24</ele>
      </trkpt>
      <trkpt lat="1.3454819563776255" lon="103.63924741744995">
        <ele>8.25</ele>
      </trkpt>
      <trkpt lat="1.3454818725585938" lon="103.63916158676147">
        <ele>8.3</ele>
      </trkpt>
      <trkpt lat="1.3456535339355469" lon="103.639075756073">
        <ele>8.39</ele>
      </trkpt>
      <trkpt lat="1.3458354212343693" lon="103.63888666033745">
        <ele>8.47</ele>
      </trkpt>
      <trkpt lat="1.3460173923522234" lon="103.6386975646019">
        <ele>8.62</ele>
      </trkpt>
      <trkpt lat="1.3461993634700775" lon="103.63850846886635">
        <ele>8.78</ele>
      </trkpt>
      <trkpt lat="1.3463813345879316" lon="103.6383193731308">
        <ele>8.92</ele>
      </trkpt>
      <trkpt lat="1.3465633057057858" lon="103.63813027739525">
        <ele>8.96</ele>
      </trkpt>
      <trkpt lat="1.346747875213623" lon="103.63793849945068">
        <ele>8.99</ele>
      </trkpt>
      <trkpt lat="1.3469143398106098" lon="103.63768871873617">
        <ele>8.98</ele>
      </trkpt>
      <trkpt lat="1.3470813073217869" lon="103.63743835128844">
        <ele>8.99</ele>
      </trkpt>
      <trkpt lat="1.3469147589057684" lon="103.63768804818392">
        <ele>9.02</ele>
      </trkpt>
      <trkpt lat="1.346747875213623" lon="103.63793849945068">
        <ele>8.99</ele>
      </trkpt>
      <trkpt lat="1.346565904095769" lon="103.6381275113672">
        <ele>9.08</ele>
      </trkpt>
      <trkpt lat="1.3463839329779148" lon="103.63831660710275">
        <ele>9.07</ele>
      </trkpt>
      <trkpt lat="1.3462019618600607" lon="103.6385057028383">
        <ele>8.97</ele>
      </trkpt>
      <trkpt lat="1.3460199907422066" lon="103.63869479857385">
        <ele>8.85</ele>
      </trkpt>
      <trkpt lat="1.3458380196243525" lon="103.6388838943094">
        <ele>8.74</ele>
      </trkpt>
      <trkpt lat="1.3456535339355469" lon="103.639075756073">
        <ele>8.39</ele>
      </trkpt>
      <trkpt lat="1.3454818725585938" lon="103.63916158676147">
        <ele>8.3</ele>
      </trkpt>
      <trkpt lat="1.3454819563776255" lon="103.63924741744995">
        <ele>8.25</ele>
      </trkpt>
      <trkpt lat="1.345417583361268" lon="103.63939762115479">
        <ele>8.24</ele>
      </trkpt>
      <trkpt lat="1.3452888373285532" lon="103.6394190788269">
        <ele>8.16</ele>
      </trkpt>
      <trkpt lat="1.3452244643121958" lon="103.63924741744995">
        <ele>8.01</ele>
      </trkpt>
      <trkpt lat="1.3450425770133734" lon="103.63909226842225">
        <ele>8.43</ele>
      </trkpt>
      <trkpt lat="1.3448607735335827" lon="103.63893720321357">
        <ele>8.42</ele>
      </trkpt>
      <trkpt lat="1.3446788862347603" lon="103.63878205418587">
        <ele>8.41</ele>
      </trkpt>
      <trkpt lat="1.344494903460145" lon="103.6386251449585">
        <ele>7.77</ele>
      </trkpt>
      <trkpt lat="1.3442491460591555" lon="103.63848625682294">
        <ele>8.24</ele>
      </trkpt>
      <trkpt lat="1.3440013770014048" lon="103.63834619522095">
        <ele>7.64</ele>
      </trkpt>
      <trkpt lat="1.3437665160745382" lon="103.6382554192096">
        <ele>8.19</ele>
      </trkpt>
      <trkpt lat="1.3435316551476717" lon="103.63816464319825">
        <ele>8.1</ele>
      </trkpt>
      <trkpt lat="1.3432967942208052" lon="103.63807395100594">
        <ele>7.9</ele>
      </trkpt>
      <trkpt lat="1.3430572394281626" lon="103.63798141479492">
        <ele>7.15</ele>
      </trkpt>
      <trkpt lat="1.342821205034852" lon="103.63789558410645">
        <ele>7.09</ele>
      </trkpt>
      <trkpt lat="1.3428211212158203" lon="103.63789558410645">
        <ele>7.0</ele>
      </trkpt>
      <trkpt lat="1.3426397368311882" lon="103.63784219138324">
        <ele>7.52</ele>
      </trkpt>
      <trkpt lat="1.3424564246088266" lon="103.63778829574585">
        <ele>6.88</ele>
      </trkpt>
      <trkpt lat="1.3422847632318735" lon="103.63774538040161">
        <ele>6.76</ele>
      </trkpt>
      <trkpt lat="1.3421131018549204" lon="103.63770246505737">
        <ele>6.63</ele>
      </trkpt>
      <trkpt lat="1.3419843558222055" lon="103.63765954971313">
        <ele>6.49</ele>
      </trkpt>
      <trkpt lat="1.3418770674616098" lon="103.6376166343689">
        <ele>6.37</ele>
      </trkpt>
      <trkpt lat="1.3417268637567759" lon="103.63757371902466">
        <ele>6.29</ele>
      </trkpt>
      <trkpt lat="1.341545395553112" lon="103.6375095974654">
        <ele>6.62</ele>
      </trkpt>
      <trkpt lat="1.3413620833307505" lon="103.63744497299194">
        <ele>6.19</ele>
      </trkpt>
      <trkpt lat="1.3410737458616495" lon="103.63732745870948">
        <ele>6.4</ele>
      </trkpt>
      <trkpt lat="1.3407827261835337" lon="103.63720893859863">
        <ele>5.97</ele>
      </trkpt>
      <trkpt lat="1.340526407584548" lon="103.63710215315223">
        <ele>6.03</ele>
      </trkpt>
      <trkpt lat="1.3402676582336426" lon="103.63699436187744">
        <ele>5.87</ele>
      </trkpt>
      <trkpt lat="1.3400531653314829" lon="103.6370587348938">
        <ele>5.81</ele>
      </trkpt>
      <trkpt lat="1.3398171309381723" lon="103.6371660232544">
        <ele>5.71</ele>
      </trkpt>
      <trkpt lat="1.3398170471191406" lon="103.6371660232544">
        <ele>5.6</ele>
      </trkpt>
      <trkpt lat="1.3396670948714018" lon="103.63734799437225">
        <ele>5.5</ele>
      </trkpt>
      <trkpt lat="1.3395167235285044" lon="103.63753080368042">
        <ele>5.36</ele>
      </trkpt>
      <trkpt lat="1.339409351348877" lon="103.63763809204102">
        <ele>5.25</ele>
      </trkpt>
      <trkpt lat="1.3393449783325195" lon="103.63776683807373">
        <ele>5.18</ele>
      </trkpt>
      <trkpt lat="1.339179016649723" lon="103.63794344477355">
        <ele>5.11</ele>
      </trkpt>
      <trkpt lat="1.3390131387859583" lon="103.63812005147338">
        <ele>4.99</ele>
      </trkpt>
      <trkpt lat="1.3388472609221935" lon="103.6382966581732">
        <ele>4.89</ele>
      </trkpt>
      <trkpt lat="1.3386798743158579" lon="103.63847494125366">
        <ele>4.86</ele>
      </trkpt>
      <trkpt lat="1.3385940436273813" lon="103.63856077194214">
        <ele>4.8</ele>
      </trkpt>
      <trkpt lat="1.3384867552667856" lon="103.63866806030273">
        <ele>4.76</ele>
      </trkpt>
      <trkpt lat="1.338400924578309" lon="103.63875389099121">
        <ele>4.72</ele>
      </trkpt>
      <trkpt lat="1.3383580092340708" lon="103.63879680633545">
        <ele>4.66</ele>
      </trkpt>
      <trkpt lat="1.338229263201356" lon="103.63892555236816">
        <ele>4.62</ele>
      </trkpt>
      <trkpt lat="1.3380205538123846" lon="103.63912881352007">
        <ele>4.52</ele>
      </trkpt>
      <trkpt lat="1.3378118444234133" lon="103.63933215849102">
        <ele>4.35</ele>
      </trkpt>
      <trkpt lat="1.337603135034442" lon="103.63953550346196">
        <ele>4.19</ele>
      </trkpt>
      <trkpt lat="1.3373923301696777" lon="103.63974094390869">
        <ele>4.09</ele>
      </trkpt>
      <trkpt lat="1.3372422102838755" lon="103.63991260528564">
        <ele>4.06</ele>
      </trkpt>
      <trkpt lat="1.3370490912348032" lon="103.64010572433472">
        <ele>4.02</ele>
      </trkpt>
      <trkpt lat="1.3370490074157715" lon="103.64010572433472">
        <ele>3.95</ele>
      </trkpt>
      <trkpt lat="1.33687742985785" lon="103.64027738571167">
        <ele>3.89</ele>
      </trkpt>
      <trkpt lat="1.3367701414972544" lon="103.64038467407227">
        <ele>3.82</ele>
      </trkpt>
      <trkpt lat="1.3366199377924204" lon="103.64055633544922">
        <ele>3.67</ele>
      </trkpt>
      <trkpt lat="1.3365021720528603" lon="103.64067401736975">
        <ele>3.59</ele>
      </trkpt>
      <trkpt lat="1.3363839033991098" lon="103.64079236984253">
        <ele>3.51</ele>
      </trkpt>
      <trkpt lat="1.3363838195800781" lon="103.64079236984253">
        <ele>3.49</ele>
      </trkpt>
      <trkpt lat="1.3362445961683989" lon="103.6409529671073">
        <ele>3.46</ele>
      </trkpt>
      <trkpt lat="1.336104953661561" lon="103.64111423492432">
        <ele>3.49</ele>
      </trkpt>
      <trkpt lat="1.3359657302498817" lon="103.64125329069793">
        <ele>3.55</ele>
      </trkpt>
      <trkpt lat="1.3358259201049805" lon="103.64139318466187">
        <ele>3.61</ele>
      </trkpt>
      <trkpt lat="1.3356654066592455" lon="103.6415536981076">
        <ele>3.71</ele>
      </trkpt>
      <trkpt lat="1.335504138842225" lon="103.64171504974365">
        <ele>3.75</ele>
      </trkpt>
      <trkpt lat="1.335353935137391" lon="103.6418867111206">
        <ele>3.79</ele>
      </trkpt>
      <trkpt lat="1.3351608160883188" lon="103.6421012878418">
        <ele>3.81</ele>
      </trkpt>
      <trkpt lat="1.3349894899874926" lon="103.64228317514062">
        <ele>3.88</ele>
      </trkpt>
      <trkpt lat="1.3348174933344126" lon="103.64246606826782">
        <ele>3.98</ele>
      </trkpt>
      <trkpt lat="1.3347102049738169" lon="103.64257335662842">
        <ele>4.1</ele>
      </trkpt>
      <trkpt lat="1.3346243742853403" lon="103.6426591873169">
        <ele>4.16</ele>
      </trkpt>
      <trkpt lat="1.3346887473016977" lon="103.64274501800537">
        <ele>4.24</ele>
      </trkpt>
      <trkpt lat="1.3348817825317383" lon="103.64291667938232">
        <ele>4.31</ele>
      </trkpt>
      <trkpt lat="1.33488186635077" lon="103.64291667938232">
        <ele>4.42</ele>
      </trkpt>
      <trkpt lat="1.3350209221243858" lon="103.64304500631988">
        <ele>4.54</ele>
      </trkpt>
      <trkpt lat="1.3351608160883188" lon="103.64317417144775">
        <ele>4.64</ele>
      </trkpt>
      <trkpt lat="1.3352465629577637" lon="103.64326000213623">
        <ele>4.76</ele>
      </trkpt>
      <trkpt lat="1.3352466467767954" lon="103.64326000213623">
        <ele>4.9</ele>
      </trkpt>
      <trkpt lat="1.3353749737143517" lon="103.64337768405676">
        <ele>5.02</ele>
      </trkpt>
      <trkpt lat="1.3355040550231934" lon="103.64349603652954">
        <ele>5.13</ele>
      </trkpt>
      <trkpt lat="1.335504138842225" lon="103.64349603652954">
        <ele>5.3</ele>
      </trkpt>
      <trkpt lat="1.3356752134859562" lon="103.64365646615624">
        <ele>5.44</ele>
      </trkpt>
      <trkpt lat="1.3358473777770996" lon="103.64381790161133">
        <ele>5.68</ele>
      </trkpt>
      <trkpt lat="1.3358474615961313" lon="103.64381790161133">
        <ele>5.87</ele>
      </trkpt>
      <trkpt lat="1.3360656425356865" lon="103.64402325823903">
        <ele>6.12</ele>
      </trkpt>
      <trkpt lat="1.3362839072942734" lon="103.64422869868577">
        <ele>6.32</ele>
      </trkpt>
      <trkpt lat="1.3365021720528603" lon="103.6444341391325">
        <ele>6.63</ele>
      </trkpt>
      <trkpt lat="1.3367204368114471" lon="103.64463957957923">
        <ele>6.91</ele>
      </trkpt>
      <trkpt lat="1.3369417190551758" lon="103.64484786987305">
        <ele>7.13</ele>
      </trkpt>
      <trkpt lat="1.3369418028742075" lon="103.64484786987305">
        <ele>7.35</ele>
      </trkpt>
      <trkpt lat="1.3370060920715332" lon="103.6449122428894">
        <ele>7.56</ele>
      </trkpt>
      <trkpt lat="1.336856223642826" lon="103.64507275633514">
        <ele>7.77</ele>
      </trkpt>
      <trkpt lat="1.336705768480897" lon="103.64523410797119">
        <ele>8.01</ele>
      </trkpt>
      <trkpt lat="1.3365023396909237" lon="103.64544818177819">
        <ele>8.16</ele>
      </trkpt>
      <trkpt lat="1.3362979888916016" lon="103.64566326141357">
        <ele>8.38</ele>
      </trkpt>
      <trkpt lat="1.3362980727106333" lon="103.64566326141357">
        <ele>8.59</ele>
      </trkpt>
      <trkpt lat="1.3361268304288387" lon="103.64583441987634">
        <ele>8.86</ele>
      </trkpt>
      <trkpt lat="1.335954749956727" lon="103.64600658416748">
        <ele>9.11</ele>
      </trkpt>
      <trkpt lat="1.3357726950198412" lon="103.6461884714663">
        <ele>9.29</ele>
      </trkpt>
      <trkpt lat="1.33558988571167" lon="103.6463713645935">
        <ele>9.41</ele>
      </trkpt>
      <trkpt lat="1.3355899695307016" lon="103.6463713645935">
        <ele>9.58</ele>
      </trkpt>
      <trkpt lat="1.3354680966585875" lon="103.64650363102555">
        <ele>9.74</ele>
      </trkpt>
      <trkpt lat="1.3353458046913147" lon="103.64663665182889">
        <ele>9.9</ele>
      </trkpt>
      <trkpt lat="1.3352213334292173" lon="103.64677185192704">
        <ele>10.07</ele>
      </trkpt>
      <trkpt lat="1.3350964430719614" lon="103.64690780639648">
        <ele>10.28</ele>
      </trkpt>
      <trkpt lat="1.3349676970392466" lon="103.6470365524292">
        <ele>10.47</ele>
      </trkpt>
      <trkpt lat="1.33488186635077" lon="103.64712238311768">
        <ele>10.63</ele>
      </trkpt>
      <trkpt lat="1.3348174933344126" lon="103.64720821380615">
        <ele>10.77</ele>
      </trkpt>
      <trkpt lat="1.3346247933804989" lon="103.64740082994103">
        <ele>10.82</ele>
      </trkpt>
      <trkpt lat="1.334431255236268" lon="103.6475944519043">
        <ele>10.85</ele>
      </trkpt>
      <trkpt lat="1.3342885114252567" lon="103.6477514449507">
        <ele>10.93</ele>
      </trkpt>
      <trkpt lat="1.3341457676142454" lon="103.6479084379971">
        <ele>11.01</ele>
      </trkpt>
      <trkpt lat="1.3340021017938852" lon="103.64806652069092">
        <ele>11.03</ele>
      </trkpt>
      <trkpt lat="1.3339377287775278" lon="103.64813089370728">
        <ele>11.06</ele>
      </trkpt>
      <trkpt lat="1.3337446097284555" lon="103.64834547042847">
        <ele>11.05</ele>
      </trkpt>
      <trkpt lat="1.333658779039979" lon="103.64840984344482">
        <ele>11.03</ele>
      </trkpt>
      <trkpt lat="1.3334871176630259" lon="103.6486029624939">
        <ele>10.95</ele>
      </trkpt>
      <trkpt lat="1.333272960036993" lon="103.64882768131793">
        <ele>10.95</ele>
      </trkpt>
      <trkpt lat="1.333057964220643" lon="103.6490535736084">
        <ele>10.91</ele>
      </trkpt>
      <trkpt lat="1.3329187408089638" lon="103.64920335821807">
        <ele>10.88</ele>
      </trkpt>
      <trkpt lat="1.3327789306640625" lon="103.64935398101807">
        <ele>10.82</ele>
      </trkpt>
      <trkpt lat="1.332693099975586" lon="103.64941835403442">
        <ele>10.75</ele>
      </trkpt>
      <trkpt lat="1.3326716423034668" lon="103.64946126937866">
        <ele>10.69</ele>
      </trkpt>
      <trkpt lat="1.3326717261224985" lon="103.64946126937866">
        <ele>10.62</ele>
      </trkpt>
      <trkpt lat="1.3326931837946177" lon="103.64948272705078">
        <ele>10.54</ele>
      </trkpt>
      <trkpt lat="1.332714557647705" lon="103.64952564239502">
        <ele>10.46</ele>
      </trkpt>
      <trkpt lat="1.3325235340744257" lon="103.64972521550953">
        <ele>10.44</ele>
      </trkpt>
      <trkpt lat="1.3323325105011463" lon="103.64992478862405">
        <ele>10.42</ele>
      </trkpt>
      <trkpt lat="1.3321401458233595" lon="103.6501257866621">
        <ele>10.28</ele>
      </trkpt>
      <trkpt lat="1.3319248147308826" lon="103.6503506731242">
        <ele>10.09</ele>
      </trkpt>
      <trkpt lat="1.3317094836384058" lon="103.65057564340532">
        <ele>10.02</ele>
      </trkpt>
      <trkpt lat="1.331494152545929" lon="103.65080052986741">
        <ele>9.94</ele>
      </trkpt>
      <trkpt lat="1.3312768936157227" lon="103.65102767944336">
        <ele>9.77</ele>
      </trkpt>
      <trkpt lat="1.3312768936157227" lon="103.65109205245972">
        <ele>9.63</ele>
      </trkpt>
      <trkpt lat="1.3312339782714844" lon="103.65109205245972">
        <ele>9.51</ele>
      </trkpt>
      <trkpt lat="1.3311696890741587" lon="103.6511778831482">
        <ele>9.39</ele>
      </trkpt>
      <trkpt lat="1.331169605255127" lon="103.6511778831482">
        <ele>9.26</ele>
      </trkpt>
      <trkpt lat="1.3311052322387695" lon="103.65124225616455">
        <ele>9.15</ele>
      </trkpt>
      <trkpt lat="1.3311052322387695" lon="103.65126371383667">
        <ele>9.02</ele>
      </trkpt>
      <trkpt lat="1.3308906555175781" lon="103.65139245986938">
        <ele>8.96</ele>
      </trkpt>
      <trkpt lat="1.3306894060224295" lon="103.65160653367639">
        <ele>8.84</ele>
      </trkpt>
      <trkpt lat="1.3304881565272808" lon="103.65182060748339">
        <ele>8.62</ele>
      </trkpt>
      <trkpt lat="1.3302869070321321" lon="103.65203468129039">
        <ele>8.45</ele>
      </trkpt>
      <trkpt lat="1.3300857413560152" lon="103.65224875509739">
        <ele>8.33</ele>
      </trkpt>
      <trkpt lat="1.3298822287470102" lon="103.65246534347534">
        <ele>8.23</ele>
      </trkpt>
      <trkpt lat="1.3297051191329956" lon="103.65265008062124">
        <ele>8.1</ele>
      </trkpt>
      <trkpt lat="1.3295280933380127" lon="103.65283481776714">
        <ele>7.91</ele>
      </trkpt>
      <trkpt lat="1.329350983723998" lon="103.65301955491304">
        <ele>7.75</ele>
      </trkpt>
      <trkpt lat="1.3291722815483809" lon="103.65320605225861">
        <ele>7.63</ele>
      </trkpt>
      <trkpt lat="1.3290339801460505" lon="103.6533503048122">
        <ele>7.57</ele>
      </trkpt>
      <trkpt lat="1.328895092010498" lon="103.65349531173706">
        <ele>7.48</ele>
      </trkpt>
      <trkpt lat="1.3288522604852915" lon="103.65345239639282">
        <ele>7.39</ele>
      </trkpt>
      <trkpt lat="1.3287663459777832" lon="103.6535382270813">
        <ele>7.29</ele>
      </trkpt>
      <trkpt lat="1.328766429796815" lon="103.6535382270813">
        <ele>7.21</ele>
      </trkpt>
      <trkpt lat="1.3287020567804575" lon="103.65360260009766">
        <ele>7.1</ele>
      </trkpt>
      <trkpt lat="1.3285733107477427" lon="103.65373134613037">
        <ele>6.95</ele>
      </trkpt>
      <trkpt lat="1.328487480059266" lon="103.65383863449097">
        <ele>6.86</ele>
      </trkpt>
      <trkpt lat="1.3283587340265512" lon="103.65396738052368">
        <ele>6.8</ele>
      </trkpt>
      <trkpt lat="1.3281870726495981" lon="103.65416049957275">
        <ele>6.73</ele>
      </trkpt>
      <trkpt lat="1.3281441573053598" lon="103.65420341491699">
        <ele>6.69</ele>
      </trkpt>
      <trkpt lat="1.3280263915657997" lon="103.65433182567358">
        <ele>6.72</ele>
      </trkpt>
      <trkpt lat="1.3279081229120493" lon="103.65446090698242">
        <ele>6.7</ele>
      </trkpt>
      <trkpt lat="1.327699413523078" lon="103.65467489697039">
        <ele>6.64</ele>
      </trkpt>
      <trkpt lat="1.3274907041341066" lon="103.65488897077739">
        <ele>6.59</ele>
      </trkpt>
      <trkpt lat="1.3272819947451353" lon="103.6551030445844">
        <ele>6.65</ele>
      </trkpt>
      <trkpt lat="1.3270712736994028" lon="103.65531921386719">
        <ele>6.65</ele>
      </trkpt>
      <trkpt lat="1.3269214052706957" lon="103.65547972731292">
        <ele>6.66</ele>
      </trkpt>
      <trkpt lat="1.3267708662897348" lon="103.65564107894897">
        <ele>6.64</ele>
      </trkpt>
      <trkpt lat="1.3266850356012583" lon="103.65572690963745">
        <ele>6.6</ele>
      </trkpt>
      <trkpt lat="1.3266849517822266" lon="103.65572690963745">
        <ele>6.56</ele>
      </trkpt>
      <trkpt lat="1.3267279509454966" lon="103.65576982498169">
        <ele>6.52</ele>
      </trkpt>
      <trkpt lat="1.3269525859504938" lon="103.6559730861336">
        <ele>6.44</ele>
      </trkpt>
      <trkpt lat="1.3271785620599985" lon="103.65617752075195">
        <ele>6.32</ele>
      </trkpt>
      <trkpt lat="1.3273389916867018" lon="103.65631657652557">
        <ele>6.25</ele>
      </trkpt>
      <trkpt lat="1.3275004271417856" lon="103.6564564704895">
        <ele>6.2</ele>
      </trkpt>
      <trkpt lat="1.327564800158143" lon="103.65652084350586">
        <ele>6.17</ele>
      </trkpt>
      <trkpt lat="1.3277579192072153" lon="103.65671396255493">
        <ele>6.18</ele>
      </trkpt>
      <trkpt lat="1.3279077038168907" lon="103.65685301832855">
        <ele>6.13</ele>
      </trkpt>
      <trkpt lat="1.3280583266168833" lon="103.65699291229248">
        <ele>6.08</ele>
      </trkpt>
      <trkpt lat="1.3281972985714674" lon="103.65711051039398">
        <ele>5.99</ele>
      </trkpt>
      <trkpt lat="1.3283371925354004" lon="103.65722894668579">
        <ele>5.9</ele>
      </trkpt>
      <trkpt lat="1.3283801916986704" lon="103.65748643875122">
        <ele>5.78</ele>
      </trkpt>
      <trkpt lat="1.3281980529427528" lon="103.65770051255822">
        <ele>5.66</ele>
      </trkpt>
      <trkpt lat="1.3280153274536133" lon="103.6579155921936">
        <ele>5.45</ele>
      </trkpt>
      <trkpt lat="1.328015411272645" lon="103.6579155921936">
        <ele>5.37</ele>
      </trkpt>
      <trkpt lat="1.327804857864976" lon="103.658143915236">
        <ele>5.34</ele>
      </trkpt>
      <trkpt lat="1.3275943044573069" lon="103.65837232209742">
        <ele>5.35</ele>
      </trkpt>
      <trkpt lat="1.3273837510496378" lon="103.65860064513981">
        <ele>5.24</ele>
      </trkpt>
      <trkpt lat="1.3271731976419687" lon="103.65882905200124">
        <ele>5.04</ele>
      </trkpt>
      <trkpt lat="1.3269626442342997" lon="103.65905737504363">
        <ele>5.02</ele>
      </trkpt>
      <trkpt lat="1.326749324798584" lon="103.65928888320923">
        <ele>5.05</ele>
      </trkpt>
      <trkpt lat="1.3265291322022676" lon="103.65949675440788">
        <ele>5.1</ele>
      </trkpt>
      <trkpt lat="1.326309023424983" lon="103.65970462560654">
        <ele>5.05</ele>
      </trkpt>
      <trkpt lat="1.3260889146476984" lon="103.65991249680519">
        <ele>5.03</ele>
      </trkpt>
      <trkpt lat="1.3258688058704138" lon="103.66012036800385">
        <ele>4.95</ele>
      </trkpt>
      <trkpt lat="1.3256486970931292" lon="103.6603282392025">
        <ele>4.9</ele>
      </trkpt>
      <trkpt lat="1.3254285883158445" lon="103.66053611040115">
        <ele>4.78</ele>
      </trkpt>
      <trkpt lat="1.3252043724060059" lon="103.66074800491333">
        <ele>4.63</ele>
      </trkpt>
      <trkpt lat="1.3250115886330605" lon="103.66096207872033">
        <ele>4.53</ele>
      </trkpt>
      <trkpt lat="1.3248188886791468" lon="103.66117615252733">
        <ele>4.59</ele>
      </trkpt>
      <trkpt lat="1.324625015258789" lon="103.6613917350769">
        <ele>4.63</ele>
      </trkpt>
      <trkpt lat="1.324453605338931" lon="103.661616621539">
        <ele>4.47</ele>
      </trkpt>
      <trkpt lat="1.3242817763239145" lon="103.6618423461914">
        <ele>4.29</ele>
      </trkpt>
      <trkpt lat="1.3241640105843544" lon="103.66194929927588">
        <ele>4.26</ele>
      </trkpt>
      <trkpt lat="1.3240456581115723" lon="103.6620569229126">
        <ele>4.32</ele>
      </trkpt>
      <trkpt lat="1.324045741930604" lon="103.6620569229126">
        <ele>4.34</ele>
      </trkpt>
      <trkpt lat="1.3238574005663395" lon="103.66222808137536">
        <ele>4.43</ele>
      </trkpt>
      <trkpt lat="1.3236691430211067" lon="103.66239923983812">
        <ele>4.53</ele>
      </trkpt>
      <trkpt lat="1.3234808016568422" lon="103.66257039830089">
        <ele>4.56</ele>
      </trkpt>
      <trkpt lat="1.3232925441116095" lon="103.66274155676365">
        <ele>4.49</ele>
      </trkpt>
      <trkpt lat="1.3231016043573618" lon="103.66291522979736">
        <ele>4.63</ele>
      </trkpt>
      <trkpt lat="1.322962548583746" lon="103.6630220990628">
        <ele>4.65</ele>
      </trkpt>
      <trkpt lat="1.3228225708007812" lon="103.66312980651855">
        <ele>4.71</ele>
      </trkpt>
      <trkpt lat="1.3226295355707407" lon="103.66315126419067">
        <ele>4.84</ele>
      </trkpt>
      <trkpt lat="1.3225007057189941" lon="103.66323709487915">
        <ele>5.02</ele>
      </trkpt>
      <trkpt lat="1.3224148750305176" lon="103.66345167160034">
        <ele>5.26</ele>
      </trkpt>
      <trkpt lat="1.3224149588495493" lon="103.66355895996094">
        <ele>5.45</ele>
      </trkpt>
      <trkpt lat="1.3225221633911133" lon="103.66375207901001">
        <ele>5.64</ele>
      </trkpt>
      <trkpt lat="1.3227152824401855" lon="103.6638593673706">
        <ele>5.81</ele>
      </trkpt>
      <trkpt lat="1.3226080778986216" lon="103.66403077729046">
        <ele>6.13</ele>
      </trkpt>
      <trkpt lat="1.3225007895380259" lon="103.66420269012451">
        <ele>6.39</ele>
      </trkpt>
      <trkpt lat="1.3225007057189941" lon="103.66420269012451">
        <ele>6.6</ele>
      </trkpt>
      <trkpt lat="1.322405319660902" lon="103.6643934622407">
        <ele>6.86</ele>
      </trkpt>
      <trkpt lat="1.3223098497837782" lon="103.66458448581398">
        <ele>7.14</ele>
      </trkpt>
      <trkpt lat="1.3222432136535645" lon="103.66471767425537">
        <ele>7.37</ele>
      </trkpt>
      <trkpt lat="1.322178840637207" lon="103.66494297981262">
        <ele>7.57</ele>
      </trkpt>
      <trkpt lat="1.3221145514398813" lon="103.66516828536987">
        <ele>7.76</ele>
      </trkpt>
      <trkpt lat="1.3220715522766113" lon="103.66541513241827">
        <ele>7.93</ele>
      </trkpt>
      <trkpt lat="1.3220287207514048" lon="103.66566181182861">
        <ele>8.12</ele>
      </trkpt>
      <trkpt lat="1.3220448140054941" lon="103.66594629362226">
        <ele>8.39</ele>
      </trkpt>
      <trkpt lat="1.3220609072595835" lon="103.66623085923493">
        <ele>8.57</ele>
      </trkpt>
      <trkpt lat="1.3220770005136728" lon="103.6665154248476">
        <ele>8.83</ele>
      </trkpt>
      <trkpt lat="1.3220930937677622" lon="103.66679906845093">
        <ele>9.14</ele>
      </trkpt>
      <trkpt lat="1.3221097737550735" lon="103.66708296351135">
        <ele>9.36</ele>
      </trkpt>
      <trkpt lat="1.322126453742385" lon="103.6673669423908">
        <ele>9.57</ele>
      </trkpt>
      <trkpt lat="1.3221431337296963" lon="103.66765083745122">
        <ele>9.83</ele>
      </trkpt>
      <trkpt lat="1.3221598975360394" lon="103.66793481633067">
        <ele>10.07</ele>
      </trkpt>
      <trkpt lat="1.3221765775233507" lon="103.66821879521012">
        <ele>10.3</ele>
      </trkpt>
      <trkpt lat="1.322193257510662" lon="103.66850269027054">
        <ele>10.54</ele>
      </trkpt>
      <trkpt lat="1.3222099374979734" lon="103.66878666915">
        <ele>10.72</ele>
      </trkpt>
      <trkpt lat="1.3222267013043165" lon="103.66907064802945">
        <ele>10.84</ele>
      </trkpt>
      <trkpt lat="1.3222432974725962" lon="103.6693525314331">
        <ele>11.02</ele>
      </trkpt>
      <trkpt lat="1.322253942489624" lon="103.66965310648084">
        <ele>11.18</ele>
      </trkpt>
      <trkpt lat="1.3222646713256836" lon="103.66995334625244">
        <ele>11.36</ele>
      </trkpt>
      <trkpt lat="1.322372043505311" lon="103.6700177192688">
        <ele>11.62</ele>
      </trkpt>
      <trkpt lat="1.322372043505311" lon="103.67014646530151">
        <ele>11.82</ele>
      </trkpt>
      <trkpt lat="1.3223935011774302" lon="103.67025375366211">
        <ele>12.03</ele>
      </trkpt>
      <trkpt lat="1.3224148750305176" lon="103.6705650575459">
        <ele>12.22</ele>
      </trkpt>
      <trkpt lat="1.3224363327026367" lon="103.67087602615356">
        <ele>12.37</ele>
      </trkpt>
      <trkpt lat="1.3224470615386963" lon="103.67104777134955">
        <ele>12.57</ele>
      </trkpt>
      <trkpt lat="1.3224577903747559" lon="103.67121934890747">
        <ele>12.77</ele>
      </trkpt>
      <trkpt lat="1.3225007057189941" lon="103.67121934890747">
        <ele>12.92</ele>
      </trkpt>
      <trkpt lat="1.3225157093256712" lon="103.67150927893817">
        <ele>13.14</ele>
      </trkpt>
      <trkpt lat="1.3225307129323483" lon="103.67179887369275">
        <ele>13.31</ele>
      </trkpt>
      <trkpt lat="1.3225447945296764" lon="103.67207187227905">
        <ele>13.42</ele>
      </trkpt>
      <trkpt lat="1.3225588761270046" lon="103.67234487086535">
        <ele>13.52</ele>
      </trkpt>
      <trkpt lat="1.3225730415433645" lon="103.67261786945164">
        <ele>13.62</ele>
      </trkpt>
      <trkpt lat="1.3225871231406927" lon="103.67289086803794">
        <ele>13.7</ele>
      </trkpt>
      <trkpt lat="1.3226012885570526" lon="103.67316395044327">
        <ele>13.77</ele>
      </trkpt>
      <trkpt lat="1.3226153701543808" lon="103.67343694902956">
        <ele>13.88</ele>
      </trkpt>
      <trkpt lat="1.322629451751709" lon="103.67370843887329">
        <ele>14.06</ele>
      </trkpt>
      <trkpt lat="1.3226651586592197" lon="103.67401974275708">
        <ele>14.31</ele>
      </trkpt>
      <trkpt lat="1.3227009493857622" lon="103.6743311304599">
        <ele>14.39</ele>
      </trkpt>
      <trkpt lat="1.3227367401123047" lon="103.67464251816273">
        <ele>14.33</ele>
      </trkpt>
      <trkpt lat="1.3227725308388472" lon="103.67495390586555">
        <ele>14.41</ele>
      </trkpt>
      <trkpt lat="1.3228083215653896" lon="103.67526520974934">
        <ele>14.57</ele>
      </trkpt>
      <trkpt lat="1.3228440284729004" lon="103.67557525634766">
        <ele>14.69</ele>
      </trkpt>
      <trkpt lat="1.3228525780141354" lon="103.67585873231292">
        <ele>14.67</ele>
      </trkpt>
      <trkpt lat="1.3228611275553703" lon="103.67614220827818">
        <ele>14.5</ele>
      </trkpt>
      <trkpt lat="1.322869760915637" lon="103.67642568424344">
        <ele>14.42</ele>
      </trkpt>
      <trkpt lat="1.322878310456872" lon="103.6767091602087">
        <ele>14.34</ele>
      </trkpt>
      <trkpt lat="1.3228869438171387" lon="103.67699146270752">
        <ele>14.31</ele>
      </trkpt>
      <trkpt lat="1.322951316833496" lon="103.67722749710083">
        <ele>14.27</ele>
      </trkpt>
      <trkpt lat="1.3229674100875854" lon="103.67752807214856">
        <ele>14.26</ele>
      </trkpt>
      <trkpt lat="1.3229835033416748" lon="103.67782873101532">
        <ele>14.2</ele>
      </trkpt>
      <trkpt lat="1.3229995965957642" lon="103.67812938988209">
        <ele>14.11</ele>
      </trkpt>
      <trkpt lat="1.3230156898498535" lon="103.6784291267395">
        <ele>14.02</ele>
      </trkpt>
      <trkpt lat="1.3230586051940918" lon="103.67860078811646">
        <ele>14.0</ele>
      </trkpt>
      <trkpt lat="1.3231444358825684" lon="103.67872953414917">
        <ele>13.93</ele>
      </trkpt>
      <trkpt lat="1.3230586890131235" lon="103.67881536483765">
        <ele>13.92</ele>
      </trkpt>
      <trkpt lat="1.3230225630104542" lon="103.6787174642086">
        <ele>13.81</ele>
      </trkpt>
      <trkpt lat="1.3230586890131235" lon="103.67881536483765">
        <ele>13.92</ele>
      </trkpt>
      <trkpt lat="1.3231444358825684" lon="103.67892265319824">
        <ele>13.65</ele>
      </trkpt>
      <trkpt lat="1.3232946395874023" lon="103.67900848388672">
        <ele>13.52</ele>
      </trkpt>
      <trkpt lat="1.3234652951359749" lon="103.6790404189378">
        <ele>13.42</ele>
      </trkpt>
      <trkpt lat="1.3236379623413086" lon="103.67907285690308">
        <ele>13.32</ele>
      </trkpt>
      <trkpt lat="1.32385840639472" lon="103.67907989770174">
        <ele>13.22</ele>
      </trkpt>
      <trkpt lat="1.3240788504481316" lon="103.67908702231944">
        <ele>13.15</ele>
      </trkpt>
      <trkpt lat="1.3243032339960337" lon="103.6790943145752">
        <ele>13.04</ele>
      </trkpt>
      <trkpt lat="1.3245165534317493" lon="103.67910495959222">
        <ele>12.91</ele>
      </trkpt>
      <trkpt lat="1.3247323874384165" lon="103.67911577224731">
        <ele>12.78</ele>
      </trkpt>
      <trkpt lat="1.3247323036193848" lon="103.67911577224731">
        <ele>12.69</ele>
      </trkpt>
      <trkpt lat="1.325016701593995" lon="103.67912281304598">
        <ele>12.65</ele>
      </trkpt>
      <trkpt lat="1.3253011833876371" lon="103.67912993766367">
        <ele>12.55</ele>
      </trkpt>
      <trkpt lat="1.3255855813622475" lon="103.67913706228137">
        <ele>12.31</ele>
      </trkpt>
      <trkpt lat="1.3258700631558895" lon="103.67914418689907">
        <ele>12.22</ele>
      </trkpt>
      <trkpt lat="1.3261544611304998" lon="103.67915131151676">
        <ele>12.28</ele>
      </trkpt>
      <trkpt lat="1.3264490012079477" lon="103.67915868759155">
        <ele>12.28</ele>
      </trkpt>
      <trkpt lat="1.32664212025702" lon="103.67918014526367">
        <ele>12.2</ele>
      </trkpt>
      <trkpt lat="1.3267708662897348" lon="103.67918014526367">
        <ele>12.09</ele>
      </trkpt>
      <trkpt lat="1.3269210699945688" lon="103.67920160293579">
        <ele>11.97</ele>
      </trkpt>
      <trkpt lat="1.3270069006830454" lon="103.67920160293579">
        <ele>11.91</ele>
      </trkpt>
      <trkpt lat="1.3271785620599985" lon="103.67922306060791">
        <ele>11.81</ele>
      </trkpt>
      <trkpt lat="1.3273705076426268" lon="103.67922306060791">
        <ele>11.9</ele>
      </trkpt>
      <trkpt lat="1.327564800158143" lon="103.67922306060791">
        <ele>12.03</ele>
      </trkpt>
      <trkpt lat="1.3275647163391113" lon="103.67922306060791">
        <ele>12.08</ele>
      </trkpt>
      <trkpt lat="1.3276291731745005" lon="103.67922306060791">
        <ele>12.18</ele>
      </trkpt>
      <trkpt lat="1.327865207567811" lon="103.67924451828003">
        <ele>12.34</ele>
      </trkpt>
      <trkpt lat="1.3279295805841684" lon="103.67924451828003">
        <ele>12.44</ele>
      </trkpt>
      <trkpt lat="1.3279294967651367" lon="103.67924451828003">
        <ele>12.53</ele>
      </trkpt>
      <trkpt lat="1.3281870726495981" lon="103.67926597595215">
        <ele>12.65</ele>
      </trkpt>
      <trkpt lat="1.328450096771121" lon="103.67928014136851">
        <ele>12.81</ele>
      </trkpt>
      <trkpt lat="1.3287132047116756" lon="103.6792943906039">
        <ele>12.97</ele>
      </trkpt>
      <trkpt lat="1.3289810065180063" lon="103.67930889129639">
        <ele>13.04</ele>
      </trkpt>
      <trkpt lat="1.3292227406054735" lon="103.67931593209505">
        <ele>13.09</ele>
      </trkpt>
      <trkpt lat="1.3294644746929407" lon="103.67932305671275">
        <ele>13.17</ele>
      </trkpt>
      <trkpt lat="1.329710567370057" lon="103.6793303489685">
        <ele>13.38</ele>
      </trkpt>
      <trkpt lat="1.32987049408257" lon="103.67934099398553">
        <ele>13.56</ele>
      </trkpt>
      <trkpt lat="1.3300324324518442" lon="103.67935180664062">
        <ele>13.73</ele>
      </trkpt>
      <trkpt lat="1.3301182631403208" lon="103.67935180664062">
        <ele>13.87</ele>
      </trkpt>
      <trkpt lat="1.330246925354004" lon="103.67935180664062">
        <ele>14.0</ele>
      </trkpt>
      <trkpt lat="1.3302255515009165" lon="103.6795449256897">
        <ele>14.14</ele>
      </trkpt>
      <trkpt lat="1.3302040100097656" lon="103.6798369511962">
        <ele>14.32</ele>
      </trkpt>
      <trkpt lat="1.3301825523376465" lon="103.68012897670269">
        <ele>14.38</ele>
      </trkpt>
      <trkpt lat="1.3301610946655273" lon="103.68042108602822">
        <ele>14.45</ele>
      </trkpt>
      <trkpt lat="1.3301396369934082" lon="103.68071311153471">
        <ele>14.66</ele>
      </trkpt>
      <trkpt lat="1.3301182631403208" lon="103.6810040473938">
        <ele>14.88</ele>
      </trkpt>
      <trkpt lat="1.3301010802388191" lon="103.68125743232667">
        <ele>15.04</ele>
      </trkpt>
      <trkpt lat="1.3300838973373175" lon="103.68151081725955">
        <ele>15.13</ele>
      </trkpt>
      <trkpt lat="1.3300667144358158" lon="103.68176420219243">
        <ele>15.2</ele>
      </trkpt>
      <trkpt lat="1.3300495315343142" lon="103.6820175871253">
        <ele>15.25</ele>
      </trkpt>
      <trkpt lat="1.3300324324518442" lon="103.68227005004883">
        <ele>15.28</ele>
      </trkpt>
      <trkpt lat="1.3300108909606934" lon="103.68254916742444">
        <ele>15.26</ele>
      </trkpt>
      <trkpt lat="1.3299894332885742" lon="103.68282836861908">
        <ele>15.33</ele>
      </trkpt>
      <trkpt lat="1.3299680594354868" lon="103.68310689926147">
        <ele>15.46</ele>
      </trkpt>
      <trkpt lat="1.3299518823623657" lon="103.68334846571088">
        <ele>15.55</ele>
      </trkpt>
      <trkpt lat="1.3299357891082764" lon="103.68359003216028">
        <ele>15.63</ele>
      </trkpt>
      <trkpt lat="1.329919695854187" lon="103.68383159860969">
        <ele>15.66</ele>
      </trkpt>
      <trkpt lat="1.3299036864191294" lon="103.68407249450684">
        <ele>15.7</ele>
      </trkpt>
      <trkpt lat="1.3299036026000977" lon="103.68407249450684">
        <ele>15.73</ele>
      </trkpt>
      <trkpt lat="1.3299036864191294" lon="103.6843729019165">
        <ele>15.8</ele>
      </trkpt>
      <trkpt lat="1.3298822287470102" lon="103.6845874786377">
        <ele>15.83</ele>
      </trkpt>
      <trkpt lat="1.3298606872558594" lon="103.68488092906773">
        <ele>15.84</ele>
      </trkpt>
      <trkpt lat="1.3298392295837402" lon="103.68517437949777">
        <ele>15.81</ele>
      </trkpt>
      <trkpt lat="1.329817771911621" lon="103.68546791374683">
        <ele>15.7</ele>
      </trkpt>
      <trkpt lat="1.329796314239502" lon="103.68576136417687">
        <ele>15.62</ele>
      </trkpt>
      <trkpt lat="1.329774772748351" lon="103.68605489842594">
        <ele>15.53</ele>
      </trkpt>
      <trkpt lat="1.3297534827142954" lon="103.68634700775146">
        <ele>15.52</ele>
      </trkpt>
      <trkpt lat="1.3297533988952637" lon="103.68658320978284">
        <ele>15.5</ele>
      </trkpt>
      <trkpt lat="1.3297533988952637" lon="103.68681907653809">
        <ele>15.51</ele>
      </trkpt>
      <trkpt lat="1.3298070430755615" lon="103.68706592358649">
        <ele>15.4</ele>
      </trkpt>
      <trkpt lat="1.329860771074891" lon="103.68731260299683">
        <ele>15.21</ele>
      </trkpt>
      <trkpt lat="1.3300215359777212" lon="103.68756975978613">
        <ele>15.06</ele>
      </trkpt>
      <trkpt lat="1.3301826361566782" lon="103.68782758712769">
        <ele>15.03</ele>
      </trkpt>
      <trkpt lat="1.3303216081112623" lon="103.68795591406524">
        <ele>14.88</ele>
      </trkpt>
      <trkpt lat="1.3304615020751953" lon="103.68808507919312">
        <ele>14.71</ele>
      </trkpt>
      <trkpt lat="1.3307058345526457" lon="103.68827140890062">
        <ele>14.53</ele>
      </trkpt>
      <trkpt lat="1.3309502508491278" lon="103.68845773860812">
        <ele>14.42</ele>
      </trkpt>
      <trkpt lat="1.3311946671456099" lon="103.68864406831563">
        <ele>14.31</ele>
      </trkpt>
      <trkpt lat="1.331439083442092" lon="103.68883048184216">
        <ele>14.08</ele>
      </trkpt>
      <trkpt lat="1.331683499738574" lon="103.68901681154966">
        <ele>13.88</ele>
      </trkpt>
      <trkpt lat="1.3319279160350561" lon="103.68920314125717">
        <ele>13.75</ele>
      </trkpt>
      <trkpt lat="1.3321781996637583" lon="103.68939399719238">
        <ele>13.53</ele>
      </trkpt>
      <trkpt lat="1.3321781158447266" lon="103.68939399719238">
        <ele>13.3</ele>
      </trkpt>
      <trkpt lat="1.3323848135769367" lon="103.68955073878169">
        <ele>13.05</ele>
      </trkpt>
      <trkpt lat="1.3325915951281786" lon="103.68970756419003">
        <ele>12.78</ele>
      </trkpt>
      <trkpt lat="1.3328004721552134" lon="103.689866065979">
        <ele>12.5</ele>
      </trkpt>
      <trkpt lat="1.3329506758600473" lon="103.6899733543396">
        <ele>12.21</ele>
      </trkpt>
      <trkpt lat="1.3329505920410156" lon="103.6899733543396">
        <ele>11.95</ele>
      </trkpt>
      <trkpt lat="1.333185788244009" lon="103.69015155360103">
        <ele>11.66</ele>
      </trkpt>
      <trkpt lat="1.3334209844470024" lon="103.69032975286245">
        <ele>11.37</ele>
      </trkpt>
      <trkpt lat="1.3336562644690275" lon="103.69050795212388">
        <ele>11.09</ele>
      </trkpt>
      <trkpt lat="1.333891460672021" lon="103.69068615138531">
        <ele>10.79</ele>
      </trkpt>
      <trkpt lat="1.3341266568750143" lon="103.69086435064673">
        <ele>10.49</ele>
      </trkpt>
      <trkpt lat="1.334366798400879" lon="103.69104623794556">
        <ele>10.26</ele>
      </trkpt>
      <trkpt lat="1.3345165830105543" lon="103.69118529371917">
        <ele>10.0</ele>
      </trkpt>
      <trkpt lat="1.3346672058105469" lon="103.6913251876831">
        <ele>9.73</ele>
      </trkpt>
      <trkpt lat="1.3347636815160513" lon="103.691496681422">
        <ele>9.44</ele>
      </trkpt>
      <trkpt lat="1.3348604086786509" lon="103.69166851043701">
        <ele>9.13</ele>
      </trkpt>
      <trkpt lat="1.3348603248596191" lon="103.69166851043701">
        <ele>8.88</ele>
      </trkpt>
      <trkpt lat="1.3349246978759766" lon="103.69185090065002">
        <ele>8.6</ele>
      </trkpt>
      <trkpt lat="1.334989070892334" lon="103.69203329086304">
        <ele>8.35</ele>
      </trkpt>
      <trkpt lat="1.3350106123834848" lon="103.6923336982727">
        <ele>8.12</ele>
      </trkpt>
      <trkpt lat="1.3349997997283936" lon="103.69259672239423">
        <ele>7.89</ele>
      </trkpt>
      <trkpt lat="1.334989070892334" lon="103.69285983033478">
        <ele>7.7</ele>
      </trkpt>
      <trkpt lat="1.3349783420562744" lon="103.6931228544563">
        <ele>7.52</ele>
      </trkpt>
      <trkpt lat="1.3349676970392466" lon="103.69338512420654">
        <ele>7.4</ele>
      </trkpt>
      <trkpt lat="1.3349461555480957" lon="103.69356759823859">
        <ele>7.22</ele>
      </trkpt>
      <trkpt lat="1.3349247816950083" lon="103.69374990463257">
        <ele>7.04</ele>
      </trkpt>
      <trkpt lat="1.334913969039917" lon="103.69393237866461">
        <ele>6.84</ele>
      </trkpt>
      <trkpt lat="1.3349033240228891" lon="103.6941146850586">
        <ele>6.76</ele>
      </trkpt>
      <trkpt lat="1.3349033240228891" lon="103.69417905807495">
        <ele>6.7</ele>
      </trkpt>
      <trkpt lat="1.3349032402038574" lon="103.69417905807495">
        <ele>6.68</ele>
      </trkpt>
      <trkpt lat="1.3349033240228891" lon="103.69424343109131">
        <ele>6.67</ele>
      </trkpt>
      <trkpt lat="1.33488186635077" lon="103.69428634643555">
        <ele>6.7</ele>
      </trkpt>
      <trkpt lat="1.33488186635077" lon="103.6945652961731">
        <ele>6.85</ele>
      </trkpt>
      <trkpt lat="1.33488186635077" lon="103.6948068626225">
        <ele>6.97</ele>
      </trkpt>
      <trkpt lat="1.33488186635077" lon="103.6950484290719">
        <ele>7.09</ele>
      </trkpt>
      <trkpt lat="1.33488186635077" lon="103.69529007934034">
        <ele>7.17</ele>
      </trkpt>
      <trkpt lat="1.33488186635077" lon="103.69553089141846">
        <ele>7.24</ele>
      </trkpt>
      <trkpt lat="1.33488186635077" lon="103.69572401046753">
        <ele>7.39</ele>
      </trkpt>
      <trkpt lat="1.3348817825317383" lon="103.69596004486084">
        <ele>7.61</ele>
      </trkpt>
      <trkpt lat="1.3350106123834848" lon="103.69623899459839">
        <ele>7.9</ele>
      </trkpt>
      <trkpt lat="1.3350105285644531" lon="103.69623899459839">
        <ele>8.11</ele>
      </trkpt>
      <trkpt lat="1.3351608160883188" lon="103.69638919830322">
        <ele>8.37</ele>
      </trkpt>
      <trkpt lat="1.335352761670947" lon="103.69635717943311">
        <ele>8.61</ele>
      </trkpt>
      <trkpt lat="1.3355470541864634" lon="103.69632482528687">
        <ele>8.86</ele>
      </trkpt>
      <trkpt lat="1.3358190469443798" lon="103.69627679698169">
        <ele>9.18</ele>
      </trkpt>
      <trkpt lat="1.336091123521328" lon="103.69622876867652">
        <ele>9.51</ele>
      </trkpt>
      <trkpt lat="1.3363631162792444" lon="103.69618074037135">
        <ele>9.77</ele>
      </trkpt>
      <trkpt lat="1.3366413954645395" lon="103.6961317062378">
        <ele>10.08</ele>
      </trkpt>
      <trkpt lat="1.3367486838251352" lon="103.69611024856567">
        <ele>10.37</ele>
      </trkpt>
      <trkpt lat="1.3369203452020884" lon="103.69606733322144">
        <ele>10.63</ele>
      </trkpt>
      <trkpt lat="1.337006175890565" lon="103.69604587554932">
        <ele>10.92</ele>
      </trkpt>
      <trkpt lat="1.337177837267518" lon="103.69600296020508">
        <ele>11.24</ele>
      </trkpt>
      <trkpt lat="1.3371777534484863" lon="103.69600296020508">
        <ele>11.56</ele>
      </trkpt>
      <trkpt lat="1.3373924139887094" lon="103.69596004486084">
        <ele>11.9</ele>
      </trkpt>
      <trkpt lat="1.3374567870050669" lon="103.69593858718872">
        <ele>12.23</ele>
      </trkpt>
      <trkpt lat="1.33762844838202" lon="103.69587421417236">
        <ele>12.57</ele>
      </trkpt>
      <trkpt lat="1.3376283645629883" lon="103.69587421417236">
        <ele>12.89</ele>
      </trkpt>
      <trkpt lat="1.3377142790704966" lon="103.69585275650024">
        <ele>13.22</ele>
      </trkpt>
      <trkpt lat="1.3377141952514648" lon="103.69585275650024">
        <ele>13.54</ele>
      </trkpt>
      <trkpt lat="1.3379917200654745" lon="103.69575661607087">
        <ele>13.95</ele>
      </trkpt>
      <trkpt lat="1.3382692448794842" lon="103.69566055946052">
        <ele>14.32</ele>
      </trkpt>
      <trkpt lat="1.3385467696934938" lon="103.69556450285017">
        <ele>14.64</ele>
      </trkpt>
      <trkpt lat="1.3388300780206919" lon="103.6954665184021">
        <ele>14.85</ele>
      </trkpt>
      <trkpt lat="1.3388299942016602" lon="103.6954665184021">
        <ele>15.14</ele>
      </trkpt>
      <trkpt lat="1.3390863966196775" lon="103.69532763026655">
        <ele>15.4</ele>
      </trkpt>
      <trkpt lat="1.3393450621515512" lon="103.69518756866455">
        <ele>15.78</ele>
      </trkpt>
      <trkpt lat="1.3393449783325195" lon="103.69518756866455">
        <ele>16.04</ele>
      </trkpt>
      <trkpt lat="1.339526530355215" lon="103.69509142823517">
        <ele>16.36</ele>
      </trkpt>
      <trkpt lat="1.3397098425775766" lon="103.69499444961548">
        <ele>16.61</ele>
      </trkpt>
      <trkpt lat="1.339774215593934" lon="103.69495153427124">
        <ele>16.82</ele>
      </trkpt>
      <trkpt lat="1.339902961626649" lon="103.69488716125488">
        <ele>17.0</ele>
      </trkpt>
      <trkpt lat="1.3399887923151255" lon="103.69482278823853">
        <ele>17.18</ele>
      </trkpt>
      <trkpt lat="1.3402239046990871" lon="103.69465707801282">
        <ele>17.37</ele>
      </trkpt>
      <trkpt lat="1.3404591009020805" lon="103.69449136778712">
        <ele>17.56</ele>
      </trkpt>
      <trkpt lat="1.340694297105074" lon="103.69432565756142">
        <ele>17.67</ele>
      </trkpt>
      <trkpt lat="1.3409329298883677" lon="103.69415760040283">
        <ele>17.83</ele>
      </trkpt>
      <trkpt lat="1.3410931918770075" lon="103.6940399184823">
        <ele>17.97</ele>
      </trkpt>
      <trkpt lat="1.341254711151123" lon="103.69392156600952">
        <ele>18.11</ele>
      </trkpt>
      <trkpt lat="1.3414365984499454" lon="103.69376105256379">
        <ele>18.24</ele>
      </trkpt>
      <trkpt lat="1.3416195753961802" lon="103.69359970092773">
        <ele>18.48</ele>
      </trkpt>
      <trkpt lat="1.3418341521173716" lon="103.69342803955078">
        <ele>18.67</ele>
      </trkpt>
      <trkpt lat="1.3418556097894907" lon="103.69340658187866">
        <ele>18.78</ele>
      </trkpt>
      <trkpt lat="1.3419843558222055" lon="103.69332075119019">
        <ele>18.87</ele>
      </trkpt>
      <trkpt lat="1.3420272711664438" lon="103.69327783584595">
        <ele>18.95</ele>
      </trkpt>
      <trkpt lat="1.342070186510682" lon="103.69323492050171">
        <ele>19.03</ele>
      </trkpt>
      <trkpt lat="1.3421345595270395" lon="103.69317054748535">
        <ele>19.09</ele>
      </trkpt>
      <trkpt lat="1.3423276785761118" lon="103.69304180145264">
        <ele>19.16</ele>
      </trkpt>
      <trkpt lat="1.34232759475708" lon="103.69304180145264">
        <ele>19.23</ele>
      </trkpt>
      <trkpt lat="1.342499339953065" lon="103.6928915977478">
        <ele>19.24</ele>
      </trkpt>
      <trkpt lat="1.3426811434328556" lon="103.69274181313813">
        <ele>19.23</ele>
      </trkpt>
      <trkpt lat="1.3428641203790903" lon="103.69259119033813">
        <ele>19.29</ele>
      </trkpt>
      <trkpt lat="1.342971408739686" lon="103.69252681732178">
        <ele>19.35</ele>
      </trkpt>
      <trkpt lat="1.3430572394281626" lon="103.69246244430542">
        <ele>19.39</ele>
      </trkpt>
      <trkpt lat="1.3431001547724009" lon="103.69241952896118">
        <ele>19.46</ele>
      </trkpt>
      <trkpt lat="1.3433182518929243" lon="103.69223982095718">
        <ele>19.54</ele>
      </trkpt>
      <trkpt lat="1.3435364328324795" lon="103.69206011295319">
        <ele>19.59</ele>
      </trkpt>
      <trkpt lat="1.3437546137720346" lon="103.69188048876822">
        <ele>19.69</ele>
      </trkpt>
      <trkpt lat="1.3439727947115898" lon="103.69170078076422">
        <ele>19.84</ele>
      </trkpt>
      <trkpt lat="1.344194496050477" lon="103.69151830673218">
        <ele>20.04</ele>
      </trkpt>
      <trkpt lat="1.3444348890334368" lon="103.69136332534254">
        <ele>20.23</ele>
      </trkpt>
      <trkpt lat="1.3446753658354282" lon="103.6912083439529">
        <ele>20.28</ele>
      </trkpt>
      <trkpt lat="1.3449158426374197" lon="103.69105336256325">
        <ele>20.36</ele>
      </trkpt>
      <trkpt lat="1.3451600912958384" lon="103.69089603424072">
        <ele>20.47</ele>
      </trkpt>
      <trkpt lat="1.3451600074768066" lon="103.69089603424072">
        <ele>20.58</ele>
      </trkpt>
      <trkpt lat="1.3453317526727915" lon="103.69081020355225">
        <ele>20.67</ele>
      </trkpt>
      <trkpt lat="1.3454390410333872" lon="103.69076728820801">
        <ele>20.76</ele>
      </trkpt>
      <trkpt lat="1.3456312380731106" lon="103.69068179279566">
        <ele>20.86</ele>
      </trkpt>
      <trkpt lat="1.345823435112834" lon="103.69059638120234">
        <ele>21.05</ele>
      </trkpt>
      <trkpt lat="1.346018398180604" lon="103.69050979614258">
        <ele>21.21</ele>
      </trkpt>
      <trkpt lat="1.3461042288690805" lon="103.69046688079834">
        <ele>21.3</ele>
      </trkpt>
      <trkpt lat="1.346349734812975" lon="103.69037074036896">
        <ele>21.35</ele>
      </trkpt>
      <trkpt lat="1.3465977553278208" lon="103.69027376174927">
        <ele>21.41</ele>
      </trkpt>
      <trkpt lat="1.3468551635742188" lon="103.69016647338867">
        <ele>21.64</ele>
      </trkpt>
      <trkpt lat="1.3469196204096079" lon="103.6900806427002">
        <ele>21.84</ele>
      </trkpt>
      <trkpt lat="1.3469196204096079" lon="103.69001626968384">
        <ele>21.99</ele>
      </trkpt>
      <trkpt lat="1.3469072990119457" lon="103.68990646675229">
        <ele>22.14</ele>
      </trkpt>
      <trkpt lat="1.346898078918457" lon="103.68982315063477">
        <ele>22.3</ele>
      </trkpt>
      <trkpt lat="1.3468551635742188" lon="103.68975877761841">
        <ele>22.44</ele>
      </trkpt>
      <trkpt lat="1.346556432545185" lon="103.68975869379938">
        <ele>22.52</ele>
      </trkpt>
      <trkpt lat="1.3462543487548828" lon="103.68975877761841">
        <ele>22.71</ele>
      </trkpt>
      <trkpt lat="1.3460183143615723" lon="103.68965148925781">
        <ele>22.97</ele>
      </trkpt>
      <trkpt lat="1.3459006324410439" lon="103.68954445235431">
        <ele>23.19</ele>
      </trkpt>
      <trkpt lat="1.3457823637872934" lon="103.68943691253662">
        <ele>23.38</ele>
      </trkpt>
      <trkpt lat="1.3456645142287016" lon="103.68929768912494">
        <ele>23.52</ele>
      </trkpt>
      <trkpt lat="1.3455463293939829" lon="103.68915796279907">
        <ele>23.66</ele>
      </trkpt>
      <trkpt lat="1.3453821279108524" lon="103.68898663669825">
        <ele>23.81</ele>
      </trkpt>
      <trkpt lat="1.3452180102467537" lon="103.68881539441645">
        <ele>23.97</ele>
      </trkpt>
      <trkpt lat="1.3450528029352427" lon="103.68864297866821">
        <ele>24.12</ele>
      </trkpt>
      <trkpt lat="1.3449456822127104" lon="103.68852521292865">
        <ele>24.27</ele>
      </trkpt>
      <trkpt lat="1.3448381423950195" lon="103.6884069442749">
        <ele>24.38</ele>
      </trkpt>
      <trkpt lat="1.3447308540344238" lon="103.68827819824219">
        <ele>24.51</ele>
      </trkpt>
      <trkpt lat="1.3447309378534555" lon="103.68827819824219">
        <ele>24.59</ele>
      </trkpt>
      <trkpt lat="1.3446021918207407" lon="103.68812799453735">
        <ele>24.7</ele>
      </trkpt>
      <trkpt lat="1.3443987630307674" lon="103.68790310807526">
        <ele>24.82</ele>
      </trkpt>
      <trkpt lat="1.344194496050477" lon="103.68767738342285">
        <ele>24.92</ele>
      </trkpt>
      <trkpt lat="1.3440980203449726" lon="103.68753807619214">
        <ele>25.0</ele>
      </trkpt>
      <trkpt lat="1.3440013770014048" lon="103.6873984336853">
        <ele>25.06</ele>
      </trkpt>
      <trkpt lat="1.3439584616571665" lon="103.68735551834106">
        <ele>25.07</ele>
      </trkpt>
      <trkpt lat="1.3438297156244516" lon="103.68716239929199">
        <ele>25.08</ele>
      </trkpt>
      <trkpt lat="1.3436939287930727" lon="103.68696953170002">
        <ele>25.0</ele>
      </trkpt>
      <trkpt lat="1.3435582257807255" lon="103.68677666410804">
        <ele>24.91</ele>
      </trkpt>
      <trkpt lat="1.343422019854188" lon="103.68658304214478">
        <ele>24.78</ele>
      </trkpt>
      <trkpt lat="1.3433041702955961" lon="103.6864438187331">
        <ele>24.64</ele>
      </trkpt>
      <trkpt lat="1.3431859016418457" lon="103.68630409240723">
        <ele>24.56</ele>
      </trkpt>
      <trkpt lat="1.3431859854608774" lon="103.68630409240723">
        <ele>24.51</ele>
      </trkpt>
      <trkpt lat="1.3431430701166391" lon="103.68626117706299">
        <ele>24.44</ele>
      </trkpt>
      <trkpt lat="1.3429689779877663" lon="103.68604425340891">
        <ele>24.34</ele>
      </trkpt>
      <trkpt lat="1.342794969677925" lon="103.68582741357386">
        <ele>24.26</ele>
      </trkpt>
      <trkpt lat="1.342620961368084" lon="103.68561048991978">
        <ele>24.22</ele>
      </trkpt>
      <trkpt lat="1.342446869239211" lon="103.68539365008473">
        <ele>24.2</ele>
      </trkpt>
      <trkpt lat="1.34227286092937" lon="103.68517681024969">
        <ele>24.13</ele>
      </trkpt>
      <trkpt lat="1.3420988526195288" lon="103.6849598865956">
        <ele>24.14</ele>
      </trkpt>
      <trkpt lat="1.341924760490656" lon="103.68474304676056">
        <ele>24.21</ele>
      </trkpt>
      <trkpt lat="1.341748321428895" lon="103.68452310562134">
        <ele>24.25</ele>
      </trkpt>
      <trkpt lat="1.3415768276900053" lon="103.68429813534021">
        <ele>24.26</ele>
      </trkpt>
      <trkpt lat="1.341404914855957" lon="103.68407249450684">
        <ele>24.37</ele>
      </trkpt>
      <trkpt lat="1.3414049986749887" lon="103.68407249450684">
        <ele>24.44</ele>
      </trkpt>
      <trkpt lat="1.3412658590823412" lon="103.68393335491419">
        <ele>24.57</ele>
      </trkpt>
      <trkpt lat="1.34112604893744" lon="103.68379354476929">
        <ele>24.69</ele>
      </trkpt>
      <trkpt lat="1.3409653678536415" lon="103.6836114898324">
        <ele>24.85</ele>
      </trkpt>
      <trkpt lat="1.340804100036621" lon="103.68342876434326">
        <ele>25.06</ele>
      </trkpt>
      <trkpt lat="1.3408041838556528" lon="103.68342876434326">
        <ele>25.24</ele>
      </trkpt>
      <trkpt lat="1.3406110648065805" lon="103.68319272994995">
        <ele>25.4</ele>
      </trkpt>
      <trkpt lat="1.3404609449207783" lon="103.68293540552258">
        <ele>25.5</ele>
      </trkpt>
      <trkpt lat="1.3403106573969126" lon="103.68267774581909">
        <ele>25.66</ele>
      </trkpt>
      <trkpt lat="1.3402140978723764" lon="103.6824631690979">
        <ele>25.92</ele>
      </trkpt>
      <trkpt lat="1.3401175383478403" lon="103.68224859237671">
        <ele>26.23</ele>
      </trkpt>
      <trkpt lat="1.340060206130147" lon="103.68201959878206">
        <ele>26.53</ele>
      </trkpt>
      <trkpt lat="1.3400029577314854" lon="103.68179060518742">
        <ele>26.87</ele>
      </trkpt>
      <trkpt lat="1.3399457931518555" lon="103.6815619468689">
        <ele>27.29</ele>
      </trkpt>
      <trkpt lat="1.3399171270430088" lon="103.6813185364008">
        <ele>27.83</ele>
      </trkpt>
      <trkpt lat="1.3398884609341621" lon="103.6810751259327">
        <ele>28.4</ele>
      </trkpt>
      <trkpt lat="1.339859962463379" lon="103.68083238601685">
        <ele>28.86</ele>
      </trkpt>
      <trkpt lat="1.3398670870810747" lon="103.68060330860317">
        <ele>29.3</ele>
      </trkpt>
      <trkpt lat="1.3398742116987705" lon="103.68037423118949">
        <ele>29.81</ele>
      </trkpt>
      <trkpt lat="1.339881420135498" lon="103.68014574050903">
        <ele>30.36</ele>
      </trkpt>
      <trkpt lat="1.3399887084960938" lon="103.67990970611572">
        <ele>30.96</ele>
      </trkpt>
      <trkpt lat="1.3402026984840631" lon="103.67969563230872">
        <ele>31.62</ele>
      </trkpt>
      <trkpt lat="1.3404178619384766" lon="103.67948055267334">
        <ele>32.3</ele>
      </trkpt>
      <trkpt lat="1.3404179457575083" lon="103.67948055267334">
        <ele>32.96</ele>
      </trkpt>
      <trkpt lat="1.340599749237299" lon="103.67930931039155">
        <ele>33.65</ele>
      </trkpt>
      <trkpt lat="1.340782642364502" lon="103.67913722991943">
        <ele>34.41</ele>
      </trkpt>
      <trkpt lat="1.3409872446209192" lon="103.67912935093045">
        <ele>35.12</ele>
      </trkpt>
      <trkpt lat="1.341194361448288" lon="103.67912138812244">
        <ele>35.86</ele>
      </trkpt>
      <trkpt lat="1.341194612905383" lon="103.67912130430341">
        <ele>36.54</ele>
      </trkpt>
      <trkpt lat="1.3411971274763346" lon="103.67912130430341">
        <ele>37.22</ele>
      </trkpt>
      <trkpt lat="1.3413406256586313" lon="103.67911577224731">
        <ele>37.93</ele>
      </trkpt>
      <trkpt lat="1.3415552023798227" lon="103.67911577224731">
        <ele>38.64</ele>
      </trkpt>
      <trkpt lat="1.3418217469006777" lon="103.67912641726434">
        <ele>39.41</ele>
      </trkpt>
      <trkpt lat="1.3420915603637695" lon="103.67913722991943">
        <ele>40.17</ele>
      </trkpt>
      <trkpt lat="1.342404456809163" lon="103.67910873144865">
        <ele>40.85</ele>
      </trkpt>
      <trkpt lat="1.3427173532545567" lon="103.6790803167969">
        <ele>41.42</ele>
      </trkpt>
      <trkpt lat="1.3430357817560434" lon="103.67905139923096">
        <ele>41.99</ele>
      </trkpt>
      <trkpt lat="1.3432811200618744" lon="103.67901938036084">
        <ele>42.54</ele>
      </trkpt>
      <trkpt lat="1.3435293082147837" lon="103.6789870262146">
        <ele>43.05</ele>
      </trkpt>
      <trkpt lat="1.343721253797412" lon="103.67895500734448">
        <ele>43.46</ele>
      </trkpt>
      <trkpt lat="1.3439155463129282" lon="103.67892265319824">
        <ele>43.76</ele>
      </trkpt>
      <trkpt lat="1.344194496050477" lon="103.67881536483765">
        <ele>43.91</ele>
      </trkpt>
      <trkpt lat="1.3444400019943714" lon="103.67870857939124">
        <ele>43.94</ele>
      </trkpt>
      <trkpt lat="1.3446879386901855" lon="103.67860078811646">
        <ele>43.91</ele>
      </trkpt>
      <trkpt lat="1.3446880225092173" lon="103.67860078811646">
        <ele>43.89</ele>
      </trkpt>
      <trkpt lat="1.344945514574647" lon="103.67851495742798">
        <ele>43.73</ele>
      </trkpt>
      <trkpt lat="1.344966972246766" lon="103.67849349975586">
        <ele>43.57</ele>
      </trkpt>
      <trkpt lat="1.3450528029352427" lon="103.67847204208374">
        <ele>43.31</ele>
      </trkpt>
      <trkpt lat="1.3453532103449106" lon="103.67845058441162">
        <ele>42.85</ele>
      </trkpt>
      <trkpt lat="1.3455558009445667" lon="103.67846122942865">
        <ele>42.4</ele>
      </trkpt>
      <trkpt lat="1.3457609061151743" lon="103.67847204208374">
        <ele>41.94</ele>
      </trkpt>
      <trkpt lat="1.3459955155849457" lon="103.67847195826471">
        <ele>41.49</ele>
      </trkpt>
      <trkpt lat="1.346230125054717" lon="103.67847195826471">
        <ele>40.92</ele>
      </trkpt>
      <trkpt lat="1.3464689254760742" lon="103.67847204208374">
        <ele>40.29</ele>
      </trkpt>
      <trkpt lat="1.346469009295106" lon="103.67847204208374">
        <ele>39.75</ele>
      </trkpt>
      <trkpt lat="1.3466290198266506" lon="103.67844002321362">
        <ele>39.11</ele>
      </trkpt>
      <trkpt lat="1.346790874376893" lon="103.67840766906738">
        <ele>38.5</ele>
      </trkpt>
      <trkpt lat="1.3470697402954102" lon="103.67838621139526">
        <ele>37.88</ele>
      </trkpt>
      <trkpt lat="1.3470911979675293" lon="103.67815017700195">
        <ele>37.22</ele>
      </trkpt>
      <trkpt lat="1.3471019268035889" lon="103.67796761915088">
        <ele>36.54</ele>
      </trkpt>
      <trkpt lat="1.3471127394586802" lon="103.67778539657593">
        <ele>35.85</ele>
      </trkpt>
      <trkpt lat="1.3471341971307993" lon="103.67757065221667">
        <ele>35.12</ele>
      </trkpt>
      <trkpt lat="1.3471556548029184" lon="103.67735624313354">
        <ele>34.42</ele>
      </trkpt>
      <trkpt lat="1.3472199440002441" lon="103.67718458175659">
        <ele>33.71</ele>
      </trkpt>
      <trkpt lat="1.34735899977386" lon="103.67704544216394">
        <ele>33.01</ele>
      </trkpt>
      <trkpt lat="1.347498893737793" lon="103.67690563201904">
        <ele>32.32</ele>
      </trkpt>
      <trkpt lat="1.347776334732771" lon="103.67682734504342">
        <ele>31.67</ele>
      </trkpt>
      <trkpt lat="1.3480537757277489" lon="103.6767490580678">
        <ele>30.99</ele>
      </trkpt>
      <trkpt lat="1.3483357429504395" lon="103.67666959762573">
        <ele>30.24</ele>
      </trkpt>
      <trkpt lat="1.3485919777303934" lon="103.67656281217933">
        <ele>29.56</ele>
      </trkpt>
      <trkpt lat="1.3488482125103474" lon="103.67645602673292">
        <ele>28.89</ele>
      </trkpt>
      <trkpt lat="1.3491083029657602" lon="103.67634773254395">
        <ele>28.27</ele>
      </trkpt>
      <trkpt lat="1.3491512183099985" lon="103.67634773254395">
        <ele>27.67</ele>
      </trkpt>
      <trkpt lat="1.34932279586792" lon="103.67632627487183">
        <ele>27.13</ele>
      </trkpt>
      <trkpt lat="1.349623203277588" lon="103.67636919021606">
        <ele>26.64</ele>
      </trkpt>
      <trkpt lat="1.3498046714812517" lon="103.67644387297332">
        <ele>26.12</ele>
      </trkpt>
      <trkpt lat="1.349988067522645" lon="103.6765193939209">
        <ele>25.67</ele>
      </trkpt>
      <trkpt lat="1.3499879837036133" lon="103.6765193939209">
        <ele>25.18</ele>
      </trkpt>
      <trkpt lat="1.350137684494257" lon="103.6766369920224">
        <ele>24.74</ele>
      </trkpt>
      <trkpt lat="1.3502883911132812" lon="103.67675542831421">
        <ele>24.29</ele>
      </trkpt>
      <trkpt lat="1.3502455595880747" lon="103.67677688598633">
        <ele>23.88</ele>
      </trkpt>
      <trkpt lat="1.350245475769043" lon="103.67677688598633">
        <ele>23.48</ele>
      </trkpt>
      <trkpt lat="1.3502670172601938" lon="103.67679834365845">
        <ele>23.09</ele>
      </trkpt>
      <trkpt lat="1.3504344876855612" lon="103.67697788402438">
        <ele>22.67</ele>
      </trkpt>
      <trkpt lat="1.3504346553236246" lon="103.67697813548148">
        <ele>22.34</ele>
      </trkpt>
      <trkpt lat="1.3504349067807198" lon="103.67697838693857">
        <ele>22.02</ele>
      </trkpt>
      <trkpt lat="1.350436583161354" lon="103.67698014713824">
        <ele>21.72</ele>
      </trkpt>
      <trkpt lat="1.35056734085083" lon="103.67712020874023">
        <ele>21.42</ele>
      </trkpt>
      <trkpt lat="1.3506746292114258" lon="103.67737770080566">
        <ele>21.16</ele>
      </trkpt>
      <trkpt lat="1.350739086046815" lon="103.67735624313354">
        <ele>20.93</ele>
      </trkpt>
      <trkpt lat="1.3507820013910532" lon="103.67744207382202">
        <ele>20.7</ele>
      </trkpt>
      <trkpt lat="1.3508034590631723" lon="103.6775279045105">
        <ele>20.49</ele>
      </trkpt>
      <trkpt lat="1.3508249167352915" lon="103.67761373519897">
        <ele>20.3</ele>
      </trkpt>
      <trkpt lat="1.3508678320795298" lon="103.67778539657593">
        <ele>20.14</ele>
      </trkpt>
      <trkpt lat="1.3508678320795298" lon="103.67802143096924">
        <ele>19.96</ele>
      </trkpt>
      <trkpt lat="1.3508463744074106" lon="103.67827892303467">
        <ele>19.83</ele>
      </trkpt>
      <trkpt lat="1.3508249167352915" lon="103.67847204208374">
        <ele>19.7</ele>
      </trkpt>
      <trkpt lat="1.3508033752441406" lon="103.67868670262396">
        <ele>19.56</ele>
      </trkpt>
      <trkpt lat="1.3507820013910532" lon="103.67890119552612">
        <ele>19.37</ele>
      </trkpt>
      <trkpt lat="1.3507820013910532" lon="103.6790943145752">
        <ele>19.23</ele>
      </trkpt>
      <trkpt lat="1.3508249167352915" lon="103.67930889129639">
        <ele>19.17</ele>
      </trkpt>
      <trkpt lat="1.3508678320795298" lon="103.6794376373291">
        <ele>19.17</ele>
      </trkpt>
      <trkpt lat="1.3509535789489746" lon="103.67959840223193">
        <ele>19.18</ele>
      </trkpt>
      <trkpt lat="1.3510394934564829" lon="103.67975950241089">
        <ele>19.21</ele>
      </trkpt>
      <trkpt lat="1.3512320257723331" lon="103.67993066087365">
        <ele>19.21</ele>
      </trkpt>
      <trkpt lat="1.3514257315546274" lon="103.6801028251648">
        <ele>19.19</ele>
      </trkpt>
      <trkpt lat="1.3515755161643028" lon="103.68024188093841">
        <ele>19.17</ele>
      </trkpt>
      <trkpt lat="1.3517261389642954" lon="103.68038177490234">
        <ele>19.16</ele>
      </trkpt>
      <trkpt lat="1.3517260551452637" lon="103.68038177490234">
        <ele>19.17</ele>
      </trkpt>
      <trkpt lat="1.351907942444086" lon="103.68054220452905">
        <ele>19.17</ele>
      </trkpt>
      <trkpt lat="1.3520909193903208" lon="103.68070363998413">
        <ele>19.17</ele>
      </trkpt>
      <trkpt lat="1.3523119501769543" lon="103.68090329691768">
        <ele>19.23</ele>
      </trkpt>
      <trkpt lat="1.3525330647826195" lon="103.68110303767025">
        <ele>19.28</ele>
      </trkpt>
      <trkpt lat="1.3527561072260141" lon="103.68130445480347">
        <ele>19.24</ele>
      </trkpt>
      <trkpt lat="1.3528917264193296" lon="103.68146857246757">
        <ele>19.29</ele>
      </trkpt>
      <trkpt lat="1.3530273456126451" lon="103.6816327739507">
        <ele>19.35</ele>
      </trkpt>
      <trkpt lat="1.3531638029962778" lon="103.6817979812622">
        <ele>19.39</ele>
      </trkpt>
      <trkpt lat="1.3532922975718975" lon="103.68198003619909">
        <ele>19.39</ele>
      </trkpt>
      <trkpt lat="1.3534212950617075" lon="103.68216276168823">
        <ele>19.46</ele>
      </trkpt>
      <trkpt lat="1.3535390608012676" lon="103.68231263011694">
        <ele>19.53</ele>
      </trkpt>
      <trkpt lat="1.353657329455018" lon="103.6824631690979">
        <ele>19.56</ele>
      </trkpt>
      <trkpt lat="1.3538000732660294" lon="103.68264882825315">
        <ele>19.58</ele>
      </trkpt>
      <trkpt lat="1.3539429008960724" lon="103.6828344874084">
        <ele>19.58</ele>
      </trkpt>
      <trkpt lat="1.3540864828974009" lon="103.683021068573">
        <ele>19.56</ele>
      </trkpt>
      <trkpt lat="1.3542257063090801" lon="103.68320312350988">
        <ele>19.56</ele>
      </trkpt>
      <trkpt lat="1.3543654326349497" lon="103.68338584899902">
        <ele>19.58</ele>
      </trkpt>
      <trkpt lat="1.3545153848826885" lon="103.68361442349851">
        <ele>19.63</ele>
      </trkpt>
      <trkpt lat="1.354665420949459" lon="103.683842997998">
        <ele>19.66</ele>
      </trkpt>
      <trkpt lat="1.3548160437494516" lon="103.68407249450684">
        <ele>19.76</ele>
      </trkpt>
      <trkpt lat="1.3548375014215708" lon="103.68409395217896">
        <ele>19.8</ele>
      </trkpt>
      <trkpt lat="1.354837417602539" lon="103.68409395217896">
        <ele>19.83</ele>
      </trkpt>
      <trkpt lat="1.3549447897821665" lon="103.68426561355591">
        <ele>19.92</ele>
      </trkpt>
      <trkpt lat="1.355105470865965" lon="103.68451204150915">
        <ele>19.9</ele>
      </trkpt>
      <trkpt lat="1.3552666548639536" lon="103.68475914001465">
        <ele>19.79</ele>
      </trkpt>
      <trkpt lat="1.3553739432245493" lon="103.6849308013916">
        <ele>19.81</ele>
      </trkpt>
      <trkpt lat="1.3555026892572641" lon="103.6851453781128">
        <ele>19.85</ele>
      </trkpt>
      <trkpt lat="1.3556528929620981" lon="103.6853814125061">
        <ele>19.95</ele>
      </trkpt>
      <trkpt lat="1.3557492848485708" lon="103.68554217740893">
        <ele>20.06</ele>
      </trkpt>
      <trkpt lat="1.3558459281921387" lon="103.68570327758789">
        <ele>20.13</ele>
      </trkpt>
      <trkpt lat="1.3559103850275278" lon="103.68596076965332">
        <ele>20.2</ele>
      </trkpt>
      <trkpt lat="1.355931842699647" lon="103.68621826171875">
        <ele>20.23</ele>
      </trkpt>
      <trkpt lat="1.3559425715357065" lon="103.68637927807868">
        <ele>20.29</ele>
      </trkpt>
      <trkpt lat="1.355953300371766" lon="103.68654012680054">
        <ele>20.34</ele>
      </trkpt>
      <trkpt lat="1.355931842699647" lon="103.6868405342102">
        <ele>20.35</ele>
      </trkpt>
      <trkpt lat="1.3558245543390512" lon="103.68710867129266">
        <ele>20.35</ele>
      </trkpt>
      <trkpt lat="1.3557172659784555" lon="103.68737697601318">
        <ele>20.37</ele>
      </trkpt>
      <trkpt lat="1.355631435289979" lon="103.6875057220459">
        <ele>20.46</ele>
      </trkpt>
      <trkpt lat="1.3555241469293833" lon="103.68763446807861">
        <ele>20.59</ele>
      </trkpt>
      <trkpt lat="1.3554811477661133" lon="103.68769884109497">
        <ele>20.72</ele>
      </trkpt>
      <trkpt lat="1.3553095702081919" lon="103.68787050247192">
        <ele>20.91</ele>
      </trkpt>
      <trkpt lat="1.3553524017333984" lon="103.68793487548828">
        <ele>21.0</ele>
      </trkpt>
      <trkpt lat="1.3553094863891602" lon="103.68804216384888">
        <ele>21.13</ele>
      </trkpt>
      <trkpt lat="1.3553739432245493" lon="103.68812799453735">
        <ele>21.22</ele>
      </trkpt>
      <trkpt lat="1.3554811477661133" lon="103.6882996559143">
        <ele>21.29</ele>
      </trkpt>
      <trkpt lat="1.355481231585145" lon="103.6882996559143">
        <ele>21.42</ele>
      </trkpt>
      <trkpt lat="1.355631435289979" lon="103.6885142326355">
        <ele>21.51</ele>
      </trkpt>
      <trkpt lat="1.3557171821594238" lon="103.68866443634033">
        <ele>21.63</ele>
      </trkpt>
      <trkpt lat="1.3556743506342173" lon="103.68868589401245">
        <ele>21.78</ele>
      </trkpt>
      <trkpt lat="1.355825811624527" lon="103.68891069665551">
        <ele>21.93</ele>
      </trkpt>
      <trkpt lat="1.3559773564338684" lon="103.6891355831176">
        <ele>22.19</ele>
      </trkpt>
      <trkpt lat="1.3561278954148293" lon="103.68935904465616">
        <ele>22.45</ele>
      </trkpt>
      <trkpt lat="1.3561282306909561" lon="103.68935954757035">
        <ele>22.73</ele>
      </trkpt>
      <trkpt lat="1.3561294879764318" lon="103.68936139158905">
        <ele>22.87</ele>
      </trkpt>
      <trkpt lat="1.356234261766076" lon="103.68951695971191">
        <ele>23.08</ele>
      </trkpt>
      <trkpt lat="1.356339454650879" lon="103.68967294692993">
        <ele>23.22</ele>
      </trkpt>
      <trkpt lat="1.356382453814149" lon="103.68965148925781">
        <ele>23.36</ele>
      </trkpt>
      <trkpt lat="1.3564574718475342" lon="103.68984452448785">
        <ele>23.47</ele>
      </trkpt>
      <trkpt lat="1.3565325736999512" lon="103.69003772735596">
        <ele>23.59</ele>
      </trkpt>
      <trkpt lat="1.3565540313720703" lon="103.69027376174927">
        <ele>23.73</ele>
      </trkpt>
      <trkpt lat="1.3565324898809195" lon="103.69047769345343">
        <ele>23.87</ele>
      </trkpt>
      <trkpt lat="1.356511116027832" lon="103.69068145751953">
        <ele>23.99</ele>
      </trkpt>
      <trkpt lat="1.356446659192443" lon="103.69094758294523">
        <ele>24.01</ele>
      </trkpt>
      <trkpt lat="1.3563822861760855" lon="103.69121379218996">
        <ele>24.04</ele>
      </trkpt>
      <trkpt lat="1.356317913159728" lon="103.69148000143468">
        <ele>24.07</ele>
      </trkpt>
      <trkpt lat="1.3562535401433706" lon="103.69174621067941">
        <ele>24.1</ele>
      </trkpt>
      <trkpt lat="1.3561893347650766" lon="103.69201183319092">
        <ele>24.14</ele>
      </trkpt>
      <trkpt lat="1.356189250946045" lon="103.69229078292847">
        <ele>24.08</ele>
      </trkpt>
      <trkpt lat="1.356210708618164" lon="103.69250544346869">
        <ele>24.06</ele>
      </trkpt>
      <trkpt lat="1.356232250109315" lon="103.69271993637085">
        <ele>24.12</ele>
      </trkpt>
      <trkpt lat="1.3562321662902832" lon="103.69271993637085">
        <ele>24.13</ele>
      </trkpt>
      <trkpt lat="1.356253707781434" lon="103.69280576705933">
        <ele>24.17</ele>
      </trkpt>
      <trkpt lat="1.3562751654535532" lon="103.69291305541992">
        <ele>24.2</ele>
      </trkpt>
      <trkpt lat="1.3562966231256723" lon="103.69297742843628">
        <ele>24.2</ele>
      </trkpt>
      <trkpt lat="1.3562965393066406" lon="103.69297742843628">
        <ele>24.21</ele>
      </trkpt>
      <trkpt lat="1.3564465753734112" lon="103.6932507622987">
        <ele>24.19</ele>
      </trkpt>
      <trkpt lat="1.3565966952592134" lon="103.69352417998016">
        <ele>24.14</ele>
      </trkpt>
      <trkpt lat="1.3567468151450157" lon="103.69379759766161">
        <ele>24.07</ele>
      </trkpt>
      <trkpt lat="1.3568974379450083" lon="103.69407176971436">
        <ele>23.95</ele>
      </trkpt>
      <trkpt lat="1.3570045586675406" lon="103.69425751268864">
        <ele>23.92</ele>
      </trkpt>
      <trkpt lat="1.3571117632091045" lon="103.69444333948195">
        <ele>23.95</ele>
      </trkpt>
      <trkpt lat="1.3571410160511732" lon="103.69449413381517">
        <ele>23.99</ele>
      </trkpt>
      <trkpt lat="1.3572192192077637" lon="103.69462966918945">
        <ele>24.03</ele>
      </trkpt>
      <trkpt lat="1.3573909644037485" lon="103.69473695755005">
        <ele>24.08</ele>
      </trkpt>
      <trkpt lat="1.35760554112494" lon="103.69477987289429">
        <ele>24.18</ele>
      </trkpt>
      <trkpt lat="1.3578300084918737" lon="103.69461407884955">
        <ele>24.33</ele>
      </trkpt>
      <trkpt lat="1.3580544758588076" lon="103.69444836862385">
        <ele>24.51</ele>
      </trkpt>
      <trkpt lat="1.358279027044773" lon="103.69428265839815">
        <ele>24.68</ele>
      </trkpt>
      <trkpt lat="1.358506679534912" lon="103.6941146850586">
        <ele>24.8</ele>
      </trkpt>
      <trkpt lat="1.3587883953005075" lon="103.6940335482359">
        <ele>24.93</ele>
      </trkpt>
      <trkpt lat="1.359070111066103" lon="103.69395241141319">
        <ele>25.12</ele>
      </trkpt>
      <trkpt lat="1.3593519106507301" lon="103.69387135840952">
        <ele>25.29</ele>
      </trkpt>
      <trkpt lat="1.3596336264163256" lon="103.69379022158682">
        <ele>25.46</ele>
      </trkpt>
      <trkpt lat="1.359922969713807" lon="103.69370698928833">
        <ele>25.6</ele>
      </trkpt>
      <trkpt lat="1.3602217007428408" lon="103.6936358269304">
        <ele>25.7</ele>
      </trkpt>
      <trkpt lat="1.3605204317718744" lon="103.69356466457248">
        <ele>25.79</ele>
      </trkpt>
      <trkpt lat="1.360819162800908" lon="103.69349358603358">
        <ele>25.94</ele>
      </trkpt>
      <trkpt lat="1.3611179776489735" lon="103.69342242367566">
        <ele>26.05</ele>
      </trkpt>
      <trkpt lat="1.3614167086780071" lon="103.69335126131773">
        <ele>26.15</ele>
      </trkpt>
      <trkpt lat="1.361725414171815" lon="103.69327783584595">
        <ele>26.27</ele>
      </trkpt>
      <trkpt lat="1.3617253303527832" lon="103.69327783584595">
        <ele>26.38</ele>
      </trkpt>
      <trkpt lat="1.3618541602045298" lon="103.69323492050171">
        <ele>26.48</ele>
      </trkpt>
      <trkpt lat="1.3621316850185394" lon="103.6931281350553">
        <ele>26.59</ele>
      </trkpt>
      <trkpt lat="1.362409209832549" lon="103.6930213496089">
        <ele>26.72</ele>
      </trkpt>
      <trkpt lat="1.3626867346465588" lon="103.69291464798152">
        <ele>26.8</ele>
      </trkpt>
      <trkpt lat="1.3629698753356934" lon="103.69280576705933">
        <ele>26.87</ele>
      </trkpt>
      <trkpt lat="1.3631939236074686" lon="103.69275237433612">
        <ele>26.92</ele>
      </trkpt>
      <trkpt lat="1.363420570269227" lon="103.69269847869873">
        <ele>26.94</ele>
      </trkpt>
      <trkpt lat="1.3636338897049427" lon="103.69269135408103">
        <ele>26.96</ele>
      </trkpt>
      <trkpt lat="1.3638472091406584" lon="103.69268422946334">
        <ele>27.06</ele>
      </trkpt>
      <trkpt lat="1.3640643004328012" lon="103.69267702102661">
        <ele>27.21</ele>
      </trkpt>
      <trkpt lat="1.36432028375566" lon="103.69271968491375">
        <ele>27.33</ele>
      </trkpt>
      <trkpt lat="1.364579200744629" lon="103.69276285171509">
        <ele>27.33</ele>
      </trkpt>
      <trkpt lat="1.364792687818408" lon="103.69283753447235">
        <ele>27.27</ele>
      </trkpt>
      <trkpt lat="1.3650084380060434" lon="103.69291305541992">
        <ele>27.2</ele>
      </trkpt>
      <trkpt lat="1.3651800993829966" lon="103.69302034378052">
        <ele>27.17</ele>
      </trkpt>
      <trkpt lat="1.365409679710865" lon="103.69314313866198">
        <ele>27.17</ele>
      </trkpt>
      <trkpt lat="1.3656393438577652" lon="103.69326601736248">
        <ele>27.19</ele>
      </trkpt>
      <trkpt lat="1.3658690080046654" lon="103.69338881224394">
        <ele>27.2</ele>
      </trkpt>
      <trkpt lat="1.3661027792841196" lon="103.69351387023926">
        <ele>27.16</ele>
      </trkpt>
      <trkpt lat="1.3663377240300179" lon="103.69363130070269">
        <ele>27.17</ele>
      </trkpt>
      <trkpt lat="1.3665748480707407" lon="103.69374990463257">
        <ele>27.19</ele>
      </trkpt>
      <trkpt lat="1.366574764251709" lon="103.69374990463257">
        <ele>27.15</ele>
      </trkpt>
      <trkpt lat="1.3667775224894285" lon="103.69381385855377">
        <ele>27.1</ele>
      </trkpt>
      <trkpt lat="1.3669825438410044" lon="103.69387865066528">
        <ele>27.05</ele>
      </trkpt>
      <trkpt lat="1.3672171533107758" lon="103.69391058571637">
        <ele>26.96</ele>
      </trkpt>
      <trkpt lat="1.3674518465995789" lon="103.69394260458648">
        <ele>26.94</ele>
      </trkpt>
      <trkpt lat="1.367686539888382" lon="103.6939746234566">
        <ele>27.01</ele>
      </trkpt>
      <trkpt lat="1.3679266814142466" lon="103.694007396698">
        <ele>26.98</ele>
      </trkpt>
      <trkpt lat="1.3681541662663221" lon="103.69401443749666">
        <ele>26.88</ele>
      </trkpt>
      <trkpt lat="1.3683817349374294" lon="103.69402156211436">
        <ele>26.73</ele>
      </trkpt>
      <trkpt lat="1.368613326922059" lon="103.69402885437012">
        <ele>26.63</ele>
      </trkpt>
      <trkpt lat="1.368911974132061" lon="103.69403949938715">
        <ele>26.47</ele>
      </trkpt>
      <trkpt lat="1.369210621342063" lon="103.69405014440417">
        <ele>26.34</ele>
      </trkpt>
      <trkpt lat="1.369509268552065" lon="103.6940607894212">
        <ele>26.27</ele>
      </trkpt>
      <trkpt lat="1.369814956560731" lon="103.69407176971436">
        <ele>26.23</ele>
      </trkpt>
      <trkpt lat="1.370070856064558" lon="103.69409305974841">
        <ele>26.12</ele>
      </trkpt>
      <trkpt lat="1.3703268393874168" lon="103.6941144336015">
        <ele>26.04</ele>
      </trkpt>
      <trkpt lat="1.3705873489379883" lon="103.69413614273071">
        <ele>26.01</ele>
      </trkpt>
      <trkpt lat="1.3708362076431513" lon="103.69418584741652">
        <ele>26.03</ele>
      </trkpt>
      <trkpt lat="1.371085150167346" lon="103.69423563592136">
        <ele>25.99</ele>
      </trkpt>
      <trkpt lat="1.3713383674621582" lon="103.69428634643555">
        <ele>25.97</ele>
      </trkpt>
      <trkpt lat="1.3716265372931957" lon="103.69437703862786">
        <ele>25.94</ele>
      </trkpt>
      <trkpt lat="1.3719147071242332" lon="103.69446773082018">
        <ele>25.89</ele>
      </trkpt>
      <trkpt lat="1.3722028769552708" lon="103.6945584230125">
        <ele>25.86</ele>
      </trkpt>
      <trkpt lat="1.3724971655756235" lon="103.69465112686157">
        <ele>25.88</ele>
      </trkpt>
      <trkpt lat="1.3727546576410532" lon="103.69473695755005">
        <ele>25.93</ele>
      </trkpt>
      <trkpt lat="1.372989434748888" lon="103.69481164030731">
        <ele>25.97</ele>
      </trkpt>
      <trkpt lat="1.3732267264276743" lon="103.69488716125488">
        <ele>25.91</ele>
      </trkpt>
      <trkpt lat="1.3733760919421911" lon="103.69494047015905">
        <ele>25.84</ele>
      </trkpt>
      <trkpt lat="1.3735271338373423" lon="103.69499444961548">
        <ele>25.76</ele>
      </trkpt>
      <trkpt lat="1.3737202528864145" lon="103.69505882263184">
        <ele>25.65</ele>
      </trkpt>
      <trkpt lat="1.3737201690673828" lon="103.69505882263184">
        <ele>25.6</ele>
      </trkpt>
      <trkpt lat="1.373784625902772" lon="103.69508028030396">
        <ele>25.53</ele>
      </trkpt>
      <trkpt lat="1.3738703727722168" lon="103.6951231956482">
        <ele>25.46</ele>
      </trkpt>
      <trkpt lat="1.373934829607606" lon="103.6951231956482">
        <ele>25.4</ele>
      </trkpt>
      <trkpt lat="1.3741494063287973" lon="103.69518756866455">
        <ele>25.36</ele>
      </trkpt>
      <trkpt lat="1.3742137793451548" lon="103.69518756866455">
        <ele>25.3</ele>
      </trkpt>
      <trkpt lat="1.3744283560663462" lon="103.69525194168091">
        <ele>25.23</ele>
      </trkpt>
      <trkpt lat="1.3746758736670017" lon="103.69530734606087">
        <ele>25.15</ele>
      </trkpt>
      <trkpt lat="1.3749233912676573" lon="103.69536283425987">
        <ele>25.12</ele>
      </trkpt>
      <trkpt lat="1.3751709088683128" lon="103.69541832245886">
        <ele>25.11</ele>
      </trkpt>
      <trkpt lat="1.3754184264689684" lon="103.69547381065786">
        <ele>25.07</ele>
      </trkpt>
      <trkpt lat="1.3756729010492563" lon="103.69553089141846">
        <ele>25.03</ele>
      </trkpt>
      <trkpt lat="1.3758542854338884" lon="103.69558420032263">
        <ele>24.99</ele>
      </trkpt>
      <trkpt lat="1.3760376814752817" lon="103.69563817977905">
        <ele>24.95</ele>
      </trkpt>
      <trkpt lat="1.3763395138084888" lon="103.69572652503848">
        <ele>24.82</ele>
      </trkpt>
      <trkpt lat="1.376641346141696" lon="103.69581495411694">
        <ele>24.7</ele>
      </trkpt>
      <trkpt lat="1.376943178474903" lon="103.6959033831954">
        <ele>24.61</ele>
      </trkpt>
      <trkpt lat="1.377245094627142" lon="103.69599181227386">
        <ele>24.53</ele>
      </trkpt>
      <trkpt lat="1.377546926960349" lon="103.69608024135232">
        <ele>24.44</ele>
      </trkpt>
      <trkpt lat="1.3778487592935562" lon="103.69616867043078">
        <ele>24.36</ele>
      </trkpt>
      <trkpt lat="1.3781619910150766" lon="103.69626045227051">
        <ele>24.26</ele>
      </trkpt>
      <trkpt lat="1.3783646654337645" lon="103.69631376117468">
        <ele>24.14</ele>
      </trkpt>
      <trkpt lat="1.3785696867853403" lon="103.6963677406311">
        <ele>23.98</ele>
      </trkpt>
      <trkpt lat="1.3788470439612865" lon="103.69641040451825">
        <ele>23.84</ele>
      </trkpt>
      <trkpt lat="1.3791244011372328" lon="103.69645306840539">
        <ele>23.81</ele>
      </trkpt>
      <trkpt lat="1.3794065359979868" lon="103.69649648666382">
        <ele>23.79</ele>
      </trkpt>
      <trkpt lat="1.3797158282250166" lon="103.69654979556799">
        <ele>23.72</ele>
      </trkpt>
      <trkpt lat="1.3800288084894419" lon="103.69660377502441">
        <ele>23.61</ele>
      </trkpt>
      <trkpt lat="1.3803221751004457" lon="103.69665440171957">
        <ele>23.52</ele>
      </trkpt>
      <trkpt lat="1.3806155417114496" lon="103.69670511223376">
        <ele>23.43</ele>
      </trkpt>
      <trkpt lat="1.3809089083224535" lon="103.69675573892891">
        <ele>23.32</ele>
      </trkpt>
      <trkpt lat="1.3812022749334574" lon="103.6968064494431">
        <ele>23.22</ele>
      </trkpt>
      <trkpt lat="1.3814956415444613" lon="103.69685707613826">
        <ele>23.13</ele>
      </trkpt>
      <trkpt lat="1.3817890081554651" lon="103.69690778665245">
        <ele>23.03</ele>
      </trkpt>
      <trkpt lat="1.382082374766469" lon="103.6969584133476">
        <ele>22.91</ele>
      </trkpt>
      <trkpt lat="1.3823891524225473" lon="103.69701147079468">
        <ele>22.8</ele>
      </trkpt>
      <trkpt lat="1.3825178984552622" lon="103.6970329284668">
        <ele>22.72</ele>
      </trkpt>
      <trkpt lat="1.3827881310135126" lon="103.69707559235394">
        <ele>22.64</ele>
      </trkpt>
      <trkpt lat="1.383058363571763" lon="103.69711825624108">
        <ele>22.59</ele>
      </trkpt>
      <trkpt lat="1.3833332899957895" lon="103.69716167449951">
        <ele>22.49</ele>
      </trkpt>
      <trkpt lat="1.3835264090448618" lon="103.69718313217163">
        <ele>22.36</ele>
      </trkpt>
      <trkpt lat="1.3836864195764065" lon="103.69721506722271">
        <ele>22.26</ele>
      </trkpt>
      <trkpt lat="1.383848274126649" lon="103.69724750518799">
        <ele>22.18</ele>
      </trkpt>
      <trkpt lat="1.3841486815363169" lon="103.69731187820435">
        <ele>22.11</ele>
      </trkpt>
      <trkpt lat="1.3843620009720325" lon="103.6973402928561">
        <ele>22.05</ele>
      </trkpt>
      <trkpt lat="1.3845753204077482" lon="103.69736870750785">
        <ele>22.0</ele>
      </trkpt>
      <trkpt lat="1.384792411699891" lon="103.69739770889282">
        <ele>21.93</ele>
      </trkpt>
      <trkpt lat="1.3848997000604868" lon="103.69741916656494">
        <ele>21.84</ele>
      </trkpt>
      <trkpt lat="1.3851142767816782" lon="103.69746208190918">
        <ele>21.75</ele>
      </trkpt>
      <trkpt lat="1.3854146841913462" lon="103.69750499725342">
        <ele>21.7</ele>
      </trkpt>
      <trkpt lat="1.3854146003723145" lon="103.69750499725342">
        <ele>21.62</ele>
      </trkpt>
      <trkpt lat="1.3857220485806465" lon="103.69755889289081">
        <ele>21.58</ele>
      </trkpt>
      <trkpt lat="1.3860295806080103" lon="103.69761287234724">
        <ele>21.51</ele>
      </trkpt>
      <trkpt lat="1.3863370288163424" lon="103.69766685180366">
        <ele>21.4</ele>
      </trkpt>
      <trkpt lat="1.3866445608437061" lon="103.69772083126009">
        <ele>21.28</ele>
      </trkpt>
      <trkpt lat="1.38695209287107" lon="103.69777481071651">
        <ele>21.2</ele>
      </trkpt>
      <trkpt lat="1.387259541079402" lon="103.69782879017293">
        <ele>21.13</ele>
      </trkpt>
      <trkpt lat="1.3875670731067657" lon="103.69788276962936">
        <ele>21.03</ele>
      </trkpt>
      <trkpt lat="1.3878745213150978" lon="103.69793666526675">
        <ele>20.87</ele>
      </trkpt>
      <trkpt lat="1.3881820533424616" lon="103.69799064472318">
        <ele>20.74</ele>
      </trkpt>
      <trkpt lat="1.3884895853698254" lon="103.6980446241796">
        <ele>20.55</ele>
      </trkpt>
      <trkpt lat="1.3887970335781574" lon="103.69809860363603">
        <ele>20.29</ele>
      </trkpt>
      <trkpt lat="1.3891045656055212" lon="103.69815258309245">
        <ele>20.11</ele>
      </trkpt>
      <trkpt lat="1.3894120138138533" lon="103.69820656254888">
        <ele>20.0</ele>
      </trkpt>
      <trkpt lat="1.389719545841217" lon="103.6982605420053">
        <ele>19.88</ele>
      </trkpt>
      <trkpt lat="1.3900270778685808" lon="103.6983144376427">
        <ele>19.63</ele>
      </trkpt>
      <trkpt lat="1.3903345260769129" lon="103.69836841709912">
        <ele>19.34</ele>
      </trkpt>
      <trkpt lat="1.3906718138605356" lon="103.69842767715454">
        <ele>19.17</ele>
      </trkpt>
      <trkpt lat="1.390671730041504" lon="103.69842767715454">
        <ele>18.95</ele>
      </trkpt>
      <trkpt lat="1.3909619115293026" lon="103.69847880676389">
        <ele>18.73</ele>
      </trkpt>
      <trkpt lat="1.3912520930171013" lon="103.69853002019227">
        <ele>18.48</ele>
      </trkpt>
      <trkpt lat="1.3915422745049" lon="103.69858123362064">
        <ele>18.27</ele>
      </trkpt>
      <trkpt lat="1.3918324559926987" lon="103.69863244704902">
        <ele>18.05</ele>
      </trkpt>
      <trkpt lat="1.3921309355646372" lon="103.69868516921997">
        <ele>17.78</ele>
      </trkpt>
      <trkpt lat="1.3924253080040216" lon="103.6987320240587">
        <ele>17.46</ele>
      </trkpt>
      <trkpt lat="1.3927197642624378" lon="103.69877896271646">
        <ele>17.18</ele>
      </trkpt>
      <trkpt lat="1.393014220520854" lon="103.69882590137422">
        <ele>16.95</ele>
      </trkpt>
      <trkpt lat="1.3933085929602385" lon="103.69887284003198">
        <ele>16.7</ele>
      </trkpt>
      <trkpt lat="1.3936115149408579" lon="103.69892120361328">
        <ele>16.35</ele>
      </trkpt>
      <trkpt lat="1.3936114311218262" lon="103.69892120361328">
        <ele>16.06</ele>
      </trkpt>
      <trkpt lat="1.3938514050096273" lon="103.69896386750042">
        <ele>15.73</ele>
      </trkpt>
      <trkpt lat="1.3940914627164602" lon="103.69900653138757">
        <ele>15.39</ele>
      </trkpt>
      <trkpt lat="1.3943315204232931" lon="103.69904919527471">
        <ele>15.06</ele>
      </trkpt>
      <trkpt lat="1.3945771101862192" lon="103.69909286499023">
        <ele>14.74</ele>
      </trkpt>
      <trkpt lat="1.3948714826256037" lon="103.69914189912379">
        <ele>14.43</ele>
      </trkpt>
      <trkpt lat="1.3951659388840199" lon="103.69919093325734">
        <ele>14.11</ele>
      </trkpt>
      <trkpt lat="1.395460395142436" lon="103.69924005120993">
        <ele>13.76</ele>
      </trkpt>
      <trkpt lat="1.3957548514008522" lon="103.69928908534348">
        <ele>13.44</ele>
      </trkpt>
      <trkpt lat="1.3960492238402367" lon="103.69933820329607">
        <ele>13.19</ele>
      </trkpt>
      <trkpt lat="1.3963436800986528" lon="103.69938723742962">
        <ele>12.95</ele>
      </trkpt>
      <trkpt lat="1.396638136357069" lon="103.6994363553822">
        <ele>12.66</ele>
      </trkpt>
      <trkpt lat="1.3969325926154852" lon="103.69948538951576">
        <ele>12.33</ele>
      </trkpt>
      <trkpt lat="1.3972269650548697" lon="103.69953450746834">
        <ele>12.03</ele>
      </trkpt>
      <trkpt lat="1.3975382689386606" lon="103.69958639144897">
        <ele>11.72</ele>
      </trkpt>
      <trkpt lat="1.3978156261146069" lon="103.69962905533612">
        <ele>11.41</ele>
      </trkpt>
      <trkpt lat="1.3980961684137583" lon="103.69967222213745">
        <ele>11.13</ele>
      </trkpt>
      <trkpt lat="1.3983467873185873" lon="103.6997148860246">
        <ele>10.86</ele>
      </trkpt>
      <trkpt lat="1.398597490042448" lon="103.69975754991174">
        <ele>10.65</ele>
      </trkpt>
      <trkpt lat="1.3988481927663088" lon="103.69980021379888">
        <ele>10.44</ele>
      </trkpt>
      <trkpt lat="1.3991046790033579" lon="103.6998438835144">
        <ele>10.14</ele>
      </trkpt>
      <trkpt lat="1.3993621710687876" lon="103.69986534118652">
        <ele>9.91</ele>
      </trkpt>
      <trkpt lat="1.3996181543916464" lon="103.69990800507367">
        <ele>9.71</ele>
      </trkpt>
      <trkpt lat="1.3998770713806152" lon="103.699951171875">
        <ele>9.55</ele>
      </trkpt>
      <trkpt lat="1.400175802409649" lon="103.7000080011785">
        <ele>9.41</ele>
      </trkpt>
      <trkpt lat="1.4004745334386826" lon="103.70006491430104">
        <ele>9.25</ele>
      </trkpt>
      <trkpt lat="1.4007783774286509" lon="103.70012283325195">
        <ele>9.16</ele>
      </trkpt>
      <trkpt lat="1.4009810518473387" lon="103.7001654971391">
        <ele>9.09</ele>
      </trkpt>
      <trkpt lat="1.4011860731989145" lon="103.70020866394043">
        <ele>9.01</ele>
      </trkpt>
      <trkpt lat="1.4014102052897215" lon="103.70028334669769">
        <ele>8.91</ele>
      </trkpt>
      <trkpt lat="1.4016343373805285" lon="103.70035802945495">
        <ele>8.84</ele>
      </trkpt>
      <trkpt lat="1.4018584694713354" lon="103.70043279603124">
        <ele>8.84</ele>
      </trkpt>
      <trkpt lat="1.4020872954279184" lon="103.7005090713501">
        <ele>8.81</ele>
      </trkpt>
      <trkpt lat="1.4023329690098763" lon="103.70065860450268">
        <ele>8.81</ele>
      </trkpt>
      <trkpt lat="1.402580738067627" lon="103.70080947875977">
        <ele>8.83</ele>
      </trkpt>
      <trkpt lat="1.4027095679193735" lon="103.70087385177612">
        <ele>8.87</ele>
      </trkpt>
      <trkpt lat="1.4029337838292122" lon="103.70098063722253">
        <ele>9.0</ele>
      </trkpt>
      <trkpt lat="1.4031601790338755" lon="103.70108842849731">
        <ele>9.13</ele>
      </trkpt>
      <trkpt lat="1.4031600952148438" lon="103.70108842849731">
        <ele>9.24</ele>
      </trkpt>
      <trkpt lat="1.403430663049221" lon="103.7012308370322">
        <ele>9.38</ele>
      </trkpt>
      <trkpt lat="1.4037012308835983" lon="103.70137324556708">
        <ele>9.56</ele>
      </trkpt>
      <trkpt lat="1.4039718825370073" lon="103.70151565410197">
        <ele>9.75</ele>
      </trkpt>
      <trkpt lat="1.4042424503713846" lon="103.70165806263685">
        <ele>9.96</ele>
      </trkpt>
      <trkpt lat="1.404513018205762" lon="103.70180047117174">
        <ele>10.17</ele>
      </trkpt>
      <trkpt lat="1.4047908782958984" lon="103.70194673538208">
        <ele>10.34</ele>
      </trkpt>
      <trkpt lat="1.405053986236453" lon="103.70199644006789">
        <ele>10.58</ele>
      </trkpt>
      <trkpt lat="1.4053171779960394" lon="103.70204622857273">
        <ele>10.85</ele>
      </trkpt>
      <trkpt lat="1.4055848121643066" lon="103.70209693908691">
        <ele>11.09</ele>
      </trkpt>
      <trkpt lat="1.4057981316000223" lon="103.70208268985152">
        <ele>11.31</ele>
      </trkpt>
      <trkpt lat="1.406011451035738" lon="103.70206844061613">
        <ele>11.48</ele>
      </trkpt>
      <trkpt lat="1.4062285423278809" lon="103.70205402374268">
        <ele>11.62</ele>
      </trkpt>
      <trkpt lat="1.4065131079405546" lon="103.70196383446455">
        <ele>11.79</ele>
      </trkpt>
      <trkpt lat="1.40679775737226" lon="103.70187372900546">
        <ele>11.98</ele>
      </trkpt>
      <trkpt lat="1.4070823229849339" lon="103.70178362354636">
        <ele>12.14</ele>
      </trkpt>
      <trkpt lat="1.4073669724166393" lon="103.70169351808727">
        <ele>12.31</ele>
      </trkpt>
      <trkpt lat="1.407651538029313" lon="103.70160332880914">
        <ele>12.51</ele>
      </trkpt>
      <trkpt lat="1.4079361874610186" lon="103.70151322335005">
        <ele>12.68</ele>
      </trkpt>
      <trkpt lat="1.4082207530736923" lon="103.70142311789095">
        <ele>12.83</ele>
      </trkpt>
      <trkpt lat="1.4085054025053978" lon="103.70133301243186">
        <ele>12.91</ele>
      </trkpt>
      <trkpt lat="1.4088035468012094" lon="103.70123863220215">
        <ele>12.97</ele>
      </trkpt>
      <trkpt lat="1.4088034629821777" lon="103.70123863220215">
        <ele>13.06</ele>
      </trkpt>
      <trkpt lat="1.4090786408632994" lon="103.70112706907094">
        <ele>13.08</ele>
      </trkpt>
      <trkpt lat="1.409353818744421" lon="103.70101558975875">
        <ele>13.08</ele>
      </trkpt>
      <trkpt lat="1.4096290804445744" lon="103.70090411044657">
        <ele>13.04</ele>
      </trkpt>
      <trkpt lat="1.409904258325696" lon="103.70079254731536">
        <ele>13.04</ele>
      </trkpt>
      <trkpt lat="1.4101794362068176" lon="103.70068106800318">
        <ele>13.08</ele>
      </trkpt>
      <trkpt lat="1.410454697906971" lon="103.700569588691">
        <ele>13.18</ele>
      </trkpt>
      <trkpt lat="1.4107298757880926" lon="103.70045802555978">
        <ele>13.29</ele>
      </trkpt>
      <trkpt lat="1.4110050536692142" lon="103.7003465462476">
        <ele>13.32</ele>
      </trkpt>
      <trkpt lat="1.411292552947998" lon="103.70023012161255">
        <ele>13.34</ele>
      </trkpt>
      <trkpt lat="1.4115274976938963" lon="103.70010187849402">
        <ele>13.34</ele>
      </trkpt>
      <trkpt lat="1.4117646217346191" lon="103.69997262954712">
        <ele>13.34</ele>
      </trkpt>
      <trkpt lat="1.4120278134942055" lon="103.6998943425715">
        <ele>13.31</ele>
      </trkpt>
      <trkpt lat="1.4122910890728235" lon="103.69981605559587">
        <ele>13.22</ele>
      </trkpt>
      <trkpt lat="1.4125585556030273" lon="103.69973659515381">
        <ele>13.17</ele>
      </trkpt>
      <trkpt lat="1.412771875038743" lon="103.69971522130072">
        <ele>13.1</ele>
      </trkpt>
      <trkpt lat="1.4129877090454102" lon="103.69969367980957">
        <ele>13.04</ele>
      </trkpt>
      <trkpt lat="1.4132543373852968" lon="103.69969367980957">
        <ele>12.98</ele>
      </trkpt>
      <trkpt lat="1.4135241508483887" lon="103.69969367980957">
        <ele>12.9</ele>
      </trkpt>
      <trkpt lat="1.4137801341712475" lon="103.69974338449538">
        <ele>12.86</ele>
      </trkpt>
      <trkpt lat="1.414036201313138" lon="103.69979317300022">
        <ele>12.83</ele>
      </trkpt>
      <trkpt lat="1.4142966270446777" lon="103.6998438835144">
        <ele>12.83</ele>
      </trkpt>
      <trkpt lat="1.4145485870540142" lon="103.6999548599124">
        <ele>12.81</ele>
      </trkpt>
      <trkpt lat="1.4148006308823824" lon="103.70006592012942">
        <ele>12.74</ele>
      </trkpt>
      <trkpt lat="1.4150525908917189" lon="103.70017698034644">
        <ele>12.61</ele>
      </trkpt>
      <trkpt lat="1.415304634720087" lon="103.70028804056346">
        <ele>12.42</ele>
      </trkpt>
      <trkpt lat="1.4155627135187387" lon="103.7004017829895">
        <ele>12.22</ele>
      </trkpt>
      <trkpt lat="1.4156485442072153" lon="103.70044469833374">
        <ele>12.13</ele>
      </trkpt>
      <trkpt lat="1.4156484603881836" lon="103.70044469833374">
        <ele>12.07</ele>
      </trkpt>
      <trkpt lat="1.4158919546753168" lon="103.70056003332138">
        <ele>11.94</ele>
      </trkpt>
      <trkpt lat="1.41613544896245" lon="103.70067536830902">
        <ele>11.85</ele>
      </trkpt>
      <trkpt lat="1.4163789432495832" lon="103.70079070329666">
        <ele>11.78</ele>
      </trkpt>
      <trkpt lat="1.4166224375367165" lon="103.7009060382843">
        <ele>11.73</ele>
      </trkpt>
      <trkpt lat="1.4168716315180063" lon="103.70102405548096">
        <ele>11.82</ele>
      </trkpt>
      <trkpt lat="1.4168715476989746" lon="103.70102405548096">
        <ele>11.86</ele>
      </trkpt>
      <trkpt lat="1.4170744735747576" lon="103.7011201120913">
        <ele>12.01</ele>
      </trkpt>
      <trkpt lat="1.41727932728827" lon="103.70121717453003">
        <ele>12.15</ele>
      </trkpt>
      <trkpt lat="1.4175368193536997" lon="103.70134592056274">
        <ele>12.22</ele>
      </trkpt>
      <trkpt lat="1.4177182875573635" lon="103.70142060332">
        <ele>12.3</ele>
      </trkpt>
      <trkpt lat="1.417901599779725" lon="103.70149612426758">
        <ele>12.42</ele>
      </trkpt>
      <trkpt lat="1.41803034581244" lon="103.70156049728394">
        <ele>12.56</ele>
      </trkpt>
      <trkpt lat="1.4182331878691912" lon="103.70165655389428">
        <ele>12.76</ele>
      </trkpt>
      <trkpt lat="1.4184380415827036" lon="103.70175361633301">
        <ele>13.0</ele>
      </trkpt>
      <trkpt lat="1.418667621910572" lon="103.70186040177941">
        <ele>13.29</ele>
      </trkpt>
      <trkpt lat="1.4188972022384405" lon="103.70196718722582">
        <ele>13.56</ele>
      </trkpt>
      <trkpt lat="1.419126782566309" lon="103.70207397267222">
        <ele>13.77</ele>
      </trkpt>
      <trkpt lat="1.4193607214838266" lon="103.70218276977539">
        <ele>14.07</ele>
      </trkpt>
      <trkpt lat="1.419629780575633" lon="103.70231084525585">
        <ele>14.35</ele>
      </trkpt>
      <trkpt lat="1.4198989234864712" lon="103.70243900455534">
        <ele>14.56</ele>
      </trkpt>
      <trkpt lat="1.4201680663973093" lon="103.70256716385484">
        <ele>14.77</ele>
      </trkpt>
      <trkpt lat="1.4204371254891157" lon="103.70269532315433">
        <ele>14.98</ele>
      </trkpt>
      <trkpt lat="1.4207125548273325" lon="103.70282649993896">
        <ele>15.2</ele>
      </trkpt>
      <trkpt lat="1.42091179266572" lon="103.70291903614998">
        <ele>15.48</ele>
      </trkpt>
      <trkpt lat="1.4211111143231392" lon="103.70301157236099">
        <ele>15.78</ele>
      </trkpt>
      <trkpt lat="1.4213132858276367" lon="103.70310544967651">
        <ele>16.1</ele>
      </trkpt>
      <trkpt lat="1.4212489128112793" lon="103.70328783988953">
        <ele>16.34</ele>
      </trkpt>
      <trkpt lat="1.4212434645742178" lon="103.70330326259136">
        <ele>16.61</ele>
      </trkpt>
      <trkpt lat="1.4211846236139536" lon="103.70347023010254">
        <ele>16.85</ele>
      </trkpt>
      <trkpt lat="1.4211095217615366" lon="103.70366326533258">
        <ele>17.19</ele>
      </trkpt>
      <trkpt lat="1.4210344199091196" lon="103.70385646820068">
        <ele>17.49</ele>
      </trkpt>
      <trkpt lat="1.4209557138383389" lon="103.70410683564842">
        <ele>17.79</ele>
      </trkpt>
      <trkpt lat="1.420877007767558" lon="103.70435720309615">
        <ele>18.1</ele>
      </trkpt>
      <trkpt lat="1.420798385515809" lon="103.70460748672485">
        <ele>18.37</ele>
      </trkpt>
      <trkpt lat="1.4207017421722412" lon="103.70487302541733">
        <ele>18.64</ele>
      </trkpt>
      <trkpt lat="1.420605182647705" lon="103.7051385641098">
        <ele>18.88</ele>
      </trkpt>
      <trkpt lat="1.420508623123169" lon="103.70540410280228">
        <ele>19.06</ele>
      </trkpt>
      <trkpt lat="1.4204120635986328" lon="103.70566964149475">
        <ele>19.18</ele>
      </trkpt>
      <trkpt lat="1.4203155040740967" lon="103.70593518018723">
        <ele>19.23</ele>
      </trkpt>
      <trkpt lat="1.4202189445495605" lon="103.70620080269873">
        <ele>19.32</ele>
      </trkpt>
      <trkpt lat="1.4201223850250244" lon="103.7064663413912">
        <ele>19.4</ele>
      </trkpt>
      <trkpt lat="1.42002590931952" lon="103.70673179626465">
        <ele>19.45</ele>
      </trkpt>
      <trkpt lat="1.4199399948120117" lon="103.70697855949402">
        <ele>19.46</ele>
      </trkpt>
      <trkpt lat="1.4198542479425669" lon="103.70722532272339">
        <ele>19.46</ele>
      </trkpt>
      <trkpt lat="1.4198541641235352" lon="103.70722532272339">
        <ele>19.47</ele>
      </trkpt>
      <trkpt lat="1.4198327902704477" lon="103.70731115341187">
        <ele>19.45</ele>
      </trkpt>
      <trkpt lat="1.4197684172540903" lon="103.70747200213373">
        <ele>19.4</ele>
      </trkpt>
      <trkpt lat="1.4197040442377329" lon="103.70763301849365">
        <ele>19.32</ele>
      </trkpt>
      <trkpt lat="1.4196127653121948" lon="103.70789855718613">
        <ele>19.22</ele>
      </trkpt>
      <trkpt lat="1.4195215702056885" lon="103.7081640958786">
        <ele>19.07</ele>
      </trkpt>
      <trkpt lat="1.4194303750991821" lon="103.70842971839011">
        <ele>18.93</ele>
      </trkpt>
      <trkpt lat="1.4193391799926758" lon="103.70869525708258">
        <ele>18.8</ele>
      </trkpt>
      <trkpt lat="1.4192479848861694" lon="103.70896087959409">
        <ele>18.68</ele>
      </trkpt>
      <trkpt lat="1.419156789779663" lon="103.70922641828656">
        <ele>18.56</ele>
      </trkpt>
      <trkpt lat="1.419065510854125" lon="103.70949195697904">
        <ele>18.4</ele>
      </trkpt>
      <trkpt lat="1.418974483385682" lon="103.70975732803345">
        <ele>18.25</ele>
      </trkpt>
      <trkpt lat="1.4188885688781738" lon="103.71003091335297">
        <ele>18.12</ele>
      </trkpt>
      <trkpt lat="1.4188027381896973" lon="103.71030458249152">
        <ele>17.95</ele>
      </trkpt>
      <trkpt lat="1.4187169075012207" lon="103.71057825163007">
        <ele>17.75</ele>
      </trkpt>
      <trkpt lat="1.4186311606317759" lon="103.71085166931152">
        <ele>17.5</ele>
      </trkpt>
      <trkpt lat="1.4185774326324463" lon="103.7110447883606">
        <ele>17.26</ele>
      </trkpt>
      <trkpt lat="1.4185238722711802" lon="103.71123790740967">
        <ele>16.97</ele>
      </trkpt>
      <trkpt lat="1.4184450823813677" lon="103.71148106642067">
        <ele>16.62</ele>
      </trkpt>
      <trkpt lat="1.418366376310587" lon="103.71172430925071">
        <ele>16.31</ele>
      </trkpt>
      <trkpt lat="1.418287754058838" lon="103.71196746826172">
        <ele>16.0</ele>
      </trkpt>
      <trkpt lat="1.4182233810424805" lon="103.71207475662231">
        <ele>15.7</ele>
      </trkpt>
      <trkpt lat="1.4180517196655273" lon="103.71218204498291">
        <ele>15.41</ele>
      </trkpt>
      <trkpt lat="1.4178168587386608" lon="103.71227810159326">
        <ele>15.1</ele>
      </trkpt>
      <trkpt lat="1.417579734697938" lon="103.71237516403198">
        <ele>14.74</ele>
      </trkpt>
      <trkpt lat="1.4175796508789062" lon="103.71237516403198">
        <ele>14.42</ele>
      </trkpt>
      <trkpt lat="1.417536735534668" lon="103.71243953704834">
        <ele>14.09</ele>
      </trkpt>
      <trkpt lat="1.4174938201904297" lon="103.71268638409674">
        <ele>13.74</ele>
      </trkpt>
      <trkpt lat="1.4174509886652231" lon="103.71293306350708">
        <ele>13.41</ele>
      </trkpt>
      <trkpt lat="1.4174509048461914" lon="103.71293306350708">
        <ele>13.08</ele>
      </trkpt>
      <trkpt lat="1.4173907227814198" lon="103.71322500519454">
        <ele>12.73</ele>
      </trkpt>
      <trkpt lat="1.4173306245356798" lon="103.71351703070104">
        <ele>12.44</ele>
      </trkpt>
      <trkpt lat="1.4172705262899399" lon="103.7138089723885">
        <ele>12.12</ele>
      </trkpt>
      <trkpt lat="1.4172104280442" lon="103.714100997895">
        <ele>11.75</ele>
      </trkpt>
      <trkpt lat="1.4171504974365234" lon="103.71439218521118">
        <ele>11.31</ele>
      </trkpt>
      <trkpt lat="1.4170432090759277" lon="103.71449947357178">
        <ele>10.98</ele>
      </trkpt>
      <trkpt lat="1.4168579690158367" lon="103.71461338363588">
        <ele>10.67</ele>
      </trkpt>
      <trkpt lat="1.4166727289557457" lon="103.71472737751901">
        <ele>10.37</ele>
      </trkpt>
      <trkpt lat="1.41648530960083" lon="103.71484279632568">
        <ele>10.06</ele>
      </trkpt>
      <trkpt lat="1.4163780212402344" lon="103.71503591537476">
        <ele>9.79</ele>
      </trkpt>
      <trkpt lat="1.4163493551313877" lon="103.7152577843517">
        <ele>9.51</ele>
      </trkpt>
      <trkpt lat="1.416320689022541" lon="103.71547965332866">
        <ele>9.23</ele>
      </trkpt>
      <trkpt lat="1.4162921905517578" lon="103.71570110321045">
        <ele>8.95</ele>
      </trkpt>
      <trkpt lat="1.4163458347320557" lon="103.71599094942212">
        <ele>8.7</ele>
      </trkpt>
      <trkpt lat="1.4163995627313852" lon="103.71628046035767">
        <ele>8.46</ele>
      </trkpt>
      <trkpt lat="1.4165496826171875" lon="103.71640920639038">
        <ele>8.25</ele>
      </trkpt>
      <trkpt lat="1.4167428016662598" lon="103.71645212173462">
        <ele>8.01</ele>
      </trkpt>
      <trkpt lat="1.4170062448829412" lon="103.7163096293807">
        <ele>7.75</ele>
      </trkpt>
      <trkpt lat="1.4172697719186544" lon="103.71616722084582">
        <ele>7.53</ele>
      </trkpt>
      <trkpt lat="1.417536735534668" lon="103.71602296829224">
        <ele>7.35</ele>
      </trkpt>
      <trkpt lat="1.4178157690912485" lon="103.71595859527588">
        <ele>7.13</ele>
      </trkpt>
      <trkpt lat="1.4178156852722168" lon="103.71595859527588">
        <ele>6.98</ele>
      </trkpt>
      <trkpt lat="1.4180716685950756" lon="103.71597988530993">
        <ele>6.81</ele>
      </trkpt>
      <trkpt lat="1.4183306694030762" lon="103.71600151062012">
        <ele>6.74</ele>
      </trkpt>
      <trkpt lat="1.4185120537877083" lon="103.71605481952429">
        <ele>6.62</ele>
      </trkpt>
      <trkpt lat="1.4186955336481333" lon="103.71610879898071">
        <ele>6.5</ele>
      </trkpt>
      <trkpt lat="1.418951516970992" lon="103.71617275290191">
        <ele>6.39</ele>
      </trkpt>
      <trkpt lat="1.419210433959961" lon="103.71623754501343">
        <ele>6.3</ele>
      </trkpt>
      <trkpt lat="1.4194879587739706" lon="103.71633888222277">
        <ele>6.26</ele>
      </trkpt>
      <trkpt lat="1.4197654835879803" lon="103.71644030325115">
        <ele>6.27</ele>
      </trkpt>
      <trkpt lat="1.42004300840199" lon="103.71654172427952">
        <ele>6.3</ele>
      </trkpt>
      <trkpt lat="1.4203262329101562" lon="103.71664524078369">
        <ele>6.3</ele>
      </trkpt>
      <trkpt lat="1.4205612614750862" lon="103.71677340008318">
        <ele>6.3</ele>
      </trkpt>
      <trkpt lat="1.420798385515809" lon="103.71690273284912">
        <ele>6.31</ele>
      </trkpt>
      <trkpt lat="1.4210589788854122" lon="103.71703944168985">
        <ele>6.42</ele>
      </trkpt>
      <trkpt lat="1.4213195722550154" lon="103.71717615053058">
        <ele>6.49</ele>
      </trkpt>
      <trkpt lat="1.4215801656246185" lon="103.7173128593713">
        <ele>6.56</ele>
      </trkpt>
      <trkpt lat="1.4218407589942217" lon="103.71744956821203">
        <ele>6.6</ele>
      </trkpt>
      <trkpt lat="1.422107219696045" lon="103.71758937835693">
        <ele>6.68</ele>
      </trkpt>
      <trkpt lat="1.4223433379083872" lon="103.717782497406">
        <ele>6.78</ele>
      </trkpt>
      <trkpt lat="1.4224804658442736" lon="103.71800109744072">
        <ele>6.86</ele>
      </trkpt>
      <trkpt lat="1.4226176775991917" lon="103.71821969747543">
        <ele>6.95</ele>
      </trkpt>
      <trkpt lat="1.4227548893541098" lon="103.71843838132918">
        <ele>7.07</ele>
      </trkpt>
      <trkpt lat="1.4228920172899961" lon="103.71865698136389">
        <ele>7.2</ele>
      </trkpt>
      <trkpt lat="1.4230299834161997" lon="103.71887683868408">
        <ele>7.34</ele>
      </trkpt>
      <trkpt lat="1.423158561810851" lon="103.71909116394818">
        <ele>7.47</ele>
      </trkpt>
      <trkpt lat="1.4232874754816294" lon="103.71930599212646">
        <ele>7.63</ele>
      </trkpt>
      <trkpt lat="1.4232873916625977" lon="103.71930599212646">
        <ele>7.8</ele>
      </trkpt>
      <trkpt lat="1.4233303908258677" lon="103.71939182281494">
        <ele>8.0</ele>
      </trkpt>
      <trkpt lat="1.423373306170106" lon="103.7194561958313">
        <ele>8.2</ele>
      </trkpt>
      <trkpt lat="1.4234911557286978" lon="103.71964906342328">
        <ele>8.42</ele>
      </trkpt>
      <trkpt lat="1.4236093405634165" lon="103.71984243392944">
        <ele>8.65</ele>
      </trkpt>
      <trkpt lat="1.4237665012478828" lon="103.72009246610105">
        <ele>8.89</ele>
      </trkpt>
      <trkpt lat="1.4239236619323492" lon="103.72034258209169">
        <ele>9.12</ele>
      </trkpt>
      <trkpt lat="1.4240813255310059" lon="103.72059345245361">
        <ele>9.35</ele>
      </trkpt>
      <trkpt lat="1.4241886138916016" lon="103.72065782546997">
        <ele>9.57</ele>
      </trkpt>
      <trkpt lat="1.4243807271122932" lon="103.7207218632102">
        <ele>9.81</ele>
      </trkpt>
      <trkpt lat="1.4245749358087778" lon="103.72078657150269">
        <ele>10.03</ele>
      </trkpt>
      <trkpt lat="1.4247455075383186" lon="103.72080786153674">
        <ele>10.25</ele>
      </trkpt>
      <trkpt lat="1.4249181747436523" lon="103.72082948684692">
        <ele>10.49</ele>
      </trkpt>
      <trkpt lat="1.4251784328371286" lon="103.7208252120763">
        <ele>10.76</ele>
      </trkpt>
      <trkpt lat="1.425438690930605" lon="103.72082093730569">
        <ele>11.06</ele>
      </trkpt>
      <trkpt lat="1.4256989490240812" lon="103.72081666253507">
        <ele>11.34</ele>
      </trkpt>
      <trkpt lat="1.4259592071175575" lon="103.72081238776445">
        <ele>11.55</ele>
      </trkpt>
      <trkpt lat="1.4262271765619516" lon="103.7208080291748">
        <ele>11.74</ele>
      </trkpt>
      <trkpt lat="1.4263130072504282" lon="103.7208080291748">
        <ele>11.94</ele>
      </trkpt>
      <trkpt lat="1.426420295611024" lon="103.7208080291748">
        <ele>12.13</ele>
      </trkpt>
      <trkpt lat="1.4265061262995005" lon="103.7208080291748">
        <ele>12.31</ele>
      </trkpt>
      <trkpt lat="1.4265060424804688" lon="103.7208080291748">
        <ele>12.49</ele>
      </trkpt>
      <trkpt lat="1.426697988063097" lon="103.72080794535577">
        <ele>12.66</ele>
      </trkpt>
      <trkpt lat="1.4268922805786133" lon="103.7208080291748">
        <ele>12.84</ele>
      </trkpt>
      <trkpt lat="1.4270210266113281" lon="103.72085094451904">
        <ele>12.99</ele>
      </trkpt>
      <trkpt lat="1.4272773452103138" lon="103.72098974883556">
        <ele>13.11</ele>
      </trkpt>
      <trkpt lat="1.4275360107421875" lon="103.72112989425659">
        <ele>13.22</ele>
      </trkpt>
      <trkpt lat="1.4277568738907576" lon="103.7212795112282">
        <ele>13.37</ele>
      </trkpt>
      <trkpt lat="1.4279778208583593" lon="103.72142912819982">
        <ele>13.52</ele>
      </trkpt>
      <trkpt lat="1.4282012823969126" lon="103.7215805053711">
        <ele>13.66</ele>
      </trkpt>
      <trkpt lat="1.4283865224570036" lon="103.72171587310731">
        <ele>13.81</ele>
      </trkpt>
      <trkpt lat="1.4285718463361263" lon="103.72185132466257">
        <ele>13.98</ele>
      </trkpt>
      <trkpt lat="1.4287591818720102" lon="103.72198820114136">
        <ele>14.15</ele>
      </trkpt>
      <trkpt lat="1.4289087988436222" lon="103.7220950704068">
        <ele>14.32</ele>
      </trkpt>
      <trkpt lat="1.4290595892816782" lon="103.72220277786255">
        <ele>14.47</ele>
      </trkpt>
      <trkpt lat="1.4292734954506159" lon="103.7223881855607">
        <ele>14.6</ele>
      </trkpt>
      <trkpt lat="1.4294874016195536" lon="103.72257359325886">
        <ele>14.67</ele>
      </trkpt>
      <trkpt lat="1.4297032356262207" lon="103.72276067733765">
        <ele>14.71</ele>
      </trkpt>
      <trkpt lat="1.4298603124916553" lon="103.72297491878271">
        <ele>14.84</ele>
      </trkpt>
      <trkpt lat="1.4300174731761217" lon="103.72318916022778">
        <ele>14.95</ele>
      </trkpt>
      <trkpt lat="1.4301753882318735" lon="103.72340440750122">
        <ele>15.04</ele>
      </trkpt>
      <trkpt lat="1.4303732011467218" lon="103.72356475330889">
        <ele>15.13</ele>
      </trkpt>
      <trkpt lat="1.4305710140615702" lon="103.7237251829356">
        <ele>15.25</ele>
      </trkpt>
      <trkpt lat="1.4307689107954502" lon="103.7238856125623">
        <ele>15.42</ele>
      </trkpt>
      <trkpt lat="1.4309693221002817" lon="103.7240481376648">
        <ele>15.58</ele>
      </trkpt>
      <trkpt lat="1.431183060631156" lon="103.7241977546364">
        <ele>15.72</ele>
      </trkpt>
      <trkpt lat="1.4313967991620302" lon="103.72434737160802">
        <ele>15.83</ele>
      </trkpt>
      <trkpt lat="1.4316129684448242" lon="103.7244987487793">
        <ele>15.98</ele>
      </trkpt>
      <trkpt lat="1.4318820275366306" lon="103.72456421144307">
        <ele>16.12</ele>
      </trkpt>
      <trkpt lat="1.4321507513523102" lon="103.7246295902878">
        <ele>16.19</ele>
      </trkpt>
      <trkpt lat="1.4321513380855322" lon="103.72462967410684">
        <ele>16.3</ele>
      </trkpt>
      <trkpt lat="1.4321515895426273" lon="103.72462975792587">
        <ele>16.42</ele>
      </trkpt>
      <trkpt lat="1.4321541879326105" lon="103.72463042847812">
        <ele>16.54</ele>
      </trkpt>
      <trkpt lat="1.4324069861322641" lon="103.72469186782837">
        <ele>16.61</ele>
      </trkpt>
      <trkpt lat="1.4324069023132324" lon="103.72469186782837">
        <ele>16.73</ele>
      </trkpt>
      <trkpt lat="1.432662969455123" lon="103.72474517673254">
        <ele>16.8</ele>
      </trkpt>
      <trkpt lat="1.4329219702631235" lon="103.72479915618896">
        <ele>16.92</ele>
      </trkpt>
      <trkpt lat="1.4332207012921572" lon="103.72486311011016">
        <ele>17.11</ele>
      </trkpt>
      <trkpt lat="1.4335227850824594" lon="103.72492790222168">
        <ele>17.27</ele>
      </trkpt>
      <trkpt lat="1.4337147306650877" lon="103.72495983727276">
        <ele>17.37</ele>
      </trkpt>
      <trkpt lat="1.433909023180604" lon="103.72499227523804">
        <ele>17.43</ele>
      </trkpt>
      <trkpt lat="1.4341598935425282" lon="103.72509897686541">
        <ele>17.5</ele>
      </trkpt>
      <trkpt lat="1.4344107639044523" lon="103.72520576231182">
        <ele>17.58</ele>
      </trkpt>
      <trkpt lat="1.4346617180854082" lon="103.72531254775822">
        <ele>17.67</ele>
      </trkpt>
      <trkpt lat="1.4349175337702036" lon="103.72542142868042">
        <ele>17.74</ele>
      </trkpt>
      <trkpt lat="1.4349174499511719" lon="103.72542142868042">
        <ele>17.78</ele>
      </trkpt>
      <trkpt lat="1.435159519314766" lon="103.72554246336222">
        <ele>17.84</ele>
      </trkpt>
      <trkpt lat="1.43540158867836" lon="103.72566349804401">
        <ele>17.87</ele>
      </trkpt>
      <trkpt lat="1.4356470108032227" lon="103.72578620910645">
        <ele>17.84</ele>
      </trkpt>
      <trkpt lat="1.43582864664495" lon="103.72590372338891">
        <ele>17.8</ele>
      </trkpt>
      <trkpt lat="1.436011791229248" lon="103.72602224349976">
        <ele>17.81</ele>
      </trkpt>
      <trkpt lat="1.4361936785280704" lon="103.72619340196252">
        <ele>17.8</ele>
      </trkpt>
      <trkpt lat="1.4363765716552734" lon="103.72636556625366">
        <ele>17.76</ele>
      </trkpt>
      <trkpt lat="1.4365477301180363" lon="103.72653672471642">
        <ele>17.68</ele>
      </trkpt>
      <trkpt lat="1.4367198944091797" lon="103.72670888900757">
        <ele>17.56</ele>
      </trkpt>
      <trkpt lat="1.436843192204833" lon="103.72692321427166">
        <ele>17.4</ele>
      </trkpt>
      <trkpt lat="1.4369664900004864" lon="103.72713762335479">
        <ele>17.23</ele>
      </trkpt>
      <trkpt lat="1.4370897877961397" lon="103.72735203243792">
        <ele>17.05</ele>
      </trkpt>
      <trkpt lat="1.4372135046869516" lon="103.72756719589233">
        <ele>16.87</ele>
      </trkpt>
      <trkpt lat="1.43721342086792" lon="103.72756719589233">
        <ele>16.66</ele>
      </trkpt>
      <trkpt lat="1.437292043119669" lon="103.72781756334007">
        <ele>16.42</ele>
      </trkpt>
      <trkpt lat="1.4373707491904497" lon="103.7280679307878">
        <ele>16.21</ele>
      </trkpt>
      <trkpt lat="1.4374494552612305" lon="103.7283182144165">
        <ele>15.97</ele>
      </trkpt>
      <trkpt lat="1.437506703659892" lon="103.72862591408193">
        <ele>15.64</ele>
      </trkpt>
      <trkpt lat="1.4375639520585537" lon="103.72893369756639">
        <ele>15.33</ele>
      </trkpt>
      <trkpt lat="1.4376211166381836" lon="103.72924089431763">
        <ele>15.05</ele>
      </trkpt>
      <trkpt lat="1.437714071944356" lon="103.7295341771096">
        <ele>14.66</ele>
      </trkpt>
      <trkpt lat="1.43780711106956" lon="103.72982745990157">
        <ele>14.31</ele>
      </trkpt>
      <trkpt lat="1.4379001501947641" lon="103.73012065887451">
        <ele>13.93</ele>
      </trkpt>
      <trkpt lat="1.4379859808832407" lon="103.73037815093994">
        <ele>13.53</ele>
      </trkpt>
      <trkpt lat="1.4380074385553598" lon="103.73046398162842">
        <ele>13.13</ele>
      </trkpt>
      <trkpt lat="1.4380986336618662" lon="103.73074293136597">
        <ele>12.7</ele>
      </trkpt>
      <trkpt lat="1.4381898287683725" lon="103.73102196492255">
        <ele>12.27</ele>
      </trkpt>
      <trkpt lat="1.4382810238748789" lon="103.7313009146601">
        <ele>11.86</ele>
      </trkpt>
      <trkpt lat="1.4383722189813852" lon="103.73157978057861">
        <ele>11.45</ele>
      </trkpt>
      <trkpt lat="1.4384437166154385" lon="103.73180869035423">
        <ele>11.04</ele>
      </trkpt>
      <trkpt lat="1.4385152142494917" lon="103.73203760012984">
        <ele>10.64</ele>
      </trkpt>
      <trkpt lat="1.438586711883545" lon="103.73226642608643">
        <ele>10.24</ele>
      </trkpt>
      <trkpt lat="1.4386010449379683" lon="103.73251696117222">
        <ele>9.79</ele>
      </trkpt>
      <trkpt lat="1.4386153779923916" lon="103.73276749625802">
        <ele>9.31</ele>
      </trkpt>
      <trkpt lat="1.438629711046815" lon="103.7330174446106">
        <ele>8.82</ele>
      </trkpt>
      <trkpt lat="1.438629711046815" lon="103.73308181762695">
        <ele>8.38</ele>
      </trkpt>
      <trkpt lat="1.4386225026100874" lon="103.73334660194814">
        <ele>7.87</ele>
      </trkpt>
      <trkpt lat="1.4386153779923916" lon="103.73361147008836">
        <ele>7.39</ele>
      </trkpt>
      <trkpt lat="1.4386082533746958" lon="103.73387575149536">
        <ele>7.01</ele>
      </trkpt>
      <trkpt lat="1.4386082533746958" lon="103.73413341119885">
        <ele>6.64</ele>
      </trkpt>
      <trkpt lat="1.4386082533746958" lon="103.73439073562622">
        <ele>6.2</ele>
      </trkpt>
      <trkpt lat="1.4386082533746958" lon="103.73464303091168">
        <ele>5.77</ele>
      </trkpt>
      <trkpt lat="1.4386082533746958" lon="103.73489541001618">
        <ele>5.41</ele>
      </trkpt>
      <trkpt lat="1.4386082533746958" lon="103.73514770530164">
        <ele>5.08</ele>
      </trkpt>
      <trkpt lat="1.4386082533746958" lon="103.73539924621582">
        <ele>4.72</ele>
      </trkpt>
      <trkpt lat="1.438586711883545" lon="103.73560317791998">
        <ele>4.41</ele>
      </trkpt>
      <trkpt lat="1.4385653380304575" lon="103.73580694198608">
        <ele>4.18</ele>
      </trkpt>
      <trkpt lat="1.4385653380304575" lon="103.73606443405151">
        <ele>3.96</ele>
      </trkpt>
      <trkpt lat="1.4385653380304575" lon="103.73636484146118">
        <ele>3.7</ele>
      </trkpt>
      <trkpt lat="1.4385653380304575" lon="103.73655796051025">
        <ele>3.44</ele>
      </trkpt>
      <trkpt lat="1.4385653380304575" lon="103.7368263490498">
        <ele>3.2</ele>
      </trkpt>
      <trkpt lat="1.4385653380304575" lon="103.73709440231323">
        <ele>2.98</ele>
      </trkpt>
      <trkpt lat="1.4385867957025766" lon="103.73730906285346">
        <ele>2.77</ele>
      </trkpt>
      <trkpt lat="1.4386082533746958" lon="103.73752355575562">
        <ele>2.6</ele>
      </trkpt>
      <trkpt lat="1.438608169555664" lon="103.73752355575562">
        <ele>2.42</ele>
      </trkpt>
      <trkpt lat="1.4386152941733599" lon="103.73775254935026">
        <ele>2.33</ele>
      </trkpt>
      <trkpt lat="1.4386225026100874" lon="103.73798162676394">
        <ele>2.2</ele>
      </trkpt>
      <trkpt lat="1.438629711046815" lon="103.73821020126343">
        <ele>2.05</ele>
      </trkpt>
      <trkpt lat="1.4386267773807049" lon="103.73852083459496">
        <ele>1.79</ele>
      </trkpt>
      <trkpt lat="1.4386239275336266" lon="103.73883155174553">
        <ele>1.53</ele>
      </trkpt>
      <trkpt lat="1.4386210776865482" lon="103.73914218507707">
        <ele>1.43</ele>
      </trkpt>
      <trkpt lat="1.43861822783947" lon="103.73945290222764">
        <ele>1.35</ele>
      </trkpt>
      <trkpt lat="1.4386153779923916" lon="103.73976353555918">
        <ele>1.29</ele>
      </trkpt>
      <trkpt lat="1.4386125281453133" lon="103.74007425270975">
        <ele>1.24</ele>
      </trkpt>
      <trkpt lat="1.4386095944792032" lon="103.74038496986032">
        <ele>1.21</ele>
      </trkpt>
      <trkpt lat="1.438606744632125" lon="103.74069560319185">
        <ele>1.19</ele>
      </trkpt>
      <trkpt lat="1.4386038947850466" lon="103.74100632034242">
        <ele>1.19</ele>
      </trkpt>
      <trkpt lat="1.4386010449379683" lon="103.74131695367396">
        <ele>1.21</ele>
      </trkpt>
      <trkpt lat="1.43859819509089" lon="103.74162767082453">
        <ele>1.23</ele>
      </trkpt>
      <trkpt lat="1.4385953452438116" lon="103.74193830415606">
        <ele>1.27</ele>
      </trkpt>
      <trkpt lat="1.4385924115777016" lon="103.74224902130663">
        <ele>1.33</ele>
      </trkpt>
      <trkpt lat="1.4385895617306232" lon="103.7425597384572">
        <ele>1.59</ele>
      </trkpt>
      <trkpt lat="1.4385867957025766" lon="103.74286651611328">
        <ele>1.66</ele>
      </trkpt>
      <trkpt lat="1.4385653380304575" lon="103.74290943145752">
        <ele>1.73</ele>
      </trkpt>
      <trkpt lat="1.4384686946868896" lon="103.74312392435968">
        <ele>1.79</ele>
      </trkpt>
      <trkpt lat="1.4383721351623535" lon="103.7433385848999">
        <ele>1.87</ele>
      </trkpt>
      <trkpt lat="1.438232660293579" lon="103.74360663816333">
        <ele>1.95</ele>
      </trkpt>
      <trkpt lat="1.4380931854248047" lon="103.74387502670288">
        <ele>2.06</ele>
      </trkpt>
      <trkpt lat="1.4380932692438364" lon="103.74387502670288">
        <ele>2.18</ele>
      </trkpt>
      <trkpt lat="1.4379752520471811" lon="103.7441055290401">
        <ele>2.31</ele>
      </trkpt>
      <trkpt lat="1.4378573186695576" lon="103.74433603137732">
        <ele>2.39</ele>
      </trkpt>
      <trkpt lat="1.437739385291934" lon="103.74456661753356">
        <ele>2.56</ele>
      </trkpt>
      <trkpt lat="1.4376212004572153" lon="103.744797706604">
        <ele>2.72</ele>
      </trkpt>
      <trkpt lat="1.4375139120966196" lon="103.7450122833252">
        <ele>2.86</ele>
      </trkpt>
      <trkpt lat="1.437406623736024" lon="103.74522669240832">
        <ele>2.99</ele>
      </trkpt>
      <trkpt lat="1.43729941919446" lon="103.74544118531048">
        <ele>3.14</ele>
      </trkpt>
      <trkpt lat="1.4371920470148325" lon="103.74565601348877">
        <ele>3.28</ele>
      </trkpt>
      <trkpt lat="1.4370954874902964" lon="103.74584896489978">
        <ele>3.44</ele>
      </trkpt>
      <trkpt lat="1.4369989279657602" lon="103.74604225158691">
        <ele>3.59</ele>
      </trkpt>
      <trkpt lat="1.4369345549494028" lon="103.74617099761963">
        <ele>3.74</ele>
      </trkpt>
      <trkpt lat="1.4368916396051645" lon="103.74623537063599">
        <ele>3.87</ele>
      </trkpt>
      <trkpt lat="1.4367914758622646" lon="103.74643553048372">
        <ele>4.02</ele>
      </trkpt>
      <trkpt lat="1.4366913959383965" lon="103.74663569033146">
        <ele>4.16</ele>
      </trkpt>
      <trkpt lat="1.4365912321954966" lon="103.74683618545532">
        <ele>4.29</ele>
      </trkpt>
      <trkpt lat="1.4364732149988413" lon="103.74706668779254">
        <ele>4.38</ele>
      </trkpt>
      <trkpt lat="1.4363552816212177" lon="103.74729719012976">
        <ele>4.49</ele>
      </trkpt>
      <trkpt lat="1.4362373482435942" lon="103.747527776286">
        <ele>4.58</ele>
      </trkpt>
      <trkpt lat="1.4361191634088755" lon="103.74775886535645">
        <ele>4.68</ele>
      </trkpt>
      <trkpt lat="1.4360190834850073" lon="103.74795181676745">
        <ele>4.77</ele>
      </trkpt>
      <trkpt lat="1.435919003561139" lon="103.7481448519975">
        <ele>4.83</ele>
      </trkpt>
      <trkpt lat="1.4358187559992075" lon="103.74833822250366">
        <ele>4.91</ele>
      </trkpt>
      <trkpt lat="1.4357436541467905" lon="103.74849907122552">
        <ele>5.01</ele>
      </trkpt>
      <trkpt lat="1.4356685522943735" lon="103.74866008758545">
        <ele>5.12</ele>
      </trkpt>
      <trkpt lat="1.4355291612446308" lon="103.74891732819378">
        <ele>5.21</ele>
      </trkpt>
      <trkpt lat="1.4353896025568247" lon="103.74917507171631">
        <ele>5.31</ele>
      </trkpt>
      <trkpt lat="1.4353466872125864" lon="103.7492823600769">
        <ele>5.39</ele>
      </trkpt>
      <trkpt lat="1.4352393988519907" lon="103.74948604032397">
        <ele>5.49</ele>
      </trkpt>
      <trkpt lat="1.4351320266723633" lon="103.74969005584717">
        <ele>5.59</ele>
      </trkpt>
      <trkpt lat="1.435132110491395" lon="103.74969005584717">
        <ele>5.66</ele>
      </trkpt>
      <trkpt lat="1.4350462798029184" lon="103.74988317489624">
        <ele>5.74</ele>
      </trkpt>
      <trkpt lat="1.4349604491144419" lon="103.75006548129022">
        <ele>5.8</ele>
      </trkpt>
      <trkpt lat="1.4348746184259653" lon="103.75024795532227">
        <ele>5.85</ele>
      </trkpt>
      <trkpt lat="1.434788703918457" lon="103.75047317706048">
        <ele>5.9</ele>
      </trkpt>
      <trkpt lat="1.4347028732299805" lon="103.75069848261774">
        <ele>5.99</ele>
      </trkpt>
      <trkpt lat="1.434617042541504" lon="103.75092378817499">
        <ele>6.07</ele>
      </trkpt>
      <trkpt lat="1.4345312118530273" lon="103.75114917755127">
        <ele>6.1</ele>
      </trkpt>
      <trkpt lat="1.4344667550176382" lon="103.75138529576361">
        <ele>6.14</ele>
      </trkpt>
      <trkpt lat="1.4344023820012808" lon="103.75162141397595">
        <ele>6.16</ele>
      </trkpt>
      <trkpt lat="1.434338092803955" lon="103.7518572807312">
        <ele>6.17</ele>
      </trkpt>
      <trkpt lat="1.4343595504760742" lon="103.75198602676392">
        <ele>6.19</ele>
      </trkpt>
      <trkpt lat="1.4345955848693848" lon="103.75215768814087">
        <ele>6.23</ele>
      </trkpt>
      <trkpt lat="1.4348588604480028" lon="103.75226438976824">
        <ele>6.29</ele>
      </trkpt>
      <trkpt lat="1.4351222198456526" lon="103.75237117521465">
        <ele>6.36</ele>
      </trkpt>
      <trkpt lat="1.435389518737793" lon="103.75247955322266">
        <ele>6.39</ele>
      </trkpt>
      <trkpt lat="1.4355178456753492" lon="103.75259723514318">
        <ele>6.39</ele>
      </trkpt>
      <trkpt lat="1.4356470108032227" lon="103.75271558761597">
        <ele>6.38</ele>
      </trkpt>
      <trkpt lat="1.4356470946222544" lon="103.75271558761597">
        <ele>6.4</ele>
      </trkpt>
      <trkpt lat="1.4358076080679893" lon="103.75289755873382">
        <ele>6.39</ele>
      </trkpt>
      <trkpt lat="1.4359689597040415" lon="103.75308036804199">
        <ele>6.43</ele>
      </trkpt>
      <trkpt lat="1.4360976219177246" lon="103.75323057174683">
        <ele>6.45</ele>
      </trkpt>
      <trkpt lat="1.4360977057367563" lon="103.75323057174683">
        <ele>6.47</ele>
      </trkpt>
      <trkpt lat="1.4362153876572847" lon="103.75335898250341">
        <ele>6.49</ele>
      </trkpt>
      <trkpt lat="1.4363337401300669" lon="103.75348806381226">
        <ele>6.5</ele>
      </trkpt>
      <trkpt lat="1.4363981131464243" lon="103.75355243682861">
        <ele>6.52</ele>
      </trkpt>
      <trkpt lat="1.4365800842642784" lon="103.75376651063561">
        <ele>6.53</ele>
      </trkpt>
      <trkpt lat="1.436762809753418" lon="103.753981590271">
        <ele>6.54</ele>
      </trkpt>
      <trkpt lat="1.4368700981140137" lon="103.75423908233643">
        <ele>6.58</ele>
      </trkpt>
      <trkpt lat="1.4368916396051645" lon="103.75447511672974">
        <ele>6.63</ele>
      </trkpt>
      <trkpt lat="1.4369130972772837" lon="103.75473260879517">
        <ele>6.68</ele>
      </trkpt>
      <trkpt lat="1.436913013458252" lon="103.75475406646729">
        <ele>6.72</ele>
      </trkpt>
      <trkpt lat="1.436934471130371" lon="103.7548828125">
        <ele>6.76</ele>
      </trkpt>
      <trkpt lat="1.4368700981140137" lon="103.7548828125">
        <ele>6.8</ele>
      </trkpt>
      <trkpt lat="1.4366140309721231" lon="103.75492547638714">
        <ele>6.84</ele>
      </trkpt>
      <trkpt lat="1.4363580476492643" lon="103.75496814027429">
        <ele>6.88</ele>
      </trkpt>
      <trkpt lat="1.4360977057367563" lon="103.75501155853271">
        <ele>6.89</ele>
      </trkpt>
      <trkpt lat="1.4360976219177246" lon="103.75501155853271">
        <ele>6.93</ele>
      </trkpt>
      <trkpt lat="1.435798890888691" lon="103.75504709780216">
        <ele>6.97</ele>
      </trkpt>
      <trkpt lat="1.435500243678689" lon="103.75508263707161">
        <ele>6.98</ele>
      </trkpt>
      <trkpt lat="1.4351964835077524" lon="103.75511884689331">
        <ele>7.03</ele>
      </trkpt>
      <trkpt lat="1.4351106528192759" lon="103.75514030456543">
        <ele>7.08</ele>
      </trkpt>
      <trkpt lat="1.4348652306944132" lon="103.75517223961651">
        <ele>7.12</ele>
      </trkpt>
      <trkpt lat="1.4346171263605356" lon="103.75520467758179">
        <ele>7.15</ele>
      </trkpt>
      <trkpt lat="1.4343396853655577" lon="103.75524734146893">
        <ele>7.24</ele>
      </trkpt>
      <trkpt lat="1.4340591430664062" lon="103.75529050827026">
        <ele>7.33</ele>
      </trkpt>
      <trkpt lat="1.4339733123779297" lon="103.75529050827026">
        <ele>7.38</ele>
      </trkpt>
      <trkpt lat="1.4337101206183434" lon="103.75534021295607">
        <ele>7.45</ele>
      </trkpt>
      <trkpt lat="1.4334470126777887" lon="103.75539000146091">
        <ele>7.51</ele>
      </trkpt>
      <trkpt lat="1.4331794623285532" lon="103.7554407119751">
        <ele>7.6</ele>
      </trkpt>
      <trkpt lat="1.4328967407345772" lon="103.75549402087927">
        <ele>7.67</ele>
      </trkpt>
      <trkpt lat="1.4326140191406012" lon="103.75554732978344">
        <ele>7.71</ele>
      </trkpt>
      <trkpt lat="1.4323312975466251" lon="103.75560072250664">
        <ele>7.75</ele>
      </trkpt>
      <trkpt lat="1.4320422057062387" lon="103.75565528869629">
        <ele>7.77</ele>
      </trkpt>
      <trkpt lat="1.43176325596869" lon="103.75571966171265">
        <ele>7.8</ele>
      </trkpt>
      <trkpt lat="1.4315701369196177" lon="103.75574111938477">
        <ele>7.86</ele>
      </trkpt>
      <trkpt lat="1.4315057639032602" lon="103.75576257705688">
        <ele>7.92</ele>
      </trkpt>
      <trkpt lat="1.4314199332147837" lon="103.75576257705688">
        <ele>7.99</ele>
      </trkpt>
      <trkpt lat="1.4311140775680542" lon="103.75582653097808">
        <ele>8.08</ele>
      </trkpt>
      <trkpt lat="1.4308082219213247" lon="103.75589056871831">
        <ele>8.19</ele>
      </trkpt>
      <trkpt lat="1.4304972533136606" lon="103.75595569610596">
        <ele>8.31</ele>
      </trkpt>
      <trkpt lat="1.4302198961377144" lon="103.75598763115704">
        <ele>8.33</ele>
      </trkpt>
      <trkpt lat="1.429939353838563" lon="103.75602006912231">
        <ele>8.32</ele>
      </trkpt>
      <trkpt lat="1.429638946428895" lon="103.75608444213867">
        <ele>8.35</ele>
      </trkpt>
      <trkpt lat="1.4294148981571198" lon="103.75612710602582">
        <ele>8.41</ele>
      </trkpt>
      <trkpt lat="1.429188335314393" lon="103.75617027282715">
        <ele>8.52</ele>
      </trkpt>
      <trkpt lat="1.4291239622980356" lon="103.75619173049927">
        <ele>8.58</ele>
      </trkpt>
      <trkpt lat="1.429123878479004" lon="103.75619173049927">
        <ele>8.63</ele>
      </trkpt>
      <trkpt lat="1.42901667393744" lon="103.75619173049927">
        <ele>8.69</ele>
      </trkpt>
      <trkpt lat="1.428835205733776" lon="103.75623439438641">
        <ele>8.73</ele>
      </trkpt>
      <trkpt lat="1.4286518935114145" lon="103.75627756118774">
        <ele>8.77</ele>
      </trkpt>
      <trkpt lat="1.4286518096923828" lon="103.75627756118774">
        <ele>8.81</ele>
      </trkpt>
      <trkpt lat="1.4283615443855524" lon="103.75633514486253">
        <ele>8.91</ele>
      </trkpt>
      <trkpt lat="1.4280713628977537" lon="103.75639272853732">
        <ele>8.93</ele>
      </trkpt>
      <trkpt lat="1.427781181409955" lon="103.75645031221211">
        <ele>8.96</ele>
      </trkpt>
      <trkpt lat="1.4274909999221563" lon="103.75650797970593">
        <ele>9.01</ele>
      </trkpt>
      <trkpt lat="1.4272008184343576" lon="103.75656556338072">
        <ele>9.06</ele>
      </trkpt>
      <trkpt lat="1.426910636946559" lon="103.7566231470555">
        <ele>9.13</ele>
      </trkpt>
      <trkpt lat="1.4266204554587603" lon="103.75668081454933">
        <ele>9.22</ele>
      </trkpt>
      <trkpt lat="1.4263302739709616" lon="103.75673839822412">
        <ele>9.26</ele>
      </trkpt>
      <trkpt lat="1.4260400924831629" lon="103.7567959818989">
        <ele>9.26</ele>
      </trkpt>
      <trkpt lat="1.4257335662841797" lon="103.75685691833496">
        <ele>9.23</ele>
      </trkpt>
      <trkpt lat="1.425427794456482" lon="103.75689245760441">
        <ele>9.19</ele>
      </trkpt>
      <trkpt lat="1.4251220226287842" lon="103.75692799687386">
        <ele>9.18</ele>
      </trkpt>
      <trkpt lat="1.4248109702020884" lon="103.75696420669556">
        <ele>9.23</ele>
      </trkpt>
      <trkpt lat="1.4248108863830566" lon="103.75696420669556">
        <ele>9.26</ele>
      </trkpt>
      <trkpt lat="1.4246393088251352" lon="103.75698566436768">
        <ele>9.29</ele>
      </trkpt>
      <trkpt lat="1.4244259055703878" lon="103.75701759941876">
        <ele>9.33</ele>
      </trkpt>
      <trkpt lat="1.4242101553827524" lon="103.75705003738403">
        <ele>9.38</ele>
      </trkpt>
      <trkpt lat="1.4241886138916016" lon="103.75707149505615">
        <ele>9.4</ele>
      </trkpt>
      <trkpt lat="1.4240962453186512" lon="103.75708993524313">
        <ele>9.45</ele>
      </trkpt>
      <trkpt lat="1.4239218179136515" lon="103.75712480396032">
        <ele>9.53</ele>
      </trkpt>
      <trkpt lat="1.423652172088623" lon="103.75717878341675">
        <ele>9.64</ele>
      </trkpt>
      <trkpt lat="1.4235877990722656" lon="103.75717878341675">
        <ele>9.69</ele>
      </trkpt>
      <trkpt lat="1.423394763842225" lon="103.7572431564331">
        <ele>9.73</ele>
      </trkpt>
      <trkpt lat="1.4234162215143442" lon="103.75730752944946">
        <ele>9.77</ele>
      </trkpt>
      <trkpt lat="1.423501968383789" lon="103.75752202235162">
        <ele>9.81</ele>
      </trkpt>
      <trkpt lat="1.4235878828912973" lon="103.75773668289185">
        <ele>9.86</ele>
      </trkpt>
      <trkpt lat="1.4236522559076548" lon="103.75788688659668">
        <ele>9.91</ele>
      </trkpt>
      <trkpt lat="1.4237380865961313" lon="103.75816583633423">
        <ele>9.94</ele>
      </trkpt>
      <trkpt lat="1.4238152839243412" lon="103.75845341943204">
        <ele>10.01</ele>
      </trkpt>
      <trkpt lat="1.4238925650715828" lon="103.75874108634889">
        <ele>10.08</ele>
      </trkpt>
      <trkpt lat="1.4239698462188244" lon="103.75902875326574">
        <ele>10.2</ele>
      </trkpt>
      <trkpt lat="1.424047127366066" lon="103.75931633636355">
        <ele>10.24</ele>
      </trkpt>
      <trkpt lat="1.4241243246942759" lon="103.75960350036621">
        <ele>10.28</ele>
      </trkpt>
      <trkpt lat="1.4241886977106333" lon="103.75977516174316">
        <ele>10.37</ele>
      </trkpt>
      <trkpt lat="1.4242530707269907" lon="103.75994682312012">
        <ele>10.51</ele>
      </trkpt>
      <trkpt lat="1.4243602752685547" lon="103.7601827736944">
        <ele>10.66</ele>
      </trkpt>
      <trkpt lat="1.424467647448182" lon="103.76041889190674">
        <ele>10.77</ele>
      </trkpt>
      <trkpt lat="1.424596393480897" lon="103.76059055328369">
        <ele>10.88</ele>
      </trkpt>
      <trkpt lat="1.4247178472578526" lon="103.7607906293124">
        <ele>11.07</ele>
      </trkpt>
      <trkpt lat="1.4248393010348082" lon="103.7609907053411">
        <ele>11.35</ele>
      </trkpt>
      <trkpt lat="1.4249611739069223" lon="103.76119136810303">
        <ele>11.67</ele>
      </trkpt>
      <trkpt lat="1.4250040892511606" lon="103.76125574111938">
        <ele>11.92</ele>
      </trkpt>
      <trkpt lat="1.4251861441880465" lon="103.7615020852536">
        <ele>12.17</ele>
      </trkpt>
      <trkpt lat="1.425368869677186" lon="103.76174926757812">
        <ele>12.35</ele>
      </trkpt>
      <trkpt lat="1.4254547003656626" lon="103.76185655593872">
        <ele>12.62</ele>
      </trkpt>
      <trkpt lat="1.425597444176674" lon="103.76203500665724">
        <ele>12.88</ele>
      </trkpt>
      <trkpt lat="1.425740271806717" lon="103.7622135411948">
        <ele>13.2</ele>
      </trkpt>
      <trkpt lat="1.4258838538080454" lon="103.7623929977417">
        <ele>13.54</ele>
      </trkpt>
      <trkpt lat="1.4259482268244028" lon="103.7625002861023">
        <ele>13.9</ele>
      </trkpt>
      <trkpt lat="1.4261409267783165" lon="103.76274302601814">
        <ele>14.31</ele>
      </trkpt>
      <trkpt lat="1.426333710551262" lon="103.76298576593399">
        <ele>14.77</ele>
      </trkpt>
      <trkpt lat="1.4265275839716196" lon="103.76322984695435">
        <ele>15.27</ele>
      </trkpt>
      <trkpt lat="1.4265918731689453" lon="103.76331567764282">
        <ele>15.74</ele>
      </trkpt>
      <trkpt lat="1.4266133308410645" lon="103.76335859298706">
        <ele>16.19</ele>
      </trkpt>
      <trkpt lat="1.42674895003438" lon="103.76353704370558">
        <ele>16.72</ele>
      </trkpt>
      <trkpt lat="1.4268846530467272" lon="103.76371557824314">
        <ele>17.25</ele>
      </trkpt>
      <trkpt lat="1.4270210266113281" lon="103.76389503479004">
        <ele>17.81</ele>
      </trkpt>
      <trkpt lat="1.4270211104303598" lon="103.76389503479004">
        <ele>18.25</ele>
      </trkpt>
      <trkpt lat="1.427149772644043" lon="103.76406669616699">
        <ele>18.77</ele>
      </trkpt>
      <trkpt lat="1.4271498564630747" lon="103.76406669616699">
        <ele>19.2</ele>
      </trkpt>
      <trkpt lat="1.4272889960557222" lon="103.76423802226782">
        <ele>19.65</ele>
      </trkpt>
      <trkpt lat="1.4274287223815918" lon="103.7644100189209">
        <ele>20.04</ele>
      </trkpt>
      <trkpt lat="1.4275487512350082" lon="103.76464588567615">
        <ele>20.4</ele>
      </trkpt>
      <trkpt lat="1.4276688639074564" lon="103.76488175243139">
        <ele>20.74</ele>
      </trkpt>
      <trkpt lat="1.4277889765799046" lon="103.76511770300567">
        <ele>21.1</ele>
      </trkpt>
      <trkpt lat="1.4279090892523527" lon="103.76535356976092">
        <ele>21.44</ele>
      </trkpt>
      <trkpt lat="1.4280295372009277" lon="103.76559019088745">
        <ele>21.77</ele>
      </trkpt>
      <trkpt lat="1.4281509071588516" lon="103.765768725425">
        <ele>22.05</ele>
      </trkpt>
      <trkpt lat="1.4282723609358072" lon="103.76594734378159">
        <ele>22.29</ele>
      </trkpt>
      <trkpt lat="1.4283943176269531" lon="103.76612663269043">
        <ele>22.48</ele>
      </trkpt>
      <trkpt lat="1.4283944014459848" lon="103.76612663269043">
        <ele>22.65</ele>
      </trkpt>
      <trkpt lat="1.4285016898065805" lon="103.76623392105103">
        <ele>22.79</ele>
      </trkpt>
      <trkpt lat="1.4285874366760254" lon="103.7663197517395">
        <ele>22.91</ele>
      </trkpt>
      <trkpt lat="1.428587520495057" lon="103.7663197517395">
        <ele>22.98</ele>
      </trkpt>
      <trkpt lat="1.428811987861991" lon="103.76650155521929">
        <ele>23.06</ele>
      </trkpt>
      <trkpt lat="1.4290380477905273" lon="103.76668453216553">
        <ele>23.15</ele>
      </trkpt>
      <trkpt lat="1.429038131609559" lon="103.76668453216553">
        <ele>23.11</ele>
      </trkpt>
      <trkpt lat="1.4292464219033718" lon="103.76680732704699">
        <ele>23.09</ele>
      </trkpt>
      <trkpt lat="1.4294547960162163" lon="103.76693020574749">
        <ele>23.02</ele>
      </trkpt>
      <trkpt lat="1.4296631701290607" lon="103.76705308444798">
        <ele>22.8</ele>
      </trkpt>
      <trkpt lat="1.4298749808222055" lon="103.76717805862427">
        <ele>22.57</ele>
      </trkpt>
      <trkpt lat="1.4300530962646008" lon="103.76730630174279">
        <ele>22.34</ele>
      </trkpt>
      <trkpt lat="1.430231211706996" lon="103.76743462868035">
        <ele>22.14</ele>
      </trkpt>
      <trkpt lat="1.4304113388061523" lon="103.76756429672241">
        <ele>21.85</ele>
      </trkpt>
      <trkpt lat="1.4306147675961256" lon="103.76778909936547">
        <ele>21.53</ele>
      </trkpt>
      <trkpt lat="1.4308191183954477" lon="103.76801490783691">
        <ele>21.1</ele>
      </trkpt>
      <trkpt lat="1.4309405721724033" lon="103.76820777542889">
        <ele>20.67</ele>
      </trkpt>
      <trkpt lat="1.431062025949359" lon="103.7684007268399">
        <ele>20.2</ele>
      </trkpt>
      <trkpt lat="1.4311838988214731" lon="103.76859426498413">
        <ele>19.76</ele>
      </trkpt>
      <trkpt lat="1.4312697295099497" lon="103.76870155334473">
        <ele>19.35</ele>
      </trkpt>
      <trkpt lat="1.4313448313623667" lon="103.76891613006592">
        <ele>18.93</ele>
      </trkpt>
      <trkpt lat="1.4314199332147837" lon="103.76913070678711">
        <ele>18.49</ele>
      </trkpt>
      <trkpt lat="1.4314802829176188" lon="103.76940571703017">
        <ele>17.97</ele>
      </trkpt>
      <trkpt lat="1.4315406326204538" lon="103.76968072727323">
        <ele>17.47</ele>
      </trkpt>
      <trkpt lat="1.4316002279520035" lon="103.76995272003114">
        <ele>17.06</ele>
      </trkpt>
      <trkpt lat="1.4316003117710352" lon="103.76995297148824">
        <ele>16.63</ele>
      </trkpt>
      <trkpt lat="1.4316004794090986" lon="103.76995364204049">
        <ele>16.2</ele>
      </trkpt>
      <trkpt lat="1.4316008985042572" lon="103.76995531842113">
        <ele>15.77</ele>
      </trkpt>
      <trkpt lat="1.431613052263856" lon="103.770010471344">
        <ele>15.37</ele>
      </trkpt>
      <trkpt lat="1.43166309222579" lon="103.77031104639173">
        <ele>15.1</ele>
      </trkpt>
      <trkpt lat="1.4317132160067558" lon="103.77061162143946">
        <ele>14.72</ele>
      </trkpt>
      <trkpt lat="1.43176325596869" lon="103.770911693573">
        <ele>14.28</ele>
      </trkpt>
      <trkpt lat="1.4318169001489878" lon="103.7712069042027">
        <ele>13.81</ele>
      </trkpt>
      <trkpt lat="1.4318705443292856" lon="103.7715021148324">
        <ele>13.4</ele>
      </trkpt>
      <trkpt lat="1.4319241885095835" lon="103.7717973254621">
        <ele>13.02</ele>
      </trkpt>
      <trkpt lat="1.4319777488708496" lon="103.77209186553955">
        <ele>12.67</ele>
      </trkpt>
      <trkpt lat="1.4319778326898813" lon="103.77209186553955">
        <ele>12.39</ele>
      </trkpt>
      <trkpt lat="1.4319992903620005" lon="103.77219915390015">
        <ele>12.15</ele>
      </trkpt>
      <trkpt lat="1.4320529345422983" lon="103.77248900011182">
        <ele>12.0</ele>
      </trkpt>
      <trkpt lat="1.4321065787225962" lon="103.77277851104736">
        <ele>11.88</ele>
      </trkpt>
      <trkpt lat="1.4321280363947153" lon="103.7728214263916">
        <ele>11.71</ele>
      </trkpt>
      <trkpt lat="1.4322782400995493" lon="103.77279996871948">
        <ele>11.57</ele>
      </trkpt>
      <trkpt lat="1.4322996977716684" lon="103.77277851104736">
        <ele>11.45</ele>
      </trkpt>
      <trkpt lat="1.4322996139526367" lon="103.77277851104736">
        <ele>11.36</ele>
      </trkpt>
      <trkpt lat="1.4325356483459473" lon="103.77273559570312">
        <ele>11.32</ele>
      </trkpt>
      <trkpt lat="1.4327756222337484" lon="103.77269821241498">
        <ele>11.27</ele>
      </trkpt>
      <trkpt lat="1.4330156799405813" lon="103.77266091294587">
        <ele>11.22</ele>
      </trkpt>
      <trkpt lat="1.4332557376474142" lon="103.77262352965772">
        <ele>11.27</ele>
      </trkpt>
      <trkpt lat="1.4335013274103403" lon="103.77258539199829">
        <ele>11.35</ele>
      </trkpt>
      <trkpt lat="1.4337573107331991" lon="103.77254264429212">
        <ele>11.39</ele>
      </trkpt>
      <trkpt lat="1.4340133778750896" lon="103.77249998040497">
        <ele>11.47</ele>
      </trkpt>
      <trkpt lat="1.4342693611979485" lon="103.77245731651783">
        <ele>11.63</ele>
      </trkpt>
      <trkpt lat="1.434531295672059" lon="103.77241373062134">
        <ele>11.83</ele>
      </trkpt>
      <trkpt lat="1.4347673300653696" lon="103.7723708152771">
        <ele>12.1</ele>
      </trkpt>
      <trkpt lat="1.4350033644586802" lon="103.77232789993286">
        <ele>12.35</ele>
      </trkpt>
      <trkpt lat="1.4350032806396484" lon="103.77232789993286">
        <ele>12.61</ele>
      </trkpt>
      <trkpt lat="1.4352913666516542" lon="103.77225313335657">
        <ele>12.86</ele>
      </trkpt>
      <trkpt lat="1.4355826377868652" lon="103.77217769622803">
        <ele>13.14</ele>
      </trkpt>
      <trkpt lat="1.435828059911728" lon="103.77209228463471">
        <ele>13.51</ele>
      </trkpt>
      <trkpt lat="1.4360761642456055" lon="103.77200603485107">
        <ele>13.87</ele>
      </trkpt>
      <trkpt lat="1.4363112766295671" lon="103.77185641787946">
        <ele>14.24</ele>
      </trkpt>
      <trkpt lat="1.4365463890135288" lon="103.77170680090785">
        <ele>14.64</ele>
      </trkpt>
      <trkpt lat="1.4367815013974905" lon="103.77155718393624">
        <ele>15.07</ele>
      </trkpt>
      <trkpt lat="1.4370203856378794" lon="103.77140522003174">
        <ele>15.54</ele>
      </trkpt>
      <trkpt lat="1.4370633009821177" lon="103.77138376235962">
        <ele>16.02</ele>
      </trkpt>
      <trkpt lat="1.437127673998475" lon="103.77134084701538">
        <ele>16.51</ele>
      </trkpt>
      <trkpt lat="1.43725642003119" lon="103.77123355865479">
        <ele>16.98</ele>
      </trkpt>
      <trkpt lat="1.437385082244873" lon="103.77114772796631">
        <ele>17.48</ele>
      </trkpt>
      <trkpt lat="1.4375344477593899" lon="103.7710943352431">
        <ele>18.03</ele>
      </trkpt>
      <trkpt lat="1.437685489654541" lon="103.77104043960571">
        <ele>18.59</ele>
      </trkpt>
      <trkpt lat="1.4379627630114555" lon="103.77103331498802">
        <ele>19.2</ele>
      </trkpt>
      <trkpt lat="1.4382401201874018" lon="103.77102619037032">
        <ele>19.84</ele>
      </trkpt>
      <trkpt lat="1.4385224226862192" lon="103.7710189819336">
        <ele>20.47</ele>
      </trkpt>
      <trkpt lat="1.438778406009078" lon="103.7710189819336">
        <ele>21.09</ele>
      </trkpt>
      <trkpt lat="1.4390343893319368" lon="103.7710189819336">
        <ele>21.63</ele>
      </trkpt>
      <trkpt lat="1.4392948988825083" lon="103.7710189819336">
        <ele>22.14</ele>
      </trkpt>
      <trkpt lat="1.4392948150634766" lon="103.7710189819336">
        <ele>22.61</ele>
      </trkpt>
      <trkpt lat="1.4395081344991922" lon="103.77100825309753">
        <ele>23.05</ele>
      </trkpt>
      <trkpt lat="1.4397239685058594" lon="103.77099752426147">
        <ele>23.52</ele>
      </trkpt>
      <trkpt lat="1.4398098830133677" lon="103.77099752426147">
        <ele>23.93</ele>
      </trkpt>
      <trkpt lat="1.4398712385445833" lon="103.77099752426147">
        <ele>24.33</ele>
      </trkpt>
      <trkpt lat="1.4398714061826468" lon="103.77099752426147">
        <ele>24.7</ele>
      </trkpt>
      <trkpt lat="1.4398719929158688" lon="103.77099752426147">
        <ele>25.05</ele>
      </trkpt>
      <trkpt lat="1.439874256029725" lon="103.77099752426147">
        <ele>25.37</ele>
      </trkpt>
      <trkpt lat="1.4398741722106934" lon="103.77099752426147">
        <ele>25.67</ele>
      </trkpt>
      <trkpt lat="1.439874256029725" lon="103.77099752426147">
        <ele>25.37</ele>
      </trkpt>
      <trkpt lat="1.440034182742238" lon="103.77099752426147">
        <ele>26.16</ele>
      </trkpt>
      <trkpt lat="1.4401961211115122" lon="103.77099752426147">
        <ele>26.36</ele>
      </trkpt>
      <trkpt lat="1.4404805190861225" lon="103.77098327502608">
        <ele>26.5</ele>
      </trkpt>
      <trkpt lat="1.4407649170607328" lon="103.77096902579069">
        <ele>26.64</ele>
      </trkpt>
      <trkpt lat="1.441054344177246" lon="103.77095460891724">
        <ele>26.87</ele>
      </trkpt>
      <trkpt lat="1.441054344177246" lon="103.7710189819336">
        <ele>27.0</ele>
      </trkpt>
      <trkpt lat="1.4410544279962778" lon="103.77114772796631">
        <ele>27.12</ele>
      </trkpt>
      <trkpt lat="1.4410615526139736" lon="103.7714053876698">
        <ele>27.18</ele>
      </trkpt>
      <trkpt lat="1.4410686772316694" lon="103.77166313119233">
        <ele>27.24</ele>
      </trkpt>
      <trkpt lat="1.4410758018493652" lon="103.7719202041626">
        <ele>27.27</ele>
      </trkpt>
      <trkpt lat="1.441075885668397" lon="103.7719202041626">
        <ele>27.29</ele>
      </trkpt>
      <trkpt lat="1.441075885668397" lon="103.772161770612">
        <ele>27.31</ele>
      </trkpt>
      <trkpt lat="1.441075885668397" lon="103.7724033370614">
        <ele>27.33</ele>
      </trkpt>
      <trkpt lat="1.441075885668397" lon="103.77264498732984">
        <ele>27.31</ele>
      </trkpt>
      <trkpt lat="1.441075885668397" lon="103.77288579940796">
        <ele>27.22</ele>
      </trkpt>
      <trkpt lat="1.4410866145044565" lon="103.77306827344">
        <ele>27.11</ele>
      </trkpt>
      <trkpt lat="1.441097343340516" lon="103.77325057983398">
        <ele>26.99</ele>
      </trkpt>
      <trkpt lat="1.441097343340516" lon="103.7733793258667">
        <ele>26.87</ele>
      </trkpt>
      <trkpt lat="1.4411188010126352" lon="103.77362625673413">
        <ele>26.77</ele>
      </trkpt>
      <trkpt lat="1.4411402586847544" lon="103.77387285232544">
        <ele>26.69</ele>
      </trkpt>
      <trkpt lat="1.44120454788208" lon="103.77411969937384">
        <ele>26.68</ele>
      </trkpt>
      <trkpt lat="1.4412689208984375" lon="103.77436637878418">
        <ele>26.66</ele>
      </trkpt>
      <trkpt lat="1.4413761254400015" lon="103.77455933019519">
        <ele>26.62</ele>
      </trkpt>
      <trkpt lat="1.4414835814386606" lon="103.77475261688232">
        <ele>26.56</ele>
      </trkpt>
      <trkpt lat="1.4416655525565147" lon="103.77496669068933">
        <ele>26.51</ele>
      </trkpt>
      <trkpt lat="1.441848361864686" lon="103.7751817703247">
        <ele>26.42</ele>
      </trkpt>
      <trkpt lat="1.4418912772089243" lon="103.77524614334106">
        <ele>26.34</ele>
      </trkpt>
      <trkpt lat="1.441848361864686" lon="103.7752890586853">
        <ele>26.26</ele>
      </trkpt>
      <trkpt lat="1.4418641198426485" lon="103.77532074227929">
        <ele>26.2</ele>
      </trkpt>
      <trkpt lat="1.4418642036616802" lon="103.77532090991735">
        <ele>26.15</ele>
      </trkpt>
      <trkpt lat="1.441864538937807" lon="103.77532158046961">
        <ele>26.1</ele>
      </trkpt>
      <trkpt lat="1.441865460947156" lon="103.7753234244883">
        <ele>26.06</ele>
      </trkpt>
      <trkpt lat="1.441848361864686" lon="103.7752890586853">
        <ele>26.26</ele>
      </trkpt>
      <trkpt lat="1.4418912772089243" lon="103.77524614334106">
        <ele>26.34</ele>
      </trkpt>
      <trkpt lat="1.4419984817504883" lon="103.77516031265259">
        <ele>26.02</ele>
      </trkpt>
      <trkpt lat="1.4420843962579966" lon="103.77509593963623">
        <ele>26.03</ele>
      </trkpt>
      <trkpt lat="1.4422408863902092" lon="103.77498630434275">
        <ele>26.03</ele>
      </trkpt>
      <trkpt lat="1.442298972979188" lon="103.7749457359314">
        <ele>26.01</ele>
      </trkpt>
      <trkpt lat="1.4424699638038874" lon="103.77481740899384">
        <ele>25.93</ele>
      </trkpt>
      <trkpt lat="1.4426410384476185" lon="103.77468908205628">
        <ele>25.94</ele>
      </trkpt>
      <trkpt lat="1.4428139571100473" lon="103.77455949783325">
        <ele>25.91</ele>
      </trkpt>
      <trkpt lat="1.4430064894258976" lon="103.77438825555146">
        <ele>25.87</ele>
      </trkpt>
      <trkpt lat="1.4432001952081919" lon="103.77421617507935">
        <ele>25.85</ele>
      </trkpt>
      <trkpt lat="1.4433072321116924" lon="103.77406613901258">
        <ele>25.83</ele>
      </trkpt>
      <trkpt lat="1.4434146881103516" lon="103.77391576766968">
        <ele>25.79</ele>
      </trkpt>
      <trkpt lat="1.4435290172696114" lon="103.77367260865867">
        <ele>25.66</ele>
      </trkpt>
      <trkpt lat="1.4436434302479029" lon="103.7734295334667">
        <ele>25.47</ele>
      </trkpt>
      <trkpt lat="1.4437580108642578" lon="103.77318620681763">
        <ele>25.31</ele>
      </trkpt>
      <trkpt lat="1.4439186081290245" lon="103.77300415188074">
        <ele>25.3</ele>
      </trkpt>
      <trkpt lat="1.4440799597650766" lon="103.7728214263916">
        <ele>25.24</ele>
      </trkpt>
      <trkpt lat="1.4442516211420298" lon="103.772714138031">
        <ele>25.14</ele>
      </trkpt>
      <trkpt lat="1.4444863144308329" lon="103.77265010029078">
        <ele>24.99</ele>
      </trkpt>
      <trkpt lat="1.4447236899286509" lon="103.77258539199829">
        <ele>24.88</ele>
      </trkpt>
      <trkpt lat="1.4447236061096191" lon="103.77258539199829">
        <ele>24.76</ele>
      </trkpt>
      <trkpt lat="1.4449049066752195" lon="103.77258530817926">
        <ele>24.72</ele>
      </trkpt>
      <trkpt lat="1.4450884703546762" lon="103.77258539199829">
        <ele>24.6</ele>
      </trkpt>
      <trkpt lat="1.4453657437115908" lon="103.77259603701532">
        <ele>24.39</ele>
      </trkpt>
      <trkpt lat="1.445646369829774" lon="103.77260684967041">
        <ele>24.17</ele>
      </trkpt>
      <trkpt lat="1.445667827501893" lon="103.77260684967041">
        <ele>24.01</ele>
      </trkpt>
      <trkpt lat="1.4457321166992188" lon="103.77241373062134">
        <ele>23.8</ele>
      </trkpt>
      <trkpt lat="1.4457643032073975" lon="103.77224190160632">
        <ele>23.56</ele>
      </trkpt>
      <trkpt lat="1.4457964897155762" lon="103.77207040786743">
        <ele>23.35</ele>
      </trkpt>
      <trkpt lat="1.4459249842911959" lon="103.77189899794757">
        <ele>23.23</ele>
      </trkpt>
      <trkpt lat="1.4460539817810059" lon="103.77172708511353">
        <ele>23.09</ele>
      </trkpt>
      <trkpt lat="1.4460540656000376" lon="103.77172708511353">
        <ele>22.91</ele>
      </trkpt>
      <trkpt lat="1.4461398962885141" lon="103.77164125442505">
        <ele>22.72</ele>
      </trkpt>
      <trkpt lat="1.4463330153375864" lon="103.77140522003174">
        <ele>22.51</ele>
      </trkpt>
      <trkpt lat="1.4465045928955078" lon="103.7712550163269">
        <ele>22.34</ele>
      </trkpt>
      <trkpt lat="1.446676254272461" lon="103.77123355865479">
        <ele>22.15</ele>
      </trkpt>
      <trkpt lat="1.4468614105135202" lon="103.77134746871889">
        <ele>22.0</ele>
      </trkpt>
      <trkpt lat="1.4470466505736113" lon="103.77146146260202">
        <ele>21.84</ele>
      </trkpt>
      <trkpt lat="1.4472341537475586" lon="103.77157688140869">
        <ele>21.7</ele>
      </trkpt>
      <trkpt lat="1.4473844412714243" lon="103.77159833908081">
        <ele>21.44</ele>
      </trkpt>
      <trkpt lat="1.4475560188293457" lon="103.77151250839233">
        <ele>21.09</ele>
      </trkpt>
      <trkpt lat="1.4476203918457031" lon="103.77131938934326">
        <ele>20.64</ele>
      </trkpt>
      <trkpt lat="1.4476429391652346" lon="103.77114831469953">
        <ele>20.23</ele>
      </trkpt>
      <trkpt lat="1.4476430229842663" lon="103.77114806324244">
        <ele>19.95</ele>
      </trkpt>
      <trkpt lat="1.4476431906223297" lon="103.77114739269018">
        <ele>19.67</ele>
      </trkpt>
      <trkpt lat="1.4476435258984566" lon="103.77114554867148">
        <ele>19.39</ele>
      </trkpt>
      <trkpt lat="1.4476633071899414" lon="103.77099752426147">
        <ele>18.97</ele>
      </trkpt>
      <trkpt lat="1.447813594713807" lon="103.77106189727783">
        <ele>18.71</ele>
      </trkpt>
      <trkpt lat="1.4480066299438477" lon="103.77112627029419">
        <ele>18.4</ele>
      </trkpt>
      <trkpt lat="1.4481568336486816" lon="103.7712550163269">
        <ele>18.21</ele>
      </trkpt>
      <trkpt lat="1.4481782913208008" lon="103.77129793167114">
        <ele>17.97</ele>
      </trkpt>
      <trkpt lat="1.4484237972646952" lon="103.77140463329852">
        <ele>17.73</ele>
      </trkpt>
      <trkpt lat="1.448671817779541" lon="103.77151250839233">
        <ele>17.41</ele>
      </trkpt>
      <trkpt lat="1.4487576484680176" lon="103.77155542373657">
        <ele>17.1</ele>
      </trkpt>
      <trkpt lat="1.4487577322870493" lon="103.77155542373657">
        <ele>16.81</ele>
      </trkpt>
      <trkpt lat="1.448936015367508" lon="103.77173370681703">
        <ele>16.65</ele>
      </trkpt>
      <trkpt lat="1.4491143822669983" lon="103.77191207371652">
        <ele>16.36</ele>
      </trkpt>
      <trkpt lat="1.449294090270996" lon="103.77209186553955">
        <ele>15.98</ele>
      </trkpt>
      <trkpt lat="1.4494439586997032" lon="103.77227744087577">
        <ele>15.58</ele>
      </trkpt>
      <trkpt lat="1.449593910947442" lon="103.77246310003102">
        <ele>15.37</ele>
      </trkpt>
      <trkpt lat="1.449744701385498" lon="103.77264976501465">
        <ele>15.12</ele>
      </trkpt>
      <trkpt lat="1.4498733635991812" lon="103.7729250267148">
        <ele>14.76</ele>
      </trkpt>
      <trkpt lat="1.4500020258128643" lon="103.77320028841496">
        <ele>14.36</ele>
      </trkpt>
      <trkpt lat="1.4501307718455791" lon="103.77347555011511">
        <ele>14.13</ele>
      </trkpt>
      <trkpt lat="1.4502594340592623" lon="103.77375081181526">
        <ele>14.03</ele>
      </trkpt>
      <trkpt lat="1.4503881800919771" lon="103.77402607351542">
        <ele>13.7</ele>
      </trkpt>
      <trkpt lat="1.450517177581787" lon="103.77430200576782">
        <ele>13.3</ele>
      </trkpt>
      <trkpt lat="1.4506101328879595" lon="103.7745952885598">
        <ele>12.98</ele>
      </trkpt>
      <trkpt lat="1.4507031720131636" lon="103.77488857135177">
        <ele>12.72</ele>
      </trkpt>
      <trkpt lat="1.450796127319336" lon="103.7751817703247">
        <ele>12.48</ele>
      </trkpt>
      <trkpt lat="1.4508605003356934" lon="103.7754822615534">
        <ele>12.22</ele>
      </trkpt>
      <trkpt lat="1.4509248733520508" lon="103.77578283660114">
        <ele>12.04</ele>
      </trkpt>
      <trkpt lat="1.4509892463684082" lon="103.77608299255371">
        <ele>11.78</ele>
      </trkpt>
      <trkpt lat="1.4510250370949507" lon="103.77639077603817">
        <ele>11.65</ele>
      </trkpt>
      <trkpt lat="1.4510608278214931" lon="103.77669855952263">
        <ele>11.54</ele>
      </trkpt>
      <trkpt lat="1.4510966185480356" lon="103.77700567245483">
        <ele>11.33</ele>
      </trkpt>
      <trkpt lat="1.4511394500732422" lon="103.77715587615967">
        <ele>11.15</ele>
      </trkpt>
      <trkpt lat="1.451139533892274" lon="103.77715587615967">
        <ele>11.02</ele>
      </trkpt>
      <trkpt lat="1.4511931780725718" lon="103.77732753753662">
        <ele>10.86</ele>
      </trkpt>
      <trkpt lat="1.4512468222528696" lon="103.77749919891357">
        <ele>10.72</ele>
      </trkpt>
      <trkpt lat="1.4513326529413462" lon="103.77778896130621">
        <ele>10.57</ele>
      </trkpt>
      <trkpt lat="1.4514184836298227" lon="103.77807855606079">
        <ele>10.53</ele>
      </trkpt>
      <trkpt lat="1.4514506701380014" lon="103.77825030125678">
        <ele>10.51</ele>
      </trkpt>
      <trkpt lat="1.4514828566461802" lon="103.7784218788147">
        <ele>10.51</ele>
      </trkpt>
      <trkpt lat="1.4515257719904184" lon="103.77859354019165">
        <ele>10.51</ele>
      </trkpt>
      <trkpt lat="1.4515472296625376" lon="103.77878674305975">
        <ele>10.55</ele>
      </trkpt>
      <trkpt lat="1.4515686873346567" lon="103.7789797782898">
        <ele>10.57</ele>
      </trkpt>
      <trkpt lat="1.4515901450067759" lon="103.77904415130615">
        <ele>10.63</ele>
      </trkpt>
      <trkpt lat="1.4515900611877441" lon="103.77910852432251">
        <ele>10.72</ele>
      </trkpt>
      <trkpt lat="1.4513111114501953" lon="103.77915143966675">
        <ele>11.0</ele>
      </trkpt>
      <trkpt lat="1.4512468222528696" lon="103.77925872802734">
        <ele>11.18</ele>
      </trkpt>
      <trkpt lat="1.4512253645807505" lon="103.77938747406006">
        <ele>11.38</ele>
      </trkpt>
      <trkpt lat="1.4513325691223145" lon="103.77964488230646">
        <ele>11.53</ele>
      </trkpt>
      <trkpt lat="1.4514398574829102" lon="103.77990245819092">
        <ele>11.72</ele>
      </trkpt>
      <trkpt lat="1.4514898974448442" lon="103.78012424334884">
        <ele>11.89</ele>
      </trkpt>
      <trkpt lat="1.45154002122581" lon="103.78034611232579">
        <ele>12.07</ele>
      </trkpt>
      <trkpt lat="1.4515901450067759" lon="103.78056764602661">
        <ele>12.3</ele>
      </trkpt>
      <trkpt lat="1.4515793323516846" lon="103.7808253057301">
        <ele>12.57</ele>
      </trkpt>
      <trkpt lat="1.4515686873346567" lon="103.78108263015747">
        <ele>12.87</ele>
      </trkpt>
      <trkpt lat="1.4515364170074463" lon="103.78126510418952">
        <ele>13.16</ele>
      </trkpt>
      <trkpt lat="1.4515043143182993" lon="103.7814474105835">
        <ele>13.47</ele>
      </trkpt>
      <trkpt lat="1.4514505863189697" lon="103.78171571530402">
        <ele>13.76</ele>
      </trkpt>
      <trkpt lat="1.4513970259577036" lon="103.78198385238647">
        <ele>13.98</ele>
      </trkpt>
      <trkpt lat="1.4513540267944336" lon="103.78215551376343">
        <ele>14.27</ele>
      </trkpt>
      <trkpt lat="1.451311195269227" lon="103.78232717514038">
        <ele>14.6</ele>
      </trkpt>
      <trkpt lat="1.4512574672698975" lon="103.78252029418945">
        <ele>14.98</ele>
      </trkpt>
      <trkpt lat="1.4512039069086313" lon="103.78271341323853">
        <ele>15.34</ele>
      </trkpt>
      <trkpt lat="1.4512038230895996" lon="103.78271341323853">
        <ele>15.66</ele>
      </trkpt>
      <trkpt lat="1.4511393662542105" lon="103.78293871879578">
        <ele>16.02</ele>
      </trkpt>
      <trkpt lat="1.4510750770568848" lon="103.78316402435303">
        <ele>16.39</ele>
      </trkpt>
      <trkpt lat="1.4510537032037973" lon="103.78344297409058">
        <ele>16.67</ele>
      </trkpt>
      <trkpt lat="1.4510321617126465" lon="103.78373818472028">
        <ele>16.95</ele>
      </trkpt>
      <trkpt lat="1.4510107040405273" lon="103.78403347916901">
        <ele>17.25</ele>
      </trkpt>
      <trkpt lat="1.4509892463684082" lon="103.78432877361774">
        <ele>17.58</ele>
      </trkpt>
      <trkpt lat="1.4509678725153208" lon="103.78462314605713">
        <ele>17.85</ele>
      </trkpt>
      <trkpt lat="1.4509892463684082" lon="103.78490226343274">
        <ele>18.08</ele>
      </trkpt>
      <trkpt lat="1.4510107040405273" lon="103.78518146462739">
        <ele>18.38</ele>
      </trkpt>
      <trkpt lat="1.4510321617126465" lon="103.78545999526978">
        <ele>18.77</ele>
      </trkpt>
      <trkpt lat="1.451096534729004" lon="103.78573047928512">
        <ele>19.04</ele>
      </trkpt>
      <trkpt lat="1.451160991564393" lon="103.78600096330047">
        <ele>19.29</ele>
      </trkpt>
      <trkpt lat="1.4512253645807505" lon="103.78627144731581">
        <ele>19.5</ele>
      </trkpt>
      <trkpt lat="1.4512898214161396" lon="103.78654193133116">
        <ele>19.68</ele>
      </trkpt>
      <trkpt lat="1.4513541106134653" lon="103.78681182861328">
        <ele>19.93</ele>
      </trkpt>
      <trkpt lat="1.4514184836298227" lon="103.78704786300659">
        <ele>20.18</ele>
      </trkpt>
      <trkpt lat="1.4514828566461802" lon="103.78732681274414">
        <ele>20.44</ele>
      </trkpt>
      <trkpt lat="1.4514827728271484" lon="103.78732681274414">
        <ele>20.66</ele>
      </trkpt>
      <trkpt lat="1.4515364170074463" lon="103.7875843886286">
        <ele>20.9</ele>
      </trkpt>
      <trkpt lat="1.4515901450067759" lon="103.787841796875">
        <ele>21.18</ele>
      </trkpt>
      <trkpt lat="1.4516502432525158" lon="103.78810364753008">
        <ele>21.43</ele>
      </trkpt>
      <trkpt lat="1.4517103414982557" lon="103.78836558200419">
        <ele>21.65</ele>
      </trkpt>
      <trkpt lat="1.4517704397439957" lon="103.7886275164783">
        <ele>21.83</ele>
      </trkpt>
      <trkpt lat="1.4518305379897356" lon="103.78888945095241">
        <ele>22.02</ele>
      </trkpt>
      <trkpt lat="1.4518905524164438" lon="103.78915071487427">
        <ele>22.19</ele>
      </trkpt>
      <trkpt lat="1.4519549254328012" lon="103.78942974843085">
        <ele>22.3</ele>
      </trkpt>
      <trkpt lat="1.4520192984491587" lon="103.78970861434937">
        <ele>22.34</ele>
      </trkpt>
      <trkpt lat="1.4520407561212778" lon="103.78981590270996">
        <ele>22.43</ele>
      </trkpt>
      <trkpt lat="1.452083671465516" lon="103.79003056325018">
        <ele>22.53</ele>
      </trkpt>
      <trkpt lat="1.4521265868097544" lon="103.79024505615234">
        <ele>22.64</ele>
      </trkpt>
      <trkpt lat="1.4521480444818735" lon="103.79028797149658">
        <ele>22.73</ele>
      </trkpt>
      <trkpt lat="1.4521695021539927" lon="103.79039525985718">
        <ele>22.81</ele>
      </trkpt>
      <trkpt lat="1.4521909598261118" lon="103.79045963287354">
        <ele>22.9</ele>
      </trkpt>
      <trkpt lat="1.45223387517035" lon="103.79063129425049">
        <ele>22.98</ele>
      </trkpt>
      <trkpt lat="1.4522767905145884" lon="103.79080295562744">
        <ele>23.12</ele>
      </trkpt>
      <trkpt lat="1.4522767066955566" lon="103.79080295562744">
        <ele>23.18</ele>
      </trkpt>
      <trkpt lat="1.4523464441299438" lon="103.79109271802008">
        <ele>23.26</ele>
      </trkpt>
      <trkpt lat="1.452416181564331" lon="103.79138256423175">
        <ele>23.21</ele>
      </trkpt>
      <trkpt lat="1.45248600281775" lon="103.7916723266244">
        <ele>23.14</ele>
      </trkpt>
      <trkpt lat="1.4525556564331055" lon="103.79196166992188">
        <ele>23.23</ele>
      </trkpt>
      <trkpt lat="1.4526342786848545" lon="103.79219057969749">
        <ele>23.34</ele>
      </trkpt>
      <trkpt lat="1.4527129847556353" lon="103.7924194894731">
        <ele>23.41</ele>
      </trkpt>
      <trkpt lat="1.452791690826416" lon="103.79264831542969">
        <ele>23.4</ele>
      </trkpt>
      <trkpt lat="1.4528846461325884" lon="103.79288426600397">
        <ele>23.35</ele>
      </trkpt>
      <trkpt lat="1.4529776014387608" lon="103.79312030039728">
        <ele>23.33</ele>
      </trkpt>
      <trkpt lat="1.4530706405639648" lon="103.79335641860962">
        <ele>23.38</ele>
      </trkpt>
      <trkpt lat="1.4532121270895004" lon="103.7936180178076">
        <ele>23.44</ele>
      </trkpt>
      <trkpt lat="1.453353613615036" lon="103.79387961700559">
        <ele>23.38</ele>
      </trkpt>
      <trkpt lat="1.4534951839596033" lon="103.79414121620357">
        <ele>23.18</ele>
      </trkpt>
      <trkpt lat="1.453636670485139" lon="103.79440281540155">
        <ele>23.03</ele>
      </trkpt>
      <trkpt lat="1.4537787437438965" lon="103.79466533660889">
        <ele>22.98</ele>
      </trkpt>
      <trkpt lat="1.453928779810667" lon="103.79490103572607">
        <ele>22.9</ele>
      </trkpt>
      <trkpt lat="1.4540788158774376" lon="103.79513681866229">
        <ele>22.72</ele>
      </trkpt>
      <trkpt lat="1.4542294386774302" lon="103.79537343978882">
        <ele>22.61</ele>
      </trkpt>
      <trkpt lat="1.4542293548583984" lon="103.79537343978882">
        <ele>22.47</ele>
      </trkpt>
      <trkpt lat="1.4543865155428648" lon="103.79562347196043">
        <ele>22.3</ele>
      </trkpt>
      <trkpt lat="1.4545437600463629" lon="103.79587358795106">
        <ele>22.04</ele>
      </trkpt>
      <trkpt lat="1.4547015074640512" lon="103.79612445831299">
        <ele>21.79</ele>
      </trkpt>
      <trkpt lat="1.454819357022643" lon="103.79632805474102">
        <ele>21.68</ele>
      </trkpt>
      <trkpt lat="1.4549375418573618" lon="103.79653215408325">
        <ele>21.62</ele>
      </trkpt>
      <trkpt lat="1.4550877455621958" lon="103.79672527313232">
        <ele>21.52</ele>
      </trkpt>
      <trkpt lat="1.4552449062466621" lon="103.79697530530393">
        <ele>21.31</ele>
      </trkpt>
      <trkpt lat="1.4554020669311285" lon="103.79722542129457">
        <ele>21.05</ele>
      </trkpt>
      <trkpt lat="1.4555598143488169" lon="103.7974762916565">
        <ele>20.75</ele>
      </trkpt>
      <trkpt lat="1.4556027296930552" lon="103.79756212234497">
        <ele>20.49</ele>
      </trkpt>
      <trkpt lat="1.4557313080877066" lon="103.79779254086316">
        <ele>20.12</ele>
      </trkpt>
      <trkpt lat="1.4558599703013897" lon="103.79802304320037">
        <ele>19.79</ele>
      </trkpt>
      <trkpt lat="1.4559886325150728" lon="103.79825354553759">
        <ele>19.56</ele>
      </trkpt>
      <trkpt lat="1.4561177138239145" lon="103.7984848022461">
        <ele>19.38</ele>
      </trkpt>
      <trkpt lat="1.4561176300048828" lon="103.7984848022461">
        <ele>19.12</ele>
      </trkpt>
      <trkpt lat="1.4562077354639769" lon="103.7987380195409">
        <ele>18.93</ele>
      </trkpt>
      <trkpt lat="1.456297840923071" lon="103.79899123683572">
        <ele>18.63</ele>
      </trkpt>
      <trkpt lat="1.4563880302011967" lon="103.79924445413053">
        <ele>18.31</ele>
      </trkpt>
      <trkpt lat="1.4564781356602907" lon="103.79949767142534">
        <ele>17.97</ele>
      </trkpt>
      <trkpt lat="1.4565683249384165" lon="103.79975080490112">
        <ele>17.62</ele>
      </trkpt>
      <trkpt lat="1.4565682411193848" lon="103.79975080490112">
        <ele>17.34</ele>
      </trkpt>
      <trkpt lat="1.4565897826105356" lon="103.79990100860596">
        <ele>17.05</ele>
      </trkpt>
      <trkpt lat="1.456654155626893" lon="103.80012631416321">
        <ele>16.76</ele>
      </trkpt>
      <trkpt lat="1.4567185286432505" lon="103.80035161972046">
        <ele>16.58</ele>
      </trkpt>
      <trkpt lat="1.4567399863153696" lon="103.80041599273682">
        <ele>16.29</ele>
      </trkpt>
      <trkpt lat="1.456761360168457" lon="103.80052328109741">
        <ele>16.0</ele>
      </trkpt>
      <trkpt lat="1.4565683249384165" lon="103.80056619644165">
        <ele>15.76</ele>
      </trkpt>
      <trkpt lat="1.4566112402826548" lon="103.8007378578186">
        <ele>15.46</ele>
      </trkpt>
      <trkpt lat="1.456654155626893" lon="103.80090951919556">
        <ele>15.18</ele>
      </trkpt>
      <trkpt lat="1.4566970709711313" lon="103.80108118057251">
        <ele>14.89</ele>
      </trkpt>
      <trkpt lat="1.4568042755126953" lon="103.80129558965564">
        <ele>14.56</ele>
      </trkpt>
      <trkpt lat="1.4569116476923227" lon="103.80151033401489">
        <ele>14.24</ele>
      </trkpt>
      <trkpt lat="1.4570509549230337" lon="103.80175684578717">
        <ele>13.96</ele>
      </trkpt>
      <trkpt lat="1.4571905136108398" lon="103.80200386047363">
        <ele>13.66</ele>
      </trkpt>
      <trkpt lat="1.4573475904762745" lon="103.80221089348197">
        <ele>13.34</ele>
      </trkpt>
      <trkpt lat="1.4575046673417091" lon="103.80241801030934">
        <ele>13.04</ele>
      </trkpt>
      <trkpt lat="1.457662582397461" lon="103.80262613296509">
        <ele>12.78</ele>
      </trkpt>
      <trkpt lat="1.4577696193009615" lon="103.80276535637677">
        <ele>12.49</ele>
      </trkpt>
      <trkpt lat="1.4578771591186523" lon="103.80290508270264">
        <ele>12.24</ele>
      </trkpt>
      <trkpt lat="1.4580625668168068" lon="103.80306903272867">
        <ele>12.02</ele>
      </trkpt>
      <trkpt lat="1.4582479745149612" lon="103.80323306657374">
        <ele>11.76</ele>
      </trkpt>
      <trkpt lat="1.45843505859375" lon="103.80339860916138">
        <ele>11.5</ele>
      </trkpt>
      <trkpt lat="1.4584351424127817" lon="103.80339860916138">
        <ele>11.25</ele>
      </trkpt>
      <trkpt lat="1.458644773811102" lon="103.8035997748375">
        <ele>10.98</ele>
      </trkpt>
      <trkpt lat="1.4588544890284538" lon="103.80380094051361">
        <ele>10.74</ele>
      </trkpt>
      <trkpt lat="1.4590642042458057" lon="103.80400210618973">
        <ele>10.5</ele>
      </trkpt>
      <trkpt lat="1.4592739194631577" lon="103.80420327186584">
        <ele>10.33</ele>
      </trkpt>
      <trkpt lat="1.459486484527588" lon="103.80440711975098">
        <ele>10.18</ele>
      </trkpt>
      <trkpt lat="1.459668455645442" lon="103.80462119355798">
        <ele>9.92</ele>
      </trkpt>
      <trkpt lat="1.4598512649536133" lon="103.80483627319336">
        <ele>9.58</ele>
      </trkpt>
      <trkpt lat="1.4600229263305664" lon="103.80507230758667">
        <ele>9.26</ele>
      </trkpt>
      <trkpt lat="1.4600230101495981" lon="103.80507230758667">
        <ele>9.06</ele>
      </trkpt>
      <trkpt lat="1.4600873831659555" lon="103.80515813827515">
        <ele>8.85</ele>
      </trkpt>
      <trkpt lat="1.460151756182313" lon="103.80528688430786">
        <ele>8.65</ele>
      </trkpt>
      <trkpt lat="1.460291063413024" lon="103.80553339608014">
        <ele>8.49</ele>
      </trkpt>
      <trkpt lat="1.4604307059198618" lon="103.8057804107666">
        <ele>8.35</ele>
      </trkpt>
      <trkpt lat="1.4605379942804575" lon="103.8059949874878">
        <ele>8.22</ele>
      </trkpt>
      <trkpt lat="1.4606452826410532" lon="103.80618810653687">
        <ele>8.11</ele>
      </trkpt>
      <trkpt lat="1.460759611800313" lon="103.80640251562">
        <ele>8.06</ele>
      </trkpt>
      <trkpt lat="1.4608739409595728" lon="103.80661692470312">
        <ele>7.99</ele>
      </trkpt>
      <trkpt lat="1.4609886053949594" lon="103.80683183670044">
        <ele>7.88</ele>
      </trkpt>
      <trkpt lat="1.4610958099365234" lon="103.80705697461963">
        <ele>7.78</ele>
      </trkpt>
      <trkpt lat="1.4612031821161509" lon="103.80728244781494">
        <ele>7.62</ele>
      </trkpt>
      <trkpt lat="1.4613425731658936" lon="103.80756122991443">
        <ele>7.51</ele>
      </trkpt>
      <trkpt lat="1.4614819642156363" lon="103.80784001201391">
        <ele>7.51</ele>
      </trkpt>
      <trkpt lat="1.461621355265379" lon="103.80811887793243">
        <ele>7.45</ele>
      </trkpt>
      <trkpt lat="1.4617607463151217" lon="103.80839766003191">
        <ele>7.48</ele>
      </trkpt>
      <trkpt lat="1.4619001373648643" lon="103.8086764421314">
        <ele>7.51</ele>
      </trkpt>
      <trkpt lat="1.4620400313287973" lon="103.80895614624023">
        <ele>7.58</ele>
      </trkpt>
      <trkpt lat="1.4621687773615122" lon="103.80919218063354">
        <ele>7.66</ele>
      </trkpt>
      <trkpt lat="1.462297523394227" lon="103.80942821502686">
        <ele>7.67</ele>
      </trkpt>
      <trkpt lat="1.4623189810663462" lon="103.80951404571533">
        <ele>7.7</ele>
      </trkpt>
      <trkpt lat="1.4623833540827036" lon="103.80964279174805">
        <ele>7.71</ele>
      </trkpt>
      <trkpt lat="1.4624262694269419" lon="103.80972862243652">
        <ele>7.75</ele>
      </trkpt>
      <trkpt lat="1.462447727099061" lon="103.80975008010864">
        <ele>7.84</ele>
      </trkpt>
      <trkpt lat="1.4625763893127441" lon="103.81002902984619">
        <ele>8.01</ele>
      </trkpt>
      <trkpt lat="1.4625764731317759" lon="103.81002902984619">
        <ele>8.13</ele>
      </trkpt>
      <trkpt lat="1.4626729488372803" lon="103.81021125242114">
        <ele>8.33</ele>
      </trkpt>
      <trkpt lat="1.4627695921808481" lon="103.81039381027222">
        <ele>8.54</ele>
      </trkpt>
      <trkpt lat="1.4627910498529673" lon="103.81045818328857">
        <ele>8.67</ele>
      </trkpt>
      <trkpt lat="1.462876796722412" lon="103.81065121851861">
        <ele>8.8</ele>
      </trkpt>
      <trkpt lat="1.4629626274108887" lon="103.81084442138672">
        <ele>8.94</ele>
      </trkpt>
      <trkpt lat="1.4629627112299204" lon="103.81084442138672">
        <ele>9.09</ele>
      </trkpt>
      <trkpt lat="1.4630752801895142" lon="103.8110695593059">
        <ele>9.24</ele>
      </trkpt>
      <trkpt lat="1.463187849149108" lon="103.81129478104413">
        <ele>9.38</ele>
      </trkpt>
      <trkpt lat="1.4633004181087017" lon="103.81151991896331">
        <ele>9.5</ele>
      </trkpt>
      <trkpt lat="1.4634133223444223" lon="103.81174564361572">
        <ele>9.71</ele>
      </trkpt>
      <trkpt lat="1.4634883403778076" lon="103.81191722117364">
        <ele>9.9</ele>
      </trkpt>
      <trkpt lat="1.4635635260492563" lon="103.81208896636963">
        <ele>10.04</ele>
      </trkpt>
      <trkpt lat="1.4636064413934946" lon="103.81219625473022">
        <ele>10.16</ele>
      </trkpt>
      <trkpt lat="1.4636493567377329" lon="103.8122820854187">
        <ele>10.28</ele>
      </trkpt>
      <trkpt lat="1.463699396699667" lon="103.8124895375222">
        <ele>10.42</ele>
      </trkpt>
      <trkpt lat="1.463749436661601" lon="103.81269707344472">
        <ele>10.54</ele>
      </trkpt>
      <trkpt lat="1.4637994766235352" lon="103.81290435791016">
        <ele>10.7</ele>
      </trkpt>
      <trkpt lat="1.4637995604425669" lon="103.81290435791016">
        <ele>10.78</ele>
      </trkpt>
      <trkpt lat="1.4638424757868052" lon="103.81314039230347">
        <ele>10.82</ele>
      </trkpt>
      <trkpt lat="1.4638638496398926" lon="103.81343023851514">
        <ele>10.72</ele>
      </trkpt>
      <trkpt lat="1.4638853073120117" lon="103.81371974945068">
        <ele>10.87</ele>
      </trkpt>
      <trkpt lat="1.4638745784759521" lon="103.81395595148206">
        <ele>11.09</ele>
      </trkpt>
      <trkpt lat="1.4638738241046667" lon="103.81397204473615">
        <ele>11.12</ele>
      </trkpt>
      <trkpt lat="1.4638738241046667" lon="103.81397229619324">
        <ele>11.13</ele>
      </trkpt>
      <trkpt lat="1.4638738241046667" lon="103.81397305056453">
        <ele>11.13</ele>
      </trkpt>
      <trkpt lat="1.463873740285635" lon="103.81397514604032">
        <ele>11.11</ele>
      </trkpt>
      <trkpt lat="1.4638639334589243" lon="103.8141918182373">
        <ele>11.12</ele>
      </trkpt>
      <trkpt lat="1.4638423919677734" lon="103.81438502110541">
        <ele>11.05</ele>
      </trkpt>
      <trkpt lat="1.463821018114686" lon="103.81457805633545">
        <ele>10.91</ele>
      </trkpt>
      <trkpt lat="1.463778018951416" lon="103.8147605303675">
        <ele>10.74</ele>
      </trkpt>
      <trkpt lat="1.4637351036071777" lon="103.81494283676147">
        <ele>10.63</ele>
      </trkpt>
      <trkpt lat="1.4637351874262094" lon="103.81494283676147">
        <ele>10.55</ele>
      </trkpt>
      <trkpt lat="1.4636707305908203" lon="103.81515741348267">
        <ele>10.44</ele>
      </trkpt>
      <trkpt lat="1.4636062737554312" lon="103.81537207402289">
        <ele>10.33</ele>
      </trkpt>
      <trkpt lat="1.4635419845581055" lon="103.81558656692505">
        <ele>10.19</ele>
      </trkpt>
      <trkpt lat="1.4635420683771372" lon="103.81558656692505">
        <ele>10.1</ele>
      </trkpt>
      <trkpt lat="1.4634562376886606" lon="103.81576887331903">
        <ele>9.94</ele>
      </trkpt>
      <trkpt lat="1.463370407000184" lon="103.81595134735107">
        <ele>9.9</ele>
      </trkpt>
      <trkpt lat="1.463295305147767" lon="103.81610146723688">
        <ele>9.73</ele>
      </trkpt>
      <trkpt lat="1.46322020329535" lon="103.81625175476074">
        <ele>9.56</ele>
      </trkpt>
      <trkpt lat="1.46305943839252" lon="103.81649818271399">
        <ele>9.4</ele>
      </trkpt>
      <trkpt lat="1.462898338213563" lon="103.81674528121948">
        <ele>9.61</ele>
      </trkpt>
      <trkpt lat="1.4628554228693247" lon="103.81680965423584">
        <ele>9.59</ele>
      </trkpt>
      <trkpt lat="1.4627266768366098" lon="103.8169813156128">
        <ele>9.56</ele>
      </trkpt>
      <trkpt lat="1.4625873696058989" lon="103.81716337054968">
        <ele>9.47</ele>
      </trkpt>
      <trkpt lat="1.462447727099061" lon="103.81734609603882">
        <ele>9.43</ele>
      </trkpt>
      <trkpt lat="1.4623298775404692" lon="103.81749596446753">
        <ele>9.64</ele>
      </trkpt>
      <trkpt lat="1.4622116927057505" lon="103.81764650344849">
        <ele>9.8</ele>
      </trkpt>
      <trkpt lat="1.4621044881641865" lon="103.81779645569623">
        <ele>9.83</ele>
      </trkpt>
      <trkpt lat="1.461997115984559" lon="103.81794691085815">
        <ele>9.67</ele>
      </trkpt>
      <trkpt lat="1.461804248392582" lon="103.81819317117333">
        <ele>9.24</ele>
      </trkpt>
      <trkpt lat="1.4616108778864145" lon="103.8184404373169">
        <ele>9.09</ele>
      </trkpt>
      <trkpt lat="1.4614822994917631" lon="103.81861176341772">
        <ele>9.13</ele>
      </trkpt>
      <trkpt lat="1.4613533858209848" lon="103.8187837600708">
        <ele>9.29</ele>
      </trkpt>
      <trkpt lat="1.46122463978827" lon="103.81897687911987">
        <ele>9.43</ele>
      </trkpt>
      <trkpt lat="1.4611281640827656" lon="103.81910537369549">
        <ele>9.54</ele>
      </trkpt>
      <trkpt lat="1.4610315207391977" lon="103.8192343711853">
        <ele>9.62</ele>
      </trkpt>
      <trkpt lat="1.460888609290123" lon="103.81942715495825">
        <ele>9.7</ele>
      </trkpt>
      <trkpt lat="1.46074578166008" lon="103.8196199387312">
        <ele>9.77</ele>
      </trkpt>
      <trkpt lat="1.460602367296815" lon="103.81981372833252">
        <ele>9.78</ele>
      </trkpt>
      <trkpt lat="1.4604629762470722" lon="103.82001724094152">
        <ele>9.73</ele>
      </trkpt>
      <trkpt lat="1.4603233337402344" lon="103.82022142410278">
        <ele>9.9</ele>
      </trkpt>
      <trkpt lat="1.460323417559266" lon="103.82022142410278">
        <ele>9.99</ele>
      </trkpt>
      <trkpt lat="1.460216213017702" lon="103.82039283402264">
        <ele>10.24</ele>
      </trkpt>
      <trkpt lat="1.4601088408380747" lon="103.82056474685669">
        <ele>10.41</ele>
      </trkpt>
      <trkpt lat="1.4599909074604511" lon="103.82076834328473">
        <ele>10.59</ele>
      </trkpt>
      <trkpt lat="1.4598728064447641" lon="103.82097244262695">
        <ele>10.53</ele>
      </trkpt>
      <trkpt lat="1.4597226027399302" lon="103.82122993469238">
        <ele>10.37</ele>
      </trkpt>
      <trkpt lat="1.4595938567072153" lon="103.82145498879254">
        <ele>10.61</ele>
      </trkpt>
      <trkpt lat="1.4594650268554688" lon="103.82168054580688">
        <ele>10.89</ele>
      </trkpt>
      <trkpt lat="1.4594651106745005" lon="103.82168054580688">
        <ele>11.06</ele>
      </trkpt>
      <trkpt lat="1.4593418128788471" lon="103.82188950665295">
        <ele>11.3</ele>
      </trkpt>
      <trkpt lat="1.4592185150831938" lon="103.82209855131805">
        <ele>11.43</ele>
      </trkpt>
      <trkpt lat="1.4590952172875404" lon="103.82230759598315">
        <ele>11.51</ele>
      </trkpt>
      <trkpt lat="1.4589715842157602" lon="103.82251739501953">
        <ele>11.58</ele>
      </trkpt>
      <trkpt lat="1.4588642958551645" lon="103.8227105140686">
        <ele>11.73</ele>
      </trkpt>
      <trkpt lat="1.4588428381830454" lon="103.82275342941284">
        <ele>11.99</ele>
      </trkpt>
      <trkpt lat="1.4589715003967285" lon="103.82286071777344">
        <ele>12.29</ele>
      </trkpt>
      <trkpt lat="1.458950126543641" lon="103.82298946380615">
        <ele>12.7</ele>
      </trkpt>
      <trkpt lat="1.4588642958551645" lon="103.82322549819946">
        <ele>13.27</ele>
      </trkpt>
      <trkpt lat="1.4588213805109262" lon="103.8233757019043">
        <ele>13.6</ele>
      </trkpt>
      <trkpt lat="1.458832025527954" lon="103.82364409044385">
        <ele>13.78</ele>
      </trkpt>
      <trkpt lat="1.4588427543640137" lon="103.82391214370728">
        <ele>14.14</ele>
      </trkpt>
      <trkpt lat="1.458907127380371" lon="103.82415899075568">
        <ele>14.67</ele>
      </trkpt>
      <trkpt lat="1.4589715842157602" lon="103.82440583780408">
        <ele>15.15</ele>
      </trkpt>
      <trkpt lat="1.4590359572321177" lon="103.82465268485248">
        <ele>15.49</ele>
      </trkpt>
      <trkpt lat="1.459100330248475" lon="103.82489919662476">
        <ele>15.74</ele>
      </trkpt>
      <trkpt lat="1.459100330248475" lon="103.824942111969">
        <ele>16.08</ele>
      </trkpt>
      <trkpt lat="1.4591647032648325" lon="103.825124502182">
        <ele>16.36</ele>
      </trkpt>
      <trkpt lat="1.45922907628119" lon="103.82530689239502">
        <ele>16.66</ele>
      </trkpt>
      <trkpt lat="1.4592934492975473" lon="103.82547855377197">
        <ele>17.04</ele>
      </trkpt>
      <trkpt lat="1.4593578223139048" lon="103.82565021514893">
        <ele>17.45</ele>
      </trkpt>
      <trkpt lat="1.459400737658143" lon="103.82582187652588">
        <ele>18.01</ele>
      </trkpt>
      <trkpt lat="1.4594865683466196" lon="103.82612228393555">
        <ele>18.5</ele>
      </trkpt>
      <trkpt lat="1.459486484527588" lon="103.82612228393555">
        <ele>18.82</ele>
      </trkpt>
      <trkpt lat="1.4595293998718262" lon="103.82634767331183">
        <ele>19.08</ele>
      </trkpt>
      <trkpt lat="1.4595723990350962" lon="103.82657289505005">
        <ele>19.29</ele>
      </trkpt>
      <trkpt lat="1.4595723152160645" lon="103.82676609791815">
        <ele>19.57</ele>
      </trkpt>
      <trkpt lat="1.4595723152160645" lon="103.8269591331482">
        <ele>19.79</ele>
      </trkpt>
      <trkpt lat="1.4595401287078857" lon="103.82716306485236">
        <ele>20.03</ele>
      </trkpt>
      <trkpt lat="1.4595080260187387" lon="103.82736682891846">
        <ele>20.23</ele>
      </trkpt>
      <trkpt lat="1.4594542980194092" lon="103.82753849029541">
        <ele>20.41</ele>
      </trkpt>
      <trkpt lat="1.459400737658143" lon="103.82771015167236">
        <ele>20.61</ele>
      </trkpt>
      <trkpt lat="1.4593255519866943" lon="103.82786027155817">
        <ele>20.79</ele>
      </trkpt>
      <trkpt lat="1.4592504501342773" lon="103.82801055908203">
        <ele>20.92</ele>
      </trkpt>
      <trkpt lat="1.4591326005756855" lon="103.82818196900189">
        <ele>20.97</ele>
      </trkpt>
      <trkpt lat="1.4590144995599985" lon="103.82835388183594">
        <ele>20.85</ele>
      </trkpt>
      <trkpt lat="1.4590144157409668" lon="103.82835388183594">
        <ele>20.88</ele>
      </trkpt>
      <trkpt lat="1.458885921165347" lon="103.82848229259253">
        <ele>20.81</ele>
      </trkpt>
      <trkpt lat="1.458756923675537" lon="103.82861137390137">
        <ele>20.83</ele>
      </trkpt>
      <trkpt lat="1.4585787244141102" lon="103.82873961701989">
        <ele>20.84</ele>
      </trkpt>
      <trkpt lat="1.458400608971715" lon="103.82886794395745">
        <ele>20.74</ele>
      </trkpt>
      <trkpt lat="1.4582205656915903" lon="103.82899761199951">
        <ele>20.61</ele>
      </trkpt>
      <trkpt lat="1.4579845312982798" lon="103.82914781570435">
        <ele>20.57</ele>
      </trkpt>
      <trkpt lat="1.45772703923285" lon="103.8293194770813">
        <ele>20.44</ele>
      </trkpt>
      <trkpt lat="1.457588067278266" lon="103.82941561751068">
        <ele>20.26</ele>
      </trkpt>
      <trkpt lat="1.4574480894953012" lon="103.82951259613037">
        <ele>20.08</ele>
      </trkpt>
      <trkpt lat="1.457405174151063" lon="103.82955551147461">
        <ele>19.82</ele>
      </trkpt>
      <trkpt lat="1.4572056010365486" lon="103.82969087921083">
        <ele>19.66</ele>
      </trkpt>
      <trkpt lat="1.457006111741066" lon="103.82982624694705">
        <ele>19.29</ele>
      </trkpt>
      <trkpt lat="1.456804359331727" lon="103.82996320724487">
        <ele>18.72</ele>
      </trkpt>
      <trkpt lat="1.4565746113657951" lon="103.83010209538043">
        <ele>18.21</ele>
      </trkpt>
      <trkpt lat="1.4563448633998632" lon="103.83024098351598">
        <ele>17.82</ele>
      </trkpt>
      <trkpt lat="1.4561151154339314" lon="103.83037987165153">
        <ele>17.31</ele>
      </trkpt>
      <trkpt lat="1.455881679430604" lon="103.83052110671997">
        <ele>16.75</ele>
      </trkpt>
      <trkpt lat="1.4556821063160896" lon="103.8306493498385">
        <ele>16.16</ele>
      </trkpt>
      <trkpt lat="1.455482617020607" lon="103.83077759295702">
        <ele>15.54</ele>
      </trkpt>
      <trkpt lat="1.455280864611268" lon="103.83090734481812">
        <ele>14.79</ele>
      </trkpt>
      <trkpt lat="1.4551098737865686" lon="103.83100348524749">
        <ele>13.94</ele>
      </trkpt>
      <trkpt lat="1.4549375418573618" lon="103.83110046386719">
        <ele>13.2</ele>
      </trkpt>
      <trkpt lat="1.4547523017972708" lon="103.83121437393129">
        <ele>12.48</ele>
      </trkpt>
      <trkpt lat="1.4545670617371798" lon="103.83132836781442">
        <ele>11.81</ele>
      </trkpt>
      <trkpt lat="1.4543796423822641" lon="103.8314437866211">
        <ele>11.07</ele>
      </trkpt>
      <trkpt lat="1.4543795585632324" lon="103.8314437866211">
        <ele>10.38</ele>
      </trkpt>
      <trkpt lat="1.4541980065405369" lon="103.83152919821441">
        <ele>9.69</ele>
      </trkpt>
      <trkpt lat="1.4540148619562387" lon="103.83161544799805">
        <ele>8.97</ele>
      </trkpt>
      <trkpt lat="1.4538759738206863" lon="103.83169021457434">
        <ele>8.28</ele>
      </trkpt>
      <trkpt lat="1.45373591221869" lon="103.83176565170288">
        <ele>7.56</ele>
      </trkpt>
      <trkpt lat="1.4537358283996582" lon="103.83176565170288">
        <ele>6.9</ele>
      </trkpt>
      <trkpt lat="1.4534998778253794" lon="103.8318943977356">
        <ele>6.18</ele>
      </trkpt>
      <trkpt lat="1.4534997940063477" lon="103.8318943977356">
        <ele>5.56</ele>
      </trkpt>
      <trkpt lat="1.453435504809022" lon="103.83191585540771">
        <ele>4.94</ele>
      </trkpt>
      <trkpt lat="1.4533710479736328" lon="103.83198022842407">
        <ele>4.35</ele>
      </trkpt>
      <trkpt lat="1.453306758776307" lon="103.83202314376831">
        <ele>3.79</ele>
      </trkpt>
      <trkpt lat="1.4533066749572754" lon="103.83202314376831">
        <ele>3.27</ele>
      </trkpt>
      <trkpt lat="1.453041722998023" lon="103.83217267692089">
        <ele>2.75</ele>
      </trkpt>
      <trkpt lat="1.4527767710387707" lon="103.83232221007347">
        <ele>2.27</ele>
      </trkpt>
      <trkpt lat="1.4525118190795183" lon="103.83247182704508">
        <ele>1.87</ele>
      </trkpt>
      <trkpt lat="1.452246867120266" lon="103.83262136019766">
        <ele>1.5</ele>
      </trkpt>
      <trkpt lat="1.4519763831049204" lon="103.83277416229248">
        <ele>1.15</ele>
      </trkpt>
      <trkpt lat="1.4519762992858887" lon="103.83277416229248">
        <ele>0.84</ele>
      </trkpt>
      <trkpt lat="1.4517625607550144" lon="103.83291095495224">
        <ele>0.51</ele>
      </trkpt>
      <trkpt lat="1.4515488222241402" lon="103.833047747612">
        <ele>0.26</ele>
      </trkpt>
      <trkpt lat="1.451335083693266" lon="103.83318454027176">
        <ele>0.13</ele>
      </trkpt>
      <trkpt lat="1.4511213451623917" lon="103.83332133293152">
        <ele>0.0</ele>
      </trkpt>
      <trkpt lat="1.4509034994989634" lon="103.8334608078003">
        <ele>-0.1</ele>
      </trkpt>
      <trkpt lat="1.4509034156799316" lon="103.8334608078003">
        <ele>-0.19</ele>
      </trkpt>
      <trkpt lat="1.4506445825099945" lon="103.83361511863768">
        <ele>-0.22</ele>
      </trkpt>
      <trkpt lat="1.4503857493400574" lon="103.83376942947507">
        <ele>-0.26</ele>
      </trkpt>
      <trkpt lat="1.450126999989152" lon="103.83392374031246">
        <ele>-0.28</ele>
      </trkpt>
      <trkpt lat="1.4498681668192148" lon="103.83407813496888">
        <ele>-0.17</ele>
      </trkpt>
      <trkpt lat="1.4496093336492777" lon="103.83423244580626">
        <ele>-0.19</ele>
      </trkpt>
      <trkpt lat="1.4493505842983723" lon="103.83438675664365">
        <ele>0.02</ele>
      </trkpt>
      <trkpt lat="1.4490917511284351" lon="103.83454115130007">
        <ele>0.26</ele>
      </trkpt>
      <trkpt lat="1.448832917958498" lon="103.83469546213746">
        <ele>0.59</ele>
      </trkpt>
      <trkpt lat="1.448564613237977" lon="103.83485555648804">
        <ele>0.84</ele>
      </trkpt>
      <trkpt lat="1.4485645294189453" lon="103.83485555648804">
        <ele>1.08</ele>
      </trkpt>
      <trkpt lat="1.4483347814530134" lon="103.83499444462359">
        <ele>1.34</ele>
      </trkpt>
      <trkpt lat="1.4481050334870815" lon="103.83513333275914">
        <ele>1.53</ele>
      </trkpt>
      <trkpt lat="1.4478753693401814" lon="103.8352722208947">
        <ele>1.83</ele>
      </trkpt>
      <trkpt lat="1.447641933336854" lon="103.83541345596313">
        <ele>2.18</ele>
      </trkpt>
      <trkpt lat="1.4476418495178223" lon="103.83541345596313">
        <ele>2.5</ele>
      </trkpt>
      <trkpt lat="1.4475990179926157" lon="103.83545637130737">
        <ele>2.86</ele>
      </trkpt>
      <trkpt lat="1.4475346449762583" lon="103.83549928665161">
        <ele>3.23</ele>
      </trkpt>
      <trkpt lat="1.4474488142877817" lon="103.83554220199585">
        <ele>3.62</ele>
      </trkpt>
      <trkpt lat="1.44744873046875" lon="103.83554220199585">
        <ele>4.0</ele>
      </trkpt>
      <trkpt lat="1.4472403563559055" lon="103.83566499687731">
        <ele>4.41</ele>
      </trkpt>
      <trkpt lat="1.447031982243061" lon="103.83578787557781">
        <ele>4.82</ele>
      </trkpt>
      <trkpt lat="1.4468236081302166" lon="103.8359107542783">
        <ele>5.12</ele>
      </trkpt>
      <trkpt lat="1.4466118812561035" lon="103.83603572845459">
        <ele>5.49</ele>
      </trkpt>
      <trkpt lat="1.4463894255459309" lon="103.83621535263956">
        <ele>5.87</ele>
      </trkpt>
      <trkpt lat="1.4461669698357582" lon="103.83639506064355">
        <ele>6.21</ele>
      </trkpt>
      <trkpt lat="1.4459445979446173" lon="103.83657468482852">
        <ele>6.55</ele>
      </trkpt>
      <trkpt lat="1.4457221422344446" lon="103.83675439283252">
        <ele>6.96</ele>
      </trkpt>
      <trkpt lat="1.44549616612494" lon="103.8369369506836">
        <ele>7.43</ele>
      </trkpt>
      <trkpt lat="1.4454960823059082" lon="103.8369369506836">
        <ele>7.82</ele>
      </trkpt>
      <trkpt lat="1.4454532507807016" lon="103.83695840835571">
        <ele>8.23</ele>
      </trkpt>
      <trkpt lat="1.445367420092225" lon="103.83702278137207">
        <ele>8.63</ele>
      </trkpt>
      <trkpt lat="1.445345962420106" lon="103.83704423904419">
        <ele>9.01</ele>
      </trkpt>
      <trkpt lat="1.4453458786010742" lon="103.83704423904419">
        <ele>9.37</ele>
      </trkpt>
      <trkpt lat="1.4451098442077637" lon="103.83723735809326">
        <ele>9.75</ele>
      </trkpt>
      <trkpt lat="1.4449090138077736" lon="103.83747020736337">
        <ele>10.07</ele>
      </trkpt>
      <trkpt lat="1.4447082672268152" lon="103.83770305663347">
        <ele>10.49</ele>
      </trkpt>
      <trkpt lat="1.4445075206458569" lon="103.83793598972261">
        <ele>10.91</ele>
      </trkpt>
      <trkpt lat="1.4443067740648985" lon="103.83816883899271">
        <ele>11.37</ele>
      </trkpt>
      <trkpt lat="1.4441060274839401" lon="103.83840177208185">
        <ele>11.73</ele>
      </trkpt>
      <trkpt lat="1.44390519708395" lon="103.83863462135196">
        <ele>11.77</ele>
      </trkpt>
      <trkpt lat="1.4437044505029917" lon="103.83886747062206">
        <ele>11.87</ele>
      </trkpt>
      <trkpt lat="1.4435005187988281" lon="103.83910417556763">
        <ele>12.11</ele>
      </trkpt>
      <trkpt lat="1.4433468785136938" lon="103.8393649365753">
        <ele>12.33</ele>
      </trkpt>
      <trkpt lat="1.4431932382285595" lon="103.83962578140199">
        <ele>12.53</ele>
      </trkpt>
      <trkpt lat="1.4430395979434252" lon="103.83988662622869">
        <ele>12.71</ele>
      </trkpt>
      <trkpt lat="1.4428859576582909" lon="103.84014747105539">
        <ele>12.81</ele>
      </trkpt>
      <trkpt lat="1.4427323173731565" lon="103.84040831588209">
        <ele>12.87</ele>
      </trkpt>
      <trkpt lat="1.4425779227167368" lon="103.84067058563232">
        <ele>12.89</ele>
      </trkpt>
      <trkpt lat="1.442577838897705" lon="103.84067058563232">
        <ele>12.91</ele>
      </trkpt>
      <trkpt lat="1.4424920920282602" lon="103.84082078933716">
        <ele>12.83</ele>
      </trkpt>
      <trkpt lat="1.4424277190119028" lon="103.84092807769775">
        <ele>12.73</ele>
      </trkpt>
      <trkpt lat="1.4423848036676645" lon="103.84099245071411">
        <ele>12.65</ele>
      </trkpt>
      <trkpt lat="1.4423847198486328" lon="103.84099245071411">
        <ele>12.58</ele>
      </trkpt>
      <trkpt lat="1.4422882441431284" lon="103.84113167412579">
        <ele>12.42</ele>
      </trkpt>
      <trkpt lat="1.4421916007995605" lon="103.84127140045166">
        <ele>12.27</ele>
      </trkpt>
      <trkpt lat="1.4420037623494864" lon="103.8415003940463">
        <ele>12.22</ele>
      </trkpt>
      <trkpt lat="1.4418159238994122" lon="103.84172938764095">
        <ele>12.17</ele>
      </trkpt>
      <trkpt lat="1.441628085449338" lon="103.8419583812356">
        <ele>12.01</ele>
      </trkpt>
      <trkpt lat="1.4414402469992638" lon="103.84218737483025">
        <ele>11.85</ele>
      </trkpt>
      <trkpt lat="1.4412524923682213" lon="103.84241636842489">
        <ele>11.63</ele>
      </trkpt>
      <trkpt lat="1.441064653918147" lon="103.84264544583857">
        <ele>11.39</ele>
      </trkpt>
      <trkpt lat="1.440876815468073" lon="103.84287443943322">
        <ele>11.09</ele>
      </trkpt>
      <trkpt lat="1.4406889770179987" lon="103.84310343302786">
        <ele>10.77</ele>
      </trkpt>
      <trkpt lat="1.4405012223869562" lon="103.84333242662251">
        <ele>10.5</ele>
      </trkpt>
      <trkpt lat="1.440313383936882" lon="103.84356142021716">
        <ele>10.24</ele>
      </trkpt>
      <trkpt lat="1.4401255454868078" lon="103.8437904138118">
        <ele>9.92</ele>
      </trkpt>
      <trkpt lat="1.4399377070367336" lon="103.84401949122548">
        <ele>9.62</ele>
      </trkpt>
      <trkpt lat="1.4397454261779785" lon="103.84425401687622">
        <ele>9.36</ele>
      </trkpt>
      <trkpt lat="1.4395421650260687" lon="103.84441436268389">
        <ele>9.1</ele>
      </trkpt>
      <trkpt lat="1.4393389876931906" lon="103.8445747923106">
        <ele>8.79</ele>
      </trkpt>
      <trkpt lat="1.4391358103603125" lon="103.8447352219373">
        <ele>8.44</ele>
      </trkpt>
      <trkpt lat="1.4389300346374512" lon="103.8448977470398">
        <ele>8.16</ele>
      </trkpt>
      <trkpt lat="1.4386950060725212" lon="103.84503127075732">
        <ele>7.94</ele>
      </trkpt>
      <trkpt lat="1.4384599775075912" lon="103.84516479447484">
        <ele>7.73</ele>
      </trkpt>
      <trkpt lat="1.4382249489426613" lon="103.84529831819236">
        <ele>7.5</ele>
      </trkpt>
      <trkpt lat="1.4379859808832407" lon="103.84543418884277">
        <ele>7.25</ele>
      </trkpt>
      <trkpt lat="1.4377297461032867" lon="103.84551951661706">
        <ele>7.06</ele>
      </trkpt>
      <trkpt lat="1.4374735951423645" lon="103.84560492821038">
        <ele>6.86</ele>
      </trkpt>
      <trkpt lat="1.4372135046869516" lon="103.8456916809082">
        <ele>6.69</ele>
      </trkpt>
      <trkpt lat="1.4371491316705942" lon="103.84571313858032">
        <ele>6.55</ele>
      </trkpt>
      <trkpt lat="1.4370633009821177" lon="103.84575605392456">
        <ele>6.44</ele>
      </trkpt>
      <trkpt lat="1.4370203856378794" lon="103.84577751159668">
        <ele>6.32</ele>
      </trkpt>
      <trkpt lat="1.4370203018188477" lon="103.84577751159668">
        <ele>6.22</ele>
      </trkpt>
      <trkpt lat="1.4367321319878101" lon="103.84586283937097">
        <ele>6.07</ele>
      </trkpt>
      <trkpt lat="1.4364409446716309" lon="103.84594917297363">
        <ele>5.95</ele>
      </trkpt>
      <trkpt lat="1.4362059999257326" lon="103.84604874998331">
        <ele>5.9</ele>
      </trkpt>
      <trkpt lat="1.435971138998866" lon="103.84614841081202">
        <ele>5.93</ele>
      </trkpt>
      <trkpt lat="1.435732925310731" lon="103.8462495803833">
        <ele>5.97</ele>
      </trkpt>
      <trkpt lat="1.435551205649972" lon="103.8463563658297">
        <ele>6.03</ele>
      </trkpt>
      <trkpt lat="1.4353681448847055" lon="103.84646415710449">
        <ele>6.1</ele>
      </trkpt>
      <trkpt lat="1.4353680610656738" lon="103.84646415710449">
        <ele>6.17</ele>
      </trkpt>
      <trkpt lat="1.4351649675518274" lon="103.84660304524004">
        <ele>6.29</ele>
      </trkpt>
      <trkpt lat="1.4349603652954102" lon="103.84674310684204">
        <ele>6.44</ele>
      </trkpt>
      <trkpt lat="1.43476783297956" lon="103.84689993225038">
        <ele>6.62</ele>
      </trkpt>
      <trkpt lat="1.4345753006637096" lon="103.84705675765872">
        <ele>6.75</ele>
      </trkpt>
      <trkpt lat="1.4343810081481934" lon="103.84721517562866">
        <ele>6.87</ele>
      </trkpt>
      <trkpt lat="1.4341769088059664" lon="103.84742924943566">
        <ele>7.03</ele>
      </trkpt>
      <trkpt lat="1.4339728094637394" lon="103.84764332324266">
        <ele>7.23</ele>
      </trkpt>
      <trkpt lat="1.4337687101215124" lon="103.84785739704967">
        <ele>7.45</ele>
      </trkpt>
      <trkpt lat="1.4335646945983171" lon="103.84807147085667">
        <ele>7.66</ele>
      </trkpt>
      <trkpt lat="1.4333605952560902" lon="103.84828554466367">
        <ele>7.88</ele>
      </trkpt>
      <trkpt lat="1.4331564959138632" lon="103.84849961847067">
        <ele>8.12</ele>
      </trkpt>
      <trkpt lat="1.4329523965716362" lon="103.84871369227767">
        <ele>8.35</ele>
      </trkpt>
      <trkpt lat="1.432748381048441" lon="103.84892776608467">
        <ele>8.54</ele>
      </trkpt>
      <trkpt lat="1.432544281706214" lon="103.84914183989167">
        <ele>8.74</ele>
      </trkpt>
      <trkpt lat="1.432340182363987" lon="103.84935591369867">
        <ele>8.98</ele>
      </trkpt>
      <trkpt lat="1.43213608302176" lon="103.84956998750567">
        <ele>9.24</ele>
      </trkpt>
      <trkpt lat="1.4319320674985647" lon="103.84978406131268">
        <ele>9.5</ele>
      </trkpt>
      <trkpt lat="1.4317279681563377" lon="103.84999813511968">
        <ele>9.83</ele>
      </trkpt>
      <trkpt lat="1.4315238688141108" lon="103.85021220892668">
        <ele>10.15</ele>
      </trkpt>
      <trkpt lat="1.431312644854188" lon="103.85043382644653">
        <ele>10.44</ele>
      </trkpt>
      <trkpt lat="1.4313125610351562" lon="103.85043382644653">
        <ele>10.71</ele>
      </trkpt>
      <trkpt lat="1.4312053564935923" lon="103.85054111480713">
        <ele>11.0</ele>
      </trkpt>
      <trkpt lat="1.4312052726745605" lon="103.85054111480713">
        <ele>11.28</ele>
      </trkpt>
      <trkpt lat="1.43101223744452" lon="103.8507342338562">
        <ele>11.56</ele>
      </trkpt>
      <trkpt lat="1.4310121536254883" lon="103.8507342338562">
        <ele>11.83</ele>
      </trkpt>
      <trkpt lat="1.4308023545891047" lon="103.85094822384417">
        <ele>12.06</ele>
      </trkpt>
      <trkpt lat="1.4305926393717527" lon="103.85116229765117">
        <ele>12.27</ele>
      </trkpt>
      <trkpt lat="1.430382840335369" lon="103.85137637145817">
        <ele>12.49</ele>
      </trkpt>
      <trkpt lat="1.4301731251180172" lon="103.85159044526517">
        <ele>12.72</ele>
      </trkpt>
      <trkpt lat="1.429960811510682" lon="103.85180711746216">
        <ele>12.93</ele>
      </trkpt>
      <trkpt lat="1.4297966100275517" lon="103.85198548436165">
        <ele>13.21</ele>
      </trkpt>
      <trkpt lat="1.429632492363453" lon="103.85216393508017">
        <ele>13.45</ele>
      </trkpt>
      <trkpt lat="1.4294672850519419" lon="103.85234355926514">
        <ele>13.69</ele>
      </trkpt>
      <trkpt lat="1.4294672012329102" lon="103.85234355926514">
        <ele>13.86</ele>
      </trkpt>
      <trkpt lat="1.4294243697077036" lon="103.8524079322815">
        <ele>14.04</ele>
      </trkpt>
      <trkpt lat="1.4294242858886719" lon="103.8524079322815">
        <ele>14.17</ele>
      </trkpt>
      <trkpt lat="1.4293599966913462" lon="103.85247230529785">
        <ele>14.3</ele>
      </trkpt>
      <trkpt lat="1.429338539019227" lon="103.85249376296997">
        <ele>14.39</ele>
      </trkpt>
      <trkpt lat="1.4293384552001953" lon="103.85249376296997">
        <ele>14.46</ele>
      </trkpt>
      <trkpt lat="1.429202752187848" lon="103.85265788063407">
        <ele>14.52</ele>
      </trkpt>
      <trkpt lat="1.4290671329945326" lon="103.8528220821172">
        <ele>14.62</ele>
      </trkpt>
      <trkpt lat="1.4289307594299316" lon="103.85298728942871">
        <ele>14.68</ele>
      </trkpt>
      <trkpt lat="1.4287593495100737" lon="103.85323011316359">
        <ele>14.71</ele>
      </trkpt>
      <trkpt lat="1.4285879395902157" lon="103.85347293689847">
        <ele>14.66</ele>
      </trkpt>
      <trkpt lat="1.428415859118104" lon="103.85371685028076">
        <ele>14.58</ele>
      </trkpt>
      <trkpt lat="1.428270097821951" lon="103.8539397250861">
        <ele>14.43</ele>
      </trkpt>
      <trkpt lat="1.4281243365257978" lon="103.85416259989142">
        <ele>14.21</ele>
      </trkpt>
      <trkpt lat="1.4279785752296448" lon="103.85438547469676">
        <ele>14.0</ele>
      </trkpt>
      <trkpt lat="1.4278328139334917" lon="103.85460843332112">
        <ele>13.75</ele>
      </trkpt>
      <trkpt lat="1.4276862982660532" lon="103.85483264923096">
        <ele>13.43</ele>
      </trkpt>
      <trkpt lat="1.4276647567749023" lon="103.85489702224731">
        <ele>13.13</ele>
      </trkpt>
      <trkpt lat="1.4275575522333384" lon="103.85502576828003">
        <ele>12.76</ele>
      </trkpt>
      <trkpt lat="1.4275574684143066" lon="103.85502576828003">
        <ele>12.43</ele>
      </trkpt>
      <trkpt lat="1.4273648522794247" lon="103.85519692674279">
        <ele>12.0</ele>
      </trkpt>
      <trkpt lat="1.427171230316162" lon="103.85536909103394">
        <ele>11.56</ele>
      </trkpt>
      <trkpt lat="1.4269930310547352" lon="103.85549020953476">
        <ele>11.13</ele>
      </trkpt>
      <trkpt lat="1.42681491561234" lon="103.8556113280356">
        <ele>10.68</ele>
      </trkpt>
      <trkpt lat="1.4266348723322153" lon="103.85573387145996">
        <ele>10.23</ele>
      </trkpt>
      <trkpt lat="1.4264531526714563" lon="103.85584065690637">
        <ele>9.81</ele>
      </trkpt>
      <trkpt lat="1.42627009190619" lon="103.85594844818115">
        <ele>9.38</ele>
      </trkpt>
      <trkpt lat="1.4262486342340708" lon="103.85596990585327">
        <ele>8.94</ele>
      </trkpt>
      <trkpt lat="1.426248550415039" lon="103.85596990585327">
        <ele>8.51</ele>
      </trkpt>
      <trkpt lat="1.4260773919522762" lon="103.85611248202622">
        <ele>8.05</ele>
      </trkpt>
      <trkpt lat="1.4259062334895134" lon="103.85625505819917">
        <ele>7.61</ele>
      </trkpt>
      <trkpt lat="1.4257335662841797" lon="103.85639905929565">
        <ele>7.18</ele>
      </trkpt>
      <trkpt lat="1.4255833625793457" lon="103.85663509368896">
        <ele>6.73</ele>
      </trkpt>
      <trkpt lat="1.4254761580377817" lon="103.85684950277209">
        <ele>6.27</ele>
      </trkpt>
      <trkpt lat="1.425368869677186" lon="103.85706424713135">
        <ele>5.81</ele>
      </trkpt>
      <trkpt lat="1.4253687858581543" lon="103.85706424713135">
        <ele>5.41</ele>
      </trkpt>
      <trkpt lat="1.4252400398254395" lon="103.85733841918409">
        <ele>5.02</ele>
      </trkpt>
      <trkpt lat="1.4251113776117563" lon="103.85761259123683">
        <ele>4.55</ele>
      </trkpt>
      <trkpt lat="1.4250261336565018" lon="103.8577940594405">
        <ele>4.2</ele>
      </trkpt>
      <trkpt lat="1.4249826315790415" lon="103.85788676328957">
        <ele>3.87</ele>
      </trkpt>
      <trkpt lat="1.4248539693653584" lon="103.85816093534231">
        <ele>3.56</ele>
      </trkpt>
      <trkpt lat="1.4247253071516752" lon="103.85843510739505">
        <ele>3.27</ele>
      </trkpt>
      <trkpt lat="1.4245965611189604" lon="103.8587092794478">
        <ele>3.0</ele>
      </trkpt>
      <trkpt lat="1.4244678989052773" lon="103.85898353531957">
        <ele>2.75</ele>
      </trkpt>
      <trkpt lat="1.4243391528725624" lon="103.85925770737231">
        <ele>2.53</ele>
      </trkpt>
      <trkpt lat="1.4242104906588793" lon="103.85953187942505">
        <ele>2.32</ele>
      </trkpt>
      <trkpt lat="1.4240818284451962" lon="103.85980605147779">
        <ele>2.14</ele>
      </trkpt>
      <trkpt lat="1.4239530824124813" lon="103.86008022353053">
        <ele>1.99</ele>
      </trkpt>
      <trkpt lat="1.4238244201987982" lon="103.86035439558327">
        <ele>1.85</ele>
      </trkpt>
      <trkpt lat="1.4236956741660833" lon="103.86062856763601">
        <ele>1.74</ele>
      </trkpt>
      <trkpt lat="1.4235670119524002" lon="103.86090282350779">
        <ele>1.65</ele>
      </trkpt>
      <trkpt lat="1.423438349738717" lon="103.86117699556053">
        <ele>1.57</ele>
      </trkpt>
      <trkpt lat="1.4233096037060022" lon="103.86145116761327">
        <ele>1.52</ele>
      </trkpt>
      <trkpt lat="1.423180941492319" lon="103.86172533966601">
        <ele>1.49</ele>
      </trkpt>
      <trkpt lat="1.4230521954596043" lon="103.86199951171875">
        <ele>1.47</ele>
      </trkpt>
      <trkpt lat="1.4229235332459211" lon="103.86227368377149">
        <ele>1.48</ele>
      </trkpt>
      <trkpt lat="1.422794871032238" lon="103.86254793964326">
        <ele>1.49</ele>
      </trkpt>
      <trkpt lat="1.4226661249995232" lon="103.862822111696">
        <ele>1.52</ele>
      </trkpt>
      <trkpt lat="1.42253746278584" lon="103.86309628374875">
        <ele>1.76</ele>
      </trkpt>
      <trkpt lat="1.4224077109247446" lon="103.86337280273438">
        <ele>1.9</ele>
      </trkpt>
      <trkpt lat="1.422332525253296" lon="103.8635443802923">
        <ele>1.93</ele>
      </trkpt>
      <trkpt lat="1.422257423400879" lon="103.86371612548828">
        <ele>1.98</ele>
      </trkpt>
      <trkpt lat="1.422203779220581" lon="103.8638985157013">
        <ele>2.02</ele>
      </trkpt>
      <trkpt lat="1.422150218859315" lon="103.8640809059143">
        <ele>2.06</ele>
      </trkpt>
      <trkpt lat="1.4221930503845215" lon="103.8642954826355">
        <ele>2.09</ele>
      </trkpt>
      <trkpt lat="1.42238549888134" lon="103.86444518342614">
        <ele>2.16</ele>
      </trkpt>
      <trkpt lat="1.4225793723016977" lon="103.86459589004517">
        <ele>2.26</ele>
      </trkpt>
      <trkpt lat="1.422622287645936" lon="103.8646388053894">
        <ele>2.36</ele>
      </trkpt>
      <trkpt lat="1.422782801091671" lon="103.86482077650726">
        <ele>2.49</ele>
      </trkpt>
      <trkpt lat="1.4229441527277231" lon="103.86500358581543">
        <ele>2.57</ele>
      </trkpt>
      <trkpt lat="1.4230299834161997" lon="103.86511087417603">
        <ele>2.64</ele>
      </trkpt>
      <trkpt lat="1.423094356432557" lon="103.86517524719238">
        <ele>2.72</ele>
      </trkpt>
      <trkpt lat="1.423276411369443" lon="103.8654215913266">
        <ele>2.79</ele>
      </trkpt>
      <trkpt lat="1.4234591368585825" lon="103.86566877365112">
        <ele>2.86</ele>
      </trkpt>
      <trkpt lat="1.4236304629594088" lon="103.86589005589485">
        <ele>2.96</ele>
      </trkpt>
      <trkpt lat="1.423801789060235" lon="103.86611142195761">
        <ele>3.0</ele>
      </trkpt>
      <trkpt lat="1.4239740371704102" lon="103.86633396148682">
        <ele>3.04</ele>
      </trkpt>
      <trkpt lat="1.4240918029099703" lon="103.86647310107946">
        <ele>3.07</ele>
      </trkpt>
      <trkpt lat="1.4242100715637207" lon="103.86661291122437">
        <ele>3.12</ele>
      </trkpt>
      <trkpt lat="1.4244056213647127" lon="103.86683410964906">
        <ele>3.15</ele>
      </trkpt>
      <trkpt lat="1.4246011711657047" lon="103.86705539189279">
        <ele>3.2</ele>
      </trkpt>
      <trkpt lat="1.4247967209666967" lon="103.86727667413652">
        <ele>3.14</ele>
      </trkpt>
      <trkpt lat="1.4249923545867205" lon="103.86749795638025">
        <ele>3.11</ele>
      </trkpt>
      <trkpt lat="1.4251879043877125" lon="103.86771915480494">
        <ele>3.07</ele>
      </trkpt>
      <trkpt lat="1.4253834541887045" lon="103.86794043704867">
        <ele>3.04</ele>
      </trkpt>
      <trkpt lat="1.4255790878087282" lon="103.8681617192924">
        <ele>3.05</ele>
      </trkpt>
      <trkpt lat="1.4257746376097202" lon="103.86838300153613">
        <ele>3.07</ele>
      </trkpt>
      <trkpt lat="1.4259701874107122" lon="103.86860428377986">
        <ele>3.08</ele>
      </trkpt>
      <trkpt lat="1.426165821030736" lon="103.86882548220456">
        <ele>3.09</ele>
      </trkpt>
      <trkpt lat="1.426361370831728" lon="103.86904676444829">
        <ele>3.11</ele>
      </trkpt>
      <trkpt lat="1.42655692063272" lon="103.86926804669201">
        <ele>3.12</ele>
      </trkpt>
      <trkpt lat="1.426752470433712" lon="103.86948932893574">
        <ele>3.16</ele>
      </trkpt>
      <trkpt lat="1.4269481040537357" lon="103.86971061117947">
        <ele>3.2</ele>
      </trkpt>
      <trkpt lat="1.4271498564630747" lon="103.86993885040283">
        <ele>3.25</ele>
      </trkpt>
      <trkpt lat="1.427149772644043" lon="103.86993885040283">
        <ele>3.27</ele>
      </trkpt>
      <trkpt lat="1.4273139741271734" lon="103.87013155035675">
        <ele>3.3</ele>
      </trkpt>
      <trkpt lat="1.4274781756103039" lon="103.87032425031066">
        <ele>3.33</ele>
      </trkpt>
      <trkpt lat="1.427643382921815" lon="103.87051820755005">
        <ele>3.32</ele>
      </trkpt>
      <trkpt lat="1.4276432991027832" lon="103.87051820755005">
        <ele>3.33</ele>
      </trkpt>
      <trkpt lat="1.4278375077992678" lon="103.87074150145054">
        <ele>3.32</ele>
      </trkpt>
      <trkpt lat="1.428031800314784" lon="103.87096479535103">
        <ele>3.31</ele>
      </trkpt>
      <trkpt lat="1.4282260090112686" lon="103.87118808925152">
        <ele>3.39</ele>
      </trkpt>
      <trkpt lat="1.428420301526785" lon="103.87141146697104">
        <ele>3.43</ele>
      </trkpt>
      <trkpt lat="1.4286145102232695" lon="103.87163476087153">
        <ele>3.47</ele>
      </trkpt>
      <trkpt lat="1.4288088027387857" lon="103.87185805477202">
        <ele>3.48</ele>
      </trkpt>
      <trkpt lat="1.4290030114352703" lon="103.87208134867251">
        <ele>3.42</ele>
      </trkpt>
      <trkpt lat="1.4291973039507866" lon="103.87230472639203">
        <ele>3.38</ele>
      </trkpt>
      <trkpt lat="1.4293915126472712" lon="103.87252802029252">
        <ele>3.46</ele>
      </trkpt>
      <trkpt lat="1.4295858051627874" lon="103.87275131419301">
        <ele>3.46</ele>
      </trkpt>
      <trkpt lat="1.4297800976783037" lon="103.8729746080935">
        <ele>3.43</ele>
      </trkpt>
      <trkpt lat="1.4299743063747883" lon="103.87319798581302">
        <ele>3.4</ele>
      </trkpt>
      <trkpt lat="1.4301685988903046" lon="103.87342127971351">
        <ele>3.35</ele>
      </trkpt>
      <trkpt lat="1.430368423461914" lon="103.87365102767944">
        <ele>3.32</ele>
      </trkpt>
      <trkpt lat="1.430518375709653" lon="103.87385454028845">
        <ele>3.31</ele>
      </trkpt>
      <trkpt lat="1.4306683279573917" lon="103.87405805289745">
        <ele>3.3</ele>
      </trkpt>
      <trkpt lat="1.4308182802051306" lon="103.87426156550646">
        <ele>3.29</ele>
      </trkpt>
      <trkpt lat="1.43096923828125" lon="103.87446641921997">
        <ele>3.36</ele>
      </trkpt>
      <trkpt lat="1.431047860532999" lon="103.87466666288674">
        <ele>3.43</ele>
      </trkpt>
      <trkpt lat="1.4311265666037798" lon="103.8748669065535">
        <ele>3.46</ele>
      </trkpt>
      <trkpt lat="1.4312052726745605" lon="103.8750672340393">
        <ele>3.4</ele>
      </trkpt>
      <trkpt lat="1.4312481880187988" lon="103.8753248937428">
        <ele>3.3</ele>
      </trkpt>
      <trkpt lat="1.431291103363037" lon="103.87558221817017">
        <ele>3.22</ele>
      </trkpt>
      <trkpt lat="1.431291103363037" lon="103.87579696252942">
        <ele>3.29</ele>
      </trkpt>
      <trkpt lat="1.431291103363037" lon="103.87601170688868">
        <ele>3.42</ele>
      </trkpt>
      <trkpt lat="1.431291103363037" lon="103.87622594833374">
        <ele>3.56</ele>
      </trkpt>
      <trkpt lat="1.4312267303466797" lon="103.87646206654608">
        <ele>3.63</ele>
      </trkpt>
      <trkpt lat="1.4311623573303223" lon="103.87669818475842">
        <ele>3.65</ele>
      </trkpt>
      <trkpt lat="1.4310980681329966" lon="103.87693405151367">
        <ele>3.67</ele>
      </trkpt>
      <trkpt lat="1.4310014247894287" lon="103.87715927325189">
        <ele>3.71</ele>
      </trkpt>
      <trkpt lat="1.4309048652648926" lon="103.87738466262817">
        <ele>3.76</ele>
      </trkpt>
      <trkpt lat="1.4308083895593882" lon="103.87752388603985">
        <ele>3.88</ele>
      </trkpt>
      <trkpt lat="1.4307117462158203" lon="103.87766361236572">
        <ele>4.01</ele>
      </trkpt>
      <trkpt lat="1.4305938966572285" lon="103.87780275195837">
        <ele>4.12</ele>
      </trkpt>
      <trkpt lat="1.4304757118225098" lon="103.87794256210327">
        <ele>4.19</ele>
      </trkpt>
      <trkpt lat="1.430304553359747" lon="103.87809947133064">
        <ele>4.2</ele>
      </trkpt>
      <trkpt lat="1.430133394896984" lon="103.87825638055801">
        <ele>4.24</ele>
      </trkpt>
      <trkpt lat="1.429960811510682" lon="103.87841463088989">
        <ele>4.36</ele>
      </trkpt>
      <trkpt lat="1.4297468215227127" lon="103.87858570553362">
        <ele>4.53</ele>
      </trkpt>
      <trkpt lat="1.4295315742492676" lon="103.8787579536438">
        <ele>4.62</ele>
      </trkpt>
      <trkpt lat="1.42931766808033" lon="103.87892902828753">
        <ele>4.67</ele>
      </trkpt>
      <trkpt lat="1.4291024208068848" lon="103.8791012763977">
        <ele>4.81</ele>
      </trkpt>
      <trkpt lat="1.4288671407848597" lon="103.87928299605846">
        <ele>5.01</ele>
      </trkpt>
      <trkpt lat="1.4286304358392954" lon="103.87946605682373">
        <ele>5.11</ele>
      </trkpt>
      <trkpt lat="1.4285397436469793" lon="103.87954258359969">
        <ele>5.25</ele>
      </trkpt>
      <trkpt lat="1.4285396598279476" lon="103.87954258359969">
        <ele>5.39</ele>
      </trkpt>
      <trkpt lat="1.428539240732789" lon="103.87954308651388">
        <ele>5.53</ele>
      </trkpt>
      <trkpt lat="1.4285373967140913" lon="103.87954476289451">
        <ele>5.68</ele>
      </trkpt>
      <trkpt lat="1.4283055532723665" lon="103.8797408156097">
        <ele>5.83</ele>
      </trkpt>
      <trkpt lat="1.428072452545166" lon="103.87993812561035">
        <ele>6.0</ele>
      </trkpt>
      <trkpt lat="1.4278691913932562" lon="103.88009847141802">
        <ele>6.16</ele>
      </trkpt>
      <trkpt lat="1.4276647567749023" lon="103.88025999069214">
        <ele>6.32</ele>
      </trkpt>
      <trkpt lat="1.4274508506059647" lon="103.88044179417193">
        <ele>6.49</ele>
      </trkpt>
      <trkpt lat="1.4272356871515512" lon="103.88062477111816">
        <ele>6.67</ele>
      </trkpt>
      <trkpt lat="1.4270502794533968" lon="103.88077447190881">
        <ele>6.85</ele>
      </trkpt>
      <trkpt lat="1.4268648717552423" lon="103.88092417269945">
        <ele>7.04</ele>
      </trkpt>
      <trkpt lat="1.4266777038574219" lon="103.88107538223267">
        <ele>7.16</ele>
      </trkpt>
      <trkpt lat="1.426492128521204" lon="103.88126799836755">
        <ele>7.26</ele>
      </trkpt>
      <trkpt lat="1.4263066370040178" lon="103.88146069832146">
        <ele>7.37</ele>
      </trkpt>
      <trkpt lat="1.4261198043823242" lon="103.88165473937988">
        <ele>7.56</ele>
      </trkpt>
      <trkpt lat="1.4259912259876728" lon="103.88184760697186">
        <ele>7.69</ele>
      </trkpt>
      <trkpt lat="1.4258626475930214" lon="103.88204047456384">
        <ele>7.8</ele>
      </trkpt>
      <trkpt lat="1.4257336501032114" lon="103.8822340965271">
        <ele>7.87</ele>
      </trkpt>
      <trkpt lat="1.425669277086854" lon="103.88231992721558">
        <ele>7.95</ele>
      </trkpt>
      <trkpt lat="1.4256478194147348" lon="103.88238430023193">
        <ele>8.04</ele>
      </trkpt>
      <trkpt lat="1.4255405310541391" lon="103.88251304626465">
        <ele>8.16</ele>
      </trkpt>
      <trkpt lat="1.4254976157099009" lon="103.88259887695312">
        <ele>8.24</ele>
      </trkpt>
      <trkpt lat="1.4254117850214243" lon="103.88270616531372">
        <ele>8.32</ele>
      </trkpt>
      <trkpt lat="1.4253903273493052" lon="103.88277053833008">
        <ele>8.38</ele>
      </trkpt>
      <trkpt lat="1.4252563007175922" lon="103.88299559243023">
        <ele>8.39</ele>
      </trkpt>
      <trkpt lat="1.4251222740858793" lon="103.88322073034942">
        <ele>8.46</ele>
      </trkpt>
      <trkpt lat="1.4249883312731981" lon="103.88344578444958">
        <ele>8.57</ele>
      </trkpt>
      <trkpt lat="1.4248538855463266" lon="103.88367176055908">
        <ele>8.65</ele>
      </trkpt>
      <trkpt lat="1.4247091300785542" lon="103.88392363674939">
        <ele>8.57</ele>
      </trkpt>
      <trkpt lat="1.4245643746107817" lon="103.88417559675872">
        <ele>8.51</ele>
      </trkpt>
      <trkpt lat="1.4244196191430092" lon="103.88442747294903">
        <ele>8.56</ele>
      </trkpt>
      <trkpt lat="1.4242744445800781" lon="103.88468027114868">
        <ele>8.55</ele>
      </trkpt>
      <trkpt lat="1.4241886138916016" lon="103.88483030721545">
        <ele>8.49</ele>
      </trkpt>
      <trkpt lat="1.424102783203125" lon="103.88498067855835">
        <ele>8.44</ele>
      </trkpt>
      <trkpt lat="1.4239741209894419" lon="103.88520036824048">
        <ele>8.39</ele>
      </trkpt>
      <trkpt lat="1.4238454587757587" lon="103.88542014174163">
        <ele>8.4</ele>
      </trkpt>
      <trkpt lat="1.4237167965620756" lon="103.88563991524279">
        <ele>8.3</ele>
      </trkpt>
      <trkpt lat="1.4235877990722656" lon="103.88586044311523">
        <ele>8.11</ele>
      </trkpt>
      <trkpt lat="1.4235663414001465" lon="103.88601064682007">
        <ele>7.95</ele>
      </trkpt>
      <trkpt lat="1.4234590530395508" lon="103.88624659739435">
        <ele>7.78</ele>
      </trkpt>
      <trkpt lat="1.4233518484979868" lon="103.88648271560669">
        <ele>7.62</ele>
      </trkpt>
      <trkpt lat="1.4232285507023335" lon="103.88669704087079">
        <ele>7.39</ele>
      </trkpt>
      <trkpt lat="1.42310525290668" lon="103.88691144995391">
        <ele>7.29</ele>
      </trkpt>
      <trkpt lat="1.4229819551110268" lon="103.88712585903704">
        <ele>7.24</ele>
      </trkpt>
      <trkpt lat="1.4228583220392466" lon="103.88734102249146">
        <ele>7.3</ele>
      </trkpt>
      <trkpt lat="1.4227403048425913" lon="103.88756616041064">
        <ele>7.22</ele>
      </trkpt>
      <trkpt lat="1.4226222038269043" lon="103.88779163360596">
        <ele>7.14</ele>
      </trkpt>
      <trkpt lat="1.4225257281213999" lon="103.88795239850879">
        <ele>7.05</ele>
      </trkpt>
      <trkpt lat="1.422429084777832" lon="103.88811349868774">
        <ele>6.94</ele>
      </trkpt>
      <trkpt lat="1.4223647955805063" lon="103.88822078704834">
        <ele>6.86</ele>
      </trkpt>
      <trkpt lat="1.4222575910389423" lon="103.8883921969682">
        <ele>6.75</ele>
      </trkpt>
      <trkpt lat="1.422150218859315" lon="103.88856410980225">
        <ele>6.65</ele>
      </trkpt>
      <trkpt lat="1.4219947345554829" lon="103.88883023522794">
        <ele>6.57</ele>
      </trkpt>
      <trkpt lat="1.4218393340706825" lon="103.88909644447267">
        <ele>6.58</ele>
      </trkpt>
      <trkpt lat="1.4216838497668505" lon="103.8893626537174">
        <ele>6.59</ele>
      </trkpt>
      <trkpt lat="1.4215284492820501" lon="103.88962886296213">
        <ele>6.63</ele>
      </trkpt>
      <trkpt lat="1.421372964978218" lon="103.88989507220685">
        <ele>6.66</ele>
      </trkpt>
      <trkpt lat="1.4212175644934177" lon="103.89016128145158">
        <ele>6.49</ele>
      </trkpt>
      <trkpt lat="1.4210620801895857" lon="103.89042749069631">
        <ele>6.37</ele>
      </trkpt>
      <trkpt lat="1.4209066797047853" lon="103.89069369994104">
        <ele>6.38</ele>
      </trkpt>
      <trkpt lat="1.4207511954009533" lon="103.89095990918577">
        <ele>6.39</ele>
      </trkpt>
      <trkpt lat="1.420595794916153" lon="103.8912261184305">
        <ele>6.37</ele>
      </trkpt>
      <trkpt lat="1.420440310612321" lon="103.89149232767522">
        <ele>6.37</ele>
      </trkpt>
      <trkpt lat="1.420283317565918" lon="103.891761302948">
        <ele>6.44</ele>
      </trkpt>
      <trkpt lat="1.4201120752841234" lon="103.89194319024682">
        <ele>6.4</ele>
      </trkpt>
      <trkpt lat="1.4199400786310434" lon="103.89212608337402">
        <ele>6.38</ele>
      </trkpt>
      <trkpt lat="1.4198116678744555" lon="103.89224376529455">
        <ele>6.35</ele>
      </trkpt>
      <trkpt lat="1.4196825865656137" lon="103.89236211776733">
        <ele>6.4</ele>
      </trkpt>
      <trkpt lat="1.4194155391305685" lon="103.8924901932478">
        <ele>6.44</ele>
      </trkpt>
      <trkpt lat="1.4191461447626352" lon="103.89261960983276">
        <ele>6.44</ele>
      </trkpt>
      <trkpt lat="1.4190387725830078" lon="103.892662525177">
        <ele>6.44</ele>
      </trkpt>
      <trkpt lat="1.418857304379344" lon="103.89272656291723">
        <ele>6.42</ele>
      </trkpt>
      <trkpt lat="1.4186739921569824" lon="103.89279127120972">
        <ele>6.41</ele>
      </trkpt>
      <trkpt lat="1.418422032147646" lon="103.89288942329586">
        <ele>6.4</ele>
      </trkpt>
      <trkpt lat="1.4181700721383095" lon="103.89298765920103">
        <ele>6.41</ele>
      </trkpt>
      <trkpt lat="1.417918112128973" lon="103.8930858951062">
        <ele>6.39</ele>
      </trkpt>
      <trkpt lat="1.4176661521196365" lon="103.89318404719234">
        <ele>6.37</ele>
      </trkpt>
      <trkpt lat="1.4174079895019531" lon="103.89328479766846">
        <ele>6.32</ele>
      </trkpt>
      <trkpt lat="1.4172585401684046" lon="103.89334883540869">
        <ele>6.3</ele>
      </trkpt>
      <trkpt lat="1.4171076659113169" lon="103.89341354370117">
        <ele>6.3</ele>
      </trkpt>
      <trkpt lat="1.4168930891901255" lon="103.89354228973389">
        <ele>6.29</ele>
      </trkpt>
      <trkpt lat="1.4166999701410532" lon="103.8936710357666">
        <ele>6.25</ele>
      </trkpt>
      <trkpt lat="1.4165500178933144" lon="103.89382082037628">
        <ele>6.23</ele>
      </trkpt>
      <trkpt lat="1.4163994789123535" lon="103.89397144317627">
        <ele>6.17</ele>
      </trkpt>
      <trkpt lat="1.416378105059266" lon="103.89399290084839">
        <ele>6.15</ele>
      </trkpt>
      <trkpt lat="1.4163780212402344" lon="103.89399290084839">
        <ele>6.14</ele>
      </trkpt>
      <trkpt lat="1.4162922743707895" lon="103.89410018920898">
        <ele>6.14</ele>
      </trkpt>
      <trkpt lat="1.4162278175354004" lon="103.8942289352417">
        <ele>6.14</ele>
      </trkpt>
      <trkpt lat="1.4160776138305664" lon="103.89446496963501">
        <ele>6.16</ele>
      </trkpt>
      <trkpt lat="1.4159489516168833" lon="103.89472246170044">
        <ele>6.18</ele>
      </trkpt>
      <trkpt lat="1.4159488677978516" lon="103.89472246170044">
        <ele>6.17</ele>
      </trkpt>
      <trkpt lat="1.4158202055841684" lon="103.89496905729175">
        <ele>6.13</ele>
      </trkpt>
      <trkpt lat="1.4156915433704853" lon="103.89521565288305">
        <ele>6.09</ele>
      </trkpt>
      <trkpt lat="1.4155628811568022" lon="103.89546224847436">
        <ele>6.04</ele>
      </trkpt>
      <trkpt lat="1.415433967486024" lon="103.89570951461792">
        <ele>6.06</ele>
      </trkpt>
      <trkpt lat="1.4153695944696665" lon="103.89581680297852">
        <ele>6.07</ele>
      </trkpt>
      <trkpt lat="1.4152515772730112" lon="103.89607421122491">
        <ele>5.97</ele>
      </trkpt>
      <trkpt lat="1.415133560076356" lon="103.89633178710938">
        <ele>6.01</ele>
      </trkpt>
      <trkpt lat="1.4150209072977304" lon="103.89658651314676">
        <ele>6.05</ele>
      </trkpt>
      <trkpt lat="1.414908254519105" lon="103.89684123918414">
        <ele>6.1</ele>
      </trkpt>
      <trkpt lat="1.4147956017404795" lon="103.89709596522152">
        <ele>6.18</ele>
      </trkpt>
      <trkpt lat="1.414682948961854" lon="103.89735069125891">
        <ele>6.24</ele>
      </trkpt>
      <trkpt lat="1.4145703800022602" lon="103.89760550111532">
        <ele>6.24</ele>
      </trkpt>
      <trkpt lat="1.4144577272236347" lon="103.8978602271527">
        <ele>6.41</ele>
      </trkpt>
      <trkpt lat="1.4143450744450092" lon="103.89811495319009">
        <ele>6.57</ele>
      </trkpt>
      <trkpt lat="1.4142322540283203" lon="103.8983702659607">
        <ele>6.7</ele>
      </trkpt>
      <trkpt lat="1.4141356945037842" lon="103.89860085211694">
        <ele>6.78</ele>
      </trkpt>
      <trkpt lat="1.414039134979248" lon="103.89883152209222">
        <ele>6.86</ele>
      </trkpt>
      <trkpt lat="1.4139426592737436" lon="103.89906210824847">
        <ele>6.96</ele>
      </trkpt>
      <trkpt lat="1.4138460997492075" lon="103.89929294586182">
        <ele>7.03</ele>
      </trkpt>
      <trkpt lat="1.4139533042907715" lon="103.89933586120605">
        <ele>7.11</ele>
      </trkpt>
      <trkpt lat="1.4139962196350098" lon="103.89922857284546">
        <ele>7.17</ele>
      </trkpt>
      <trkpt lat="1.4142738282680511" lon="103.89936737716198">
        <ele>7.27</ele>
      </trkpt>
      <trkpt lat="1.4145541191101074" lon="103.89950752258301">
        <ele>7.38</ele>
      </trkpt>
      <trkpt lat="1.4145970344543457" lon="103.89959335327148">
        <ele>7.43</ele>
      </trkpt>
      <trkpt lat="1.414790153503418" lon="103.89957189559937">
        <ele>7.49</ele>
      </trkpt>
      <trkpt lat="1.4150476455688477" lon="103.89967918395996">
        <ele>7.56</ele>
      </trkpt>
      <trkpt lat="1.4150477293878794" lon="103.89967918395996">
        <ele>7.55</ele>
      </trkpt>
      <trkpt lat="1.4152469672262669" lon="103.89976459555328">
        <ele>7.57</ele>
      </trkpt>
      <trkpt lat="1.4154462050646544" lon="103.8998500071466">
        <ele>7.45</ele>
      </trkpt>
      <trkpt lat="1.4156484603881836" lon="103.89993667602539">
        <ele>7.3</ele>
      </trkpt>
      <trkpt lat="1.4156485442072153" lon="103.89993667602539">
        <ele>7.23</ele>
      </trkpt>
      <trkpt lat="1.4158631209284067" lon="103.90010833740234">
        <ele>7.07</ele>
      </trkpt>
      <trkpt lat="1.4159703254699707" lon="103.90019416809082">
        <ele>6.96</ele>
      </trkpt>
      <trkpt lat="1.4161203615367413" lon="103.89995293691754">
        <ele>6.89</ele>
      </trkpt>
      <trkpt lat="1.4162703976035118" lon="103.8997117895633">
        <ele>6.8</ele>
      </trkpt>
      <trkpt lat="1.4164204336702824" lon="103.89947064220905">
        <ele>6.62</ele>
      </trkpt>
      <trkpt lat="1.4165711402893066" lon="103.89922857284546">
        <ele>6.4</ele>
      </trkpt>
      <trkpt lat="1.416614055633545" lon="103.89920711517334">
        <ele>6.23</ele>
      </trkpt>
      <trkpt lat="1.4167743176221848" lon="103.89930325560272">
        <ele>6.07</ele>
      </trkpt>
      <trkpt lat="1.416935920715332" lon="103.89940023422241">
        <ele>5.89</ele>
      </trkpt>
      <trkpt lat="1.4171711169183254" lon="103.89958195388317">
        <ele>5.68</ele>
      </trkpt>
      <trkpt lat="1.4174079895019531" lon="103.89976501464844">
        <ele>5.44</ele>
      </trkpt>
      <trkpt lat="1.4174936525523663" lon="103.89990432187915">
        <ele>5.23</ele>
      </trkpt>
      <trkpt lat="1.4175796508789062" lon="103.90004396438599">
        <ele>5.02</ele>
      </trkpt>
      <trkpt lat="1.4177616219967604" lon="103.90025267377496">
        <ele>4.79</ele>
      </trkpt>
      <trkpt lat="1.4179436769336462" lon="103.90046146698296">
        <ele>4.52</ele>
      </trkpt>
      <trkpt lat="1.418125731870532" lon="103.90067026019096">
        <ele>4.17</ele>
      </trkpt>
      <trkpt lat="1.4183092955499887" lon="103.90088081359863">
        <ele>3.93</ele>
      </trkpt>
      <trkpt lat="1.418309211730957" lon="103.90088081359863">
        <ele>3.69</ele>
      </trkpt>
      <trkpt lat="1.4184591639786959" lon="103.9011021796614">
        <ele>3.43</ele>
      </trkpt>
      <trkpt lat="1.4186092000454664" lon="103.90132362954319">
        <ele>3.16</ele>
      </trkpt>
      <trkpt lat="1.418759822845459" lon="103.90154600143433">
        <ele>2.93</ele>
      </trkpt>
      <trkpt lat="1.4188989624381065" lon="103.90170659869909">
        <ele>2.72</ele>
      </trkpt>
      <trkpt lat="1.4190387725830078" lon="103.90186786651611">
        <ele>2.47</ele>
      </trkpt>
      <trkpt lat="1.419113790616393" lon="103.90203944407403">
        <ele>2.21</ele>
      </trkpt>
      <trkpt lat="1.4191889762878418" lon="103.90221118927002">
        <ele>1.99</ele>
      </trkpt>
      <trkpt lat="1.4193103462457657" lon="103.90238259918988">
        <ele>1.79</ele>
      </trkpt>
      <trkpt lat="1.4194318000227213" lon="103.90255400910974">
        <ele>1.6</ele>
      </trkpt>
      <trkpt lat="1.4195537567138672" lon="103.90272617340088">
        <ele>1.42</ele>
      </trkpt>
      <trkpt lat="1.4196503162384033" lon="103.9029513951391">
        <ele>1.25</ele>
      </trkpt>
      <trkpt lat="1.4197469595819712" lon="103.90317678451538">
        <ele>1.1</ele>
      </trkpt>
      <trkpt lat="1.4198540803045034" lon="103.90337686054409">
        <ele>0.95</ele>
      </trkpt>
      <trkpt lat="1.4199612848460674" lon="103.90357702039182">
        <ele>0.82</ele>
      </trkpt>
      <trkpt lat="1.4200687408447266" lon="103.90377759933472">
        <ele>0.71</ele>
      </trkpt>
      <trkpt lat="1.4201223850250244" lon="103.90392780303955">
        <ele>0.61</ele>
      </trkpt>
      <trkpt lat="1.420176113024354" lon="103.90407800674438">
        <ele>0.52</ele>
      </trkpt>
      <trkpt lat="1.4202190283685923" lon="103.90433566644788">
        <ele>0.45</ele>
      </trkpt>
      <trkpt lat="1.4202619437128305" lon="103.90459332615137">
        <ele>0.39</ele>
      </trkpt>
      <trkpt lat="1.420304775238037" lon="103.90485048294067">
        <ele>0.34</ele>
      </trkpt>
      <trkpt lat="1.420304775238037" lon="103.90507947653532">
        <ele>0.31</ele>
      </trkpt>
      <trkpt lat="1.420304775238037" lon="103.905308553949">
        <ele>0.29</ele>
      </trkpt>
      <trkpt lat="1.420304775238037" lon="103.90553712844849">
        <ele>0.29</ele>
      </trkpt>
      <trkpt lat="1.4200687408447266" lon="103.90545129776001">
        <ele>0.29</ele>
      </trkpt>
      <trkpt lat="1.4198113325983286" lon="103.90551567077637">
        <ele>0.36</ele>
      </trkpt>
      <trkpt lat="1.4198113325983286" lon="103.90530109405518">
        <ele>0.36</ele>
      </trkpt>
      <trkpt lat="1.4197039604187012" lon="103.90527963638306">
        <ele>0.41</ele>
      </trkpt>
      <trkpt lat="1.4196611288934946" lon="103.90515089035034">
        <ele>0.47</ele>
      </trkpt>
      <trkpt lat="1.419661045074463" lon="103.90506505966187">
        <ele>0.54</ele>
      </trkpt>
      <trkpt lat="1.4198160264641047" lon="103.90501854009926">
        <ele>0.59</ele>
      </trkpt>
      <trkpt lat="1.4198170322924852" lon="103.90501828864217">
        <ele>0.68</ele>
      </trkpt>
      <trkpt lat="1.419817116111517" lon="103.90501820482314">
        <ele>0.78</ele>
      </trkpt>
      <trkpt lat="1.4198198821395636" lon="103.90501745045185">
        <ele>0.88</ele>
      </trkpt>
      <trkpt lat="1.4196611288934946" lon="103.90506505966187">
        <ele>1.01</ele>
      </trkpt>
      <trkpt lat="1.4196611288934946" lon="103.90515089035034">
        <ele>0.47</ele>
      </trkpt>
      <trkpt lat="1.4197039604187012" lon="103.90527963638306">
        <ele>0.41</ele>
      </trkpt>
      <trkpt lat="1.4198113325983286" lon="103.90530109405518">
        <ele>0.36</ele>
      </trkpt>
      <trkpt lat="1.4198112487792969" lon="103.90551567077637">
        <ele>1.53</ele>
      </trkpt>
      <trkpt lat="1.4200687408447266" lon="103.90545129776001">
        <ele>0.29</ele>
      </trkpt>
      <trkpt lat="1.4203048590570688" lon="103.90553712844849">
        <ele>1.74</ele>
      </trkpt>
      <trkpt lat="1.4202511310577393" lon="103.90582697466016">
        <ele>1.87</ele>
      </trkpt>
      <trkpt lat="1.4201975706964731" lon="103.9061164855957">
        <ele>2.03</ele>
      </trkpt>
      <trkpt lat="1.4201223850250244" lon="103.90639551915228">
        <ele>2.44</ele>
      </trkpt>
      <trkpt lat="1.4200473669916391" lon="103.9066743850708">
        <ele>2.6</ele>
      </trkpt>
      <trkpt lat="1.4200472831726074" lon="103.9066743850708">
        <ele>2.72</ele>
      </trkpt>
      <trkpt lat="1.4200043678283691" lon="103.90697479248047">
        <ele>2.86</ele>
      </trkpt>
      <trkpt lat="1.4202236384153366" lon="103.90717805363238">
        <ele>2.92</ele>
      </trkpt>
      <trkpt lat="1.4204429928213358" lon="103.90738131478429">
        <ele>2.86</ele>
      </trkpt>
      <trkpt lat="1.420662347227335" lon="103.9075845759362">
        <ele>2.91</ele>
      </trkpt>
      <trkpt lat="1.420884132385254" lon="103.907790184021">
        <ele>2.99</ele>
      </trkpt>
      <trkpt lat="1.4209914207458496" lon="103.90794038772583">
        <ele>3.05</ele>
      </trkpt>
      <trkpt lat="1.4210312347859144" lon="103.90821338631213">
        <ele>3.08</ele>
      </trkpt>
      <trkpt lat="1.421071132645011" lon="103.90848638489842">
        <ele>3.11</ele>
      </trkpt>
      <trkpt lat="1.4211110305041075" lon="103.90875938348472">
        <ele>3.2</ele>
      </trkpt>
      <trkpt lat="1.421150928363204" lon="103.90903238207102">
        <ele>3.21</ele>
      </trkpt>
      <trkpt lat="1.4211908262223005" lon="103.90930538065732">
        <ele>3.19</ele>
      </trkpt>
      <trkpt lat="1.421230724081397" lon="103.90957837924361">
        <ele>3.22</ele>
      </trkpt>
      <trkpt lat="1.4212704543024302" lon="103.90985012054443">
        <ele>3.27</ele>
      </trkpt>
      <trkpt lat="1.4212811831384897" lon="103.91001113690436">
        <ele>3.3</ele>
      </trkpt>
      <trkpt lat="1.4212919119745493" lon="103.91017198562622">
        <ele>3.32</ele>
      </trkpt>
      <trkpt lat="1.4213132858276367" lon="103.91042947769165">
        <ele>3.36</ele>
      </trkpt>
      <trkpt lat="1.4213133696466684" lon="103.91042947769165">
        <ele>3.38</ele>
      </trkpt>
      <trkpt lat="1.4213777426630259" lon="103.91066551208496">
        <ele>3.44</ele>
      </trkpt>
      <trkpt lat="1.4213777426630259" lon="103.91077280044556">
        <ele>3.44</ele>
      </trkpt>
      <trkpt lat="1.4213348273187876" lon="103.91083717346191">
        <ele>3.44</ele>
      </trkpt>
      <trkpt lat="1.4213455561548471" lon="103.9110089186579">
        <ele>3.43</ele>
      </trkpt>
      <trkpt lat="1.4213562849909067" lon="103.91118049621582">
        <ele>3.4</ele>
      </trkpt>
      <trkpt lat="1.4213348273187876" lon="103.91130924224854">
        <ele>3.31</ele>
      </trkpt>
      <trkpt lat="1.4212596416473389" lon="103.91159900464118">
        <ele>3.2</ele>
      </trkpt>
      <trkpt lat="1.4211846236139536" lon="103.91188859939575">
        <ele>3.26</ele>
      </trkpt>
      <trkpt lat="1.4211094379425049" lon="103.91218909062445">
        <ele>3.31</ele>
      </trkpt>
      <trkpt lat="1.4210344199091196" lon="103.91248941421509">
        <ele>3.33</ele>
      </trkpt>
      <trkpt lat="1.4210129622370005" lon="103.91253232955933">
        <ele>3.31</ele>
      </trkpt>
      <trkpt lat="1.4207458309829235" lon="103.91267113387585">
        <ele>3.27</ele>
      </trkpt>
      <trkpt lat="1.4204764366149902" lon="103.91281127929688">
        <ele>3.27</ele>
      </trkpt>
      <trkpt lat="1.4202558249235153" lon="103.91288948245347">
        <ele>3.26</ele>
      </trkpt>
      <trkpt lat="1.4200352970510721" lon="103.91296776942909">
        <ele>3.52</ele>
      </trkpt>
      <trkpt lat="1.4198113325983286" lon="103.91304731369019">
        <ele>3.63</ele>
      </trkpt>
      <trkpt lat="1.4197254180908203" lon="103.91309022903442">
        <ele>3.38</ele>
      </trkpt>
      <trkpt lat="1.419725501909852" lon="103.91309022903442">
        <ele>3.3</ele>
      </trkpt>
      <trkpt lat="1.419533221051097" lon="103.91318276524544">
        <ele>3.16</ele>
      </trkpt>
      <trkpt lat="1.4193409401923418" lon="103.91327530145645">
        <ele>2.91</ele>
      </trkpt>
      <trkpt lat="1.4191460609436035" lon="103.91336917877197">
        <ele>2.68</ele>
      </trkpt>
      <trkpt lat="1.4189321547746658" lon="103.9135402534157">
        <ele>2.5</ele>
      </trkpt>
      <trkpt lat="1.4187169075012207" lon="103.91371250152588">
        <ele>2.39</ele>
      </trkpt>
      <trkpt lat="1.4185023307800293" lon="103.91381978988647">
        <ele>2.27</ele>
      </trkpt>
      <trkpt lat="1.4182233810424805" lon="103.91388416290283">
        <ele>2.15</ele>
      </trkpt>
      <trkpt lat="1.4179460238665342" lon="103.91386278904974">
        <ele>2.03</ele>
      </trkpt>
      <trkpt lat="1.4176654815673828" lon="103.9138412475586">
        <ele>1.91</ele>
      </trkpt>
      <trkpt lat="1.4174079895019531" lon="103.91388416290283">
        <ele>1.79</ele>
      </trkpt>
      <trkpt lat="1.4174080733209848" lon="103.91388416290283">
        <ele>1.66</ele>
      </trkpt>
      <trkpt lat="1.4173221588134766" lon="103.91390562057495">
        <ele>1.54</ele>
      </trkpt>
      <trkpt lat="1.4173222426325083" lon="103.91390562057495">
        <ele>1.42</ele>
      </trkpt>
      <trkpt lat="1.417236328125" lon="103.91390562057495">
        <ele>1.3</ele>
      </trkpt>
      <trkpt lat="1.4172364119440317" lon="103.91390562057495">
        <ele>1.19</ele>
      </trkpt>
      <trkpt lat="1.417001634836197" lon="103.91391626559198">
        <ele>1.07</ele>
      </trkpt>
      <trkpt lat="1.416764259338379" lon="103.91392707824707">
        <ele>0.96</ele>
      </trkpt>
      <trkpt lat="1.416476173326373" lon="103.91398038715124">
        <ele>0.86</ele>
      </trkpt>
      <trkpt lat="1.4161849860101938" lon="103.91403436660767">
        <ele>0.75</ele>
      </trkpt>
      <trkpt lat="1.4160990715026855" lon="103.91405582427979">
        <ele>0.65</ele>
      </trkpt>
      <trkpt lat="1.4158287551254034" lon="103.91410200856626">
        <ele>0.56</ele>
      </trkpt>
      <trkpt lat="1.415558522567153" lon="103.91414827667177">
        <ele>0.47</ele>
      </trkpt>
      <trkpt lat="1.4152882900089025" lon="103.91419446095824">
        <ele>0.38</ele>
      </trkpt>
      <trkpt lat="1.4150179736316204" lon="103.91424072906375">
        <ele>0.3</ele>
      </trkpt>
      <trkpt lat="1.41474774107337" lon="103.91428691335022">
        <ele>0.22</ele>
      </trkpt>
      <trkpt lat="1.4144682884216309" lon="103.91433477401733">
        <ele>0.15</ele>
      </trkpt>
      <trkpt lat="1.4144683722406626" lon="103.91433477401733">
        <ele>0.08</ele>
      </trkpt>
      <trkpt lat="1.4141802862286568" lon="103.9143880829215">
        <ele>0.02</ele>
      </trkpt>
      <trkpt lat="1.413892200216651" lon="103.91444139182568">
        <ele>-0.03</ele>
      </trkpt>
      <trkpt lat="1.4136041142046452" lon="103.91449478454888">
        <ele>-0.08</ele>
      </trkpt>
      <trkpt lat="1.413316112011671" lon="103.91454809345305">
        <ele>-0.13</ele>
      </trkpt>
      <trkpt lat="1.4130280259996653" lon="103.91460140235722">
        <ele>-0.17</ele>
      </trkpt>
      <trkpt lat="1.4127302169799805" lon="103.91465663909912">
        <ele>-0.21</ele>
      </trkpt>
      <trkpt lat="1.4124898239970207" lon="103.91479552723467">
        <ele>-0.25</ele>
      </trkpt>
      <trkpt lat="1.412249431014061" lon="103.91493441537023">
        <ele>-0.28</ele>
      </trkpt>
      <trkpt lat="1.4120090380311012" lon="103.91507330350578">
        <ele>-0.3</ele>
      </trkpt>
      <trkpt lat="1.4117686450481415" lon="103.91521219164133">
        <ele>-0.33</ele>
      </trkpt>
      <trkpt lat="1.4115282520651817" lon="103.91535107977688">
        <ele>-0.35</ele>
      </trkpt>
      <trkpt lat="1.411287859082222" lon="103.91548996791244">
        <ele>-0.36</ele>
      </trkpt>
      <trkpt lat="1.4110474660992622" lon="103.91562885604799">
        <ele>-0.37</ele>
      </trkpt>
      <trkpt lat="1.4107990264892578" lon="103.91577243804932">
        <ele>-0.38</ele>
      </trkpt>
      <trkpt lat="1.4105559512972832" lon="103.91590327955782">
        <ele>-0.39</ele>
      </trkpt>
      <trkpt lat="1.4103129599243402" lon="103.91603412106633">
        <ele>-0.39</ele>
      </trkpt>
      <trkpt lat="1.4100699685513973" lon="103.91616496257484">
        <ele>-0.39</ele>
      </trkpt>
      <trkpt lat="1.4098269771784544" lon="103.91629580408335">
        <ele>-0.39</ele>
      </trkpt>
      <trkpt lat="1.4095839019864798" lon="103.91642664559186">
        <ele>-0.39</ele>
      </trkpt>
      <trkpt lat="1.4093409106135368" lon="103.9165575709194">
        <ele>-0.38</ele>
      </trkpt>
      <trkpt lat="1.409097919240594" lon="103.9166884124279">
        <ele>-0.37</ele>
      </trkpt>
      <trkpt lat="1.4088464621454477" lon="103.91682386398315">
        <ele>-0.36</ele>
      </trkpt>
      <trkpt lat="1.4088034629821777" lon="103.91688823699951">
        <ele>-0.35</ele>
      </trkpt>
      <trkpt lat="1.4086645748466253" lon="103.91697364859283">
        <ele>-0.34</ele>
      </trkpt>
      <trkpt lat="1.4085245970636606" lon="103.91705989837646">
        <ele>-0.33</ele>
      </trkpt>
      <trkpt lat="1.4083743933588266" lon="103.91716718673706">
        <ele>-0.31</ele>
      </trkpt>
      <trkpt lat="1.408245898783207" lon="103.91729559749365">
        <ele>-0.3</ele>
      </trkpt>
      <trkpt lat="1.4081168174743652" lon="103.91742467880249">
        <ele>-0.28</ele>
      </trkpt>
      <trkpt lat="1.4080525282770395" lon="103.91746759414673">
        <ele>-0.27</ele>
      </trkpt>
      <trkpt lat="1.407842393964529" lon="103.9176990184933">
        <ele>-0.25</ele>
      </trkpt>
      <trkpt lat="1.4076322596520185" lon="103.91793052665889">
        <ele>-0.24</ele>
      </trkpt>
      <trkpt lat="1.4074222091585398" lon="103.91816203482449">
        <ele>-0.22</ele>
      </trkpt>
      <trkpt lat="1.4072120748460293" lon="103.91839354299009">
        <ele>-0.21</ele>
      </trkpt>
      <trkpt lat="1.4070020243525505" lon="103.91862505115569">
        <ele>-0.19</ele>
      </trkpt>
      <trkpt lat="1.40679189004004" lon="103.91885655932128">
        <ele>-0.18</ele>
      </trkpt>
      <trkpt lat="1.4065817557275295" lon="103.91908806748688">
        <ele>-0.17</ele>
      </trkpt>
      <trkpt lat="1.4063717052340508" lon="103.91931957565248">
        <ele>-0.15</ele>
      </trkpt>
      <trkpt lat="1.4061615709215403" lon="103.91955108381808">
        <ele>-0.14</ele>
      </trkpt>
      <trkpt lat="1.4059515204280615" lon="103.91978259198368">
        <ele>-0.13</ele>
      </trkpt>
      <trkpt lat="1.405741386115551" lon="103.92001410014927">
        <ele>-0.12</ele>
      </trkpt>
      <trkpt lat="1.4055312518030405" lon="103.92024560831487">
        <ele>-0.11</ele>
      </trkpt>
      <trkpt lat="1.4053212013095617" lon="103.92047711648047">
        <ele>-0.11</ele>
      </trkpt>
      <trkpt lat="1.4051110669970512" lon="103.92070862464607">
        <ele>-0.1</ele>
      </trkpt>
      <trkpt lat="1.4049010165035725" lon="103.92094013281167">
        <ele>-0.1</ele>
      </trkpt>
      <trkpt lat="1.4046835899353027" lon="103.92117977142334">
        <ele>-0.09</ele>
      </trkpt>
      <trkpt lat="1.4046836737543344" lon="103.92117977142334">
        <ele>-0.09</ele>
      </trkpt>
      <trkpt lat="1.4046621322631836" lon="103.9212441444397">
        <ele>-0.09</ele>
      </trkpt>
      <trkpt lat="1.4045977592468262" lon="103.92132997512817">
        <ele>-0.09</ele>
      </trkpt>
      <trkpt lat="1.404554843902588" lon="103.9213514328003">
        <ele>-0.1</ele>
      </trkpt>
      <trkpt lat="1.4045549277216196" lon="103.9213514328003">
        <ele>-0.1</ele>
      </trkpt>
      <trkpt lat="1.4044090826064348" lon="103.92161697149277">
        <ele>-0.11</ele>
      </trkpt>
      <trkpt lat="1.4042633213102818" lon="103.92188259400427">
        <ele>-0.12</ele>
      </trkpt>
      <trkpt lat="1.4041175600141287" lon="103.92214813269675">
        <ele>-0.13</ele>
      </trkpt>
      <trkpt lat="1.403971714898944" lon="103.92241375520825">
        <ele>-0.14</ele>
      </trkpt>
      <trkpt lat="1.4038259536027908" lon="103.92267937771976">
        <ele>-0.15</ele>
      </trkpt>
      <trkpt lat="1.4036801923066378" lon="103.92294491641223">
        <ele>-0.16</ele>
      </trkpt>
      <trkpt lat="1.4035344310104847" lon="103.92321053892374">
        <ele>-0.18</ele>
      </trkpt>
      <trkpt lat="1.4033892564475536" lon="103.92347456887364">
        <ele>-0.19</ele>
      </trkpt>
      <trkpt lat="1.4032558165490627" lon="103.92371806316078">
        <ele>-0.21</ele>
      </trkpt>
      <trkpt lat="1.4031222090125084" lon="103.92396138980985">
        <ele>-0.23</ele>
      </trkpt>
      <trkpt lat="1.4029884338378906" lon="103.92420530319214">
        <ele>-0.25</ele>
      </trkpt>
      <trkpt lat="1.402859939262271" lon="103.92433371394873">
        <ele>-0.27</ele>
      </trkpt>
      <trkpt lat="1.402730941772461" lon="103.92446279525757">
        <ele>-0.29</ele>
      </trkpt>
      <trkpt lat="1.402451992034912" lon="103.92454862594604">
        <ele>-0.31</ele>
      </trkpt>
      <trkpt lat="1.4021426159888506" lon="103.92453789710999">
        <ele>-0.33</ele>
      </trkpt>
      <trkpt lat="1.4018333237618208" lon="103.92452725209296">
        <ele>-0.35</ele>
      </trkpt>
      <trkpt lat="1.401524031534791" lon="103.92451660707593">
        <ele>-0.37</ele>
      </trkpt>
      <trkpt lat="1.401207447052002" lon="103.9245057106018">
        <ele>-0.39</ele>
      </trkpt>
      <trkpt lat="1.4010253921151161" lon="103.92471978440881">
        <ele>-0.42</ele>
      </trkpt>
      <trkpt lat="1.4008426666259766" lon="103.92493486404419">
        <ele>-0.44</ele>
      </trkpt>
      <trkpt lat="1.4007461071014404" lon="103.92516008578241">
        <ele>-0.46</ele>
      </trkpt>
      <trkpt lat="1.4006495475769043" lon="103.92538547515869">
        <ele>-0.48</ele>
      </trkpt>
      <trkpt lat="1.4005637168884277" lon="103.9255142211914">
        <ele>-0.49</ele>
      </trkpt>
      <trkpt lat="1.4004248287528753" lon="103.9255889877677">
        <ele>-0.51</ele>
      </trkpt>
      <trkpt lat="1.400284767150879" lon="103.92566442489624">
        <ele>-0.53</ele>
      </trkpt>
      <trkpt lat="1.4001131057739258" lon="103.92568588256836">
        <ele>-0.54</ele>
      </trkpt>
      <trkpt lat="1.399855613708496" lon="103.92564296722412">
        <ele>-0.55</ele>
      </trkpt>
      <trkpt lat="1.3996410369873047" lon="103.92549276351929">
        <ele>-0.56</ele>
      </trkpt>
      <trkpt lat="1.3995070103555918" lon="103.9252676256001">
        <ele>-0.57</ele>
      </trkpt>
      <trkpt lat="1.3993729837238789" lon="103.92504248768091">
        <ele>-0.57</ele>
      </trkpt>
      <trkpt lat="1.3992390409111977" lon="103.92481743358076">
        <ele>-0.57</ele>
      </trkpt>
      <trkpt lat="1.3991045951843262" lon="103.92459154129028">
        <ele>-0.57</ele>
      </trkpt>
      <trkpt lat="1.3989758491516113" lon="103.92435550689697">
        <ele>-0.57</ele>
      </trkpt>
      <trkpt lat="1.398825729265809" lon="103.92408208921552">
        <ele>-0.56</ele>
      </trkpt>
      <trkpt lat="1.3986756093800068" lon="103.92380867153406">
        <ele>-0.54</ele>
      </trkpt>
      <trkpt lat="1.3985254894942045" lon="103.9235352538526">
        <ele>-0.53</ele>
      </trkpt>
      <trkpt lat="1.3983750343322754" lon="103.9232611656189">
        <ele>-0.5</ele>
      </trkpt>
      <trkpt lat="1.3982535805553198" lon="103.92308967188">
        <ele>-0.48</ele>
      </trkpt>
      <trkpt lat="1.398132210597396" lon="103.92291826196015">
        <ele>-0.44</ele>
      </trkpt>
      <trkpt lat="1.3980103377252817" lon="103.92274618148804">
        <ele>-0.41</ele>
      </trkpt>
      <trkpt lat="1.3978603016585112" lon="103.92254258506">
        <ele>-0.36</ele>
      </trkpt>
      <trkpt lat="1.397709846496582" lon="103.92233848571777">
        <ele>-0.32</ele>
      </trkpt>
      <trkpt lat="1.397688388824463" lon="103.92212390899658">
        <ele>-0.26</ele>
      </trkpt>
      <trkpt lat="1.397752845659852" lon="103.92197370529175">
        <ele>-0.2</ele>
      </trkpt>
      <trkpt lat="1.3977957610040903" lon="103.92193078994751">
        <ele>-0.14</ele>
      </trkpt>
      <trkpt lat="1.3979027979075909" lon="103.92178075388074">
        <ele>-0.06</ele>
      </trkpt>
      <trkpt lat="1.39801025390625" lon="103.92163038253784">
        <ele>0.0</ele>
      </trkpt>
      <trkpt lat="1.3979887962341309" lon="103.92156600952148">
        <ele>0.09</ele>
      </trkpt>
      <trkpt lat="1.3979458808898926" lon="103.9215874671936">
        <ele>0.18</ele>
      </trkpt>
      <trkpt lat="1.3977743033319712" lon="103.92182350158691">
        <ele>0.28</ele>
      </trkpt>
      <trkpt lat="1.3976454734802246" lon="103.9218020439148">
        <ele>0.38</ele>
      </trkpt>
      <trkpt lat="1.3976025581359863" lon="103.9216947555542">
        <ele>0.49</ele>
      </trkpt>
      <trkpt lat="1.3978171348571777" lon="103.92148017883301">
        <ele>0.61</ele>
      </trkpt>
      <trkpt lat="1.3977743033319712" lon="103.92141580581665">
        <ele>0.73</ele>
      </trkpt>
      <trkpt lat="1.397656537592411" lon="103.92153348773718">
        <ele>0.86</ele>
      </trkpt>
      <trkpt lat="1.3975382689386606" lon="103.92165184020996">
        <ele>0.99</ele>
      </trkpt>
      <trkpt lat="1.3973450660705566" lon="103.92173767089844">
        <ele>1.13</ele>
      </trkpt>
      <trkpt lat="1.3971949461847544" lon="103.92173767089844">
        <ele>1.27</ele>
      </trkpt>
      <trkpt lat="1.3970446586608887" lon="103.92154455184937">
        <ele>1.42</ele>
      </trkpt>
      <trkpt lat="1.396958827972412" lon="103.9215874671936">
        <ele>1.58</ele>
      </trkpt>
      <trkpt lat="1.3967149145901203" lon="103.92178419046104">
        <ele>1.73</ele>
      </trkpt>
      <trkpt lat="1.3964710850268602" lon="103.92198099754751">
        <ele>1.89</ele>
      </trkpt>
      <trkpt lat="1.3962272554636002" lon="103.92217772081494">
        <ele>2.06</ele>
      </trkpt>
      <trkpt lat="1.39598342590034" lon="103.92237452790141">
        <ele>2.22</ele>
      </trkpt>
      <trkpt lat="1.395735740661621" lon="103.92257452011108">
        <ele>2.58</ele>
      </trkpt>
      <trkpt lat="1.3956071622669697" lon="103.92241383902729">
        <ele>2.73</ele>
      </trkpt>
      <trkpt lat="1.3954782485961914" lon="103.9222526550293">
        <ele>2.85</ele>
      </trkpt>
      <trkpt lat="1.3952536135911942" lon="103.92243445850909">
        <ele>3.02</ele>
      </trkpt>
      <trkpt lat="1.3950276374816895" lon="103.92261743545532">
        <ele>3.15</ele>
      </trkpt>
      <trkpt lat="1.3950490951538086" lon="103.92266035079956">
        <ele>3.31</ele>
      </trkpt>
      <trkpt lat="1.3949633482843637" lon="103.92274618148804">
        <ele>3.45</ele>
      </trkpt>
      <trkpt lat="1.3947457540780306" lon="103.92294223420322">
        <ele>3.58</ele>
      </trkpt>
      <trkpt lat="1.3945282436907291" lon="103.92313837073743">
        <ele>3.78</ele>
      </trkpt>
      <trkpt lat="1.394310649484396" lon="103.92333450727165">
        <ele>3.94</ele>
      </trkpt>
      <trkpt lat="1.3940931390970945" lon="103.92353064380586">
        <ele>4.11</ele>
      </trkpt>
      <trkpt lat="1.3938755448907614" lon="103.92372678034008">
        <ele>4.26</ele>
      </trkpt>
      <trkpt lat="1.3936543464660645" lon="103.92392635345459">
        <ele>4.4</ele>
      </trkpt>
      <trkpt lat="1.3936544302850962" lon="103.92392635345459">
        <ele>4.52</ele>
      </trkpt>
      <trkpt lat="1.393461311236024" lon="103.92409801483154">
        <ele>4.63</ele>
      </trkpt>
      <trkpt lat="1.3932429626584053" lon="103.92432055436075">
        <ele>4.7</ele>
      </trkpt>
      <trkpt lat="1.3930246140807867" lon="103.92454317770898">
        <ele>4.82</ele>
      </trkpt>
      <trkpt lat="1.392806265503168" lon="103.92476580105722">
        <ele>4.86</ele>
      </trkpt>
      <trkpt lat="1.3925879169255495" lon="103.92498842440546">
        <ele>4.94</ele>
      </trkpt>
      <trkpt lat="1.3923669699579477" lon="103.92521381378174">
        <ele>5.06</ele>
      </trkpt>
      <trkpt lat="1.3921741861850023" lon="103.92542788758874">
        <ele>5.13</ele>
      </trkpt>
      <trkpt lat="1.3919806480407715" lon="103.92564296722412">
        <ele>5.14</ele>
      </trkpt>
      <trkpt lat="1.3919807318598032" lon="103.92564296722412">
        <ele>5.19</ele>
      </trkpt>
      <trkpt lat="1.3918200507760048" lon="103.9258463960141">
        <ele>5.25</ele>
      </trkpt>
      <trkpt lat="1.391658866778016" lon="103.92605066299438">
        <ele>5.29</ele>
      </trkpt>
      <trkpt lat="1.3916373252868652" lon="103.9260721206665">
        <ele>5.34</ele>
      </trkpt>
      <trkpt lat="1.3915944937616587" lon="103.92611503601074">
        <ele>5.38</ele>
      </trkpt>
      <trkpt lat="1.3915515784174204" lon="103.9261794090271">
        <ele>5.42</ele>
      </trkpt>
      <trkpt lat="1.3915300369262695" lon="103.92620086669922">
        <ele>5.44</ele>
      </trkpt>
      <trkpt lat="1.3915514945983887" lon="103.92622232437134">
        <ele>5.46</ele>
      </trkpt>
      <trkpt lat="1.3915085792541504" lon="103.92626523971558">
        <ele>5.47</ele>
      </trkpt>
      <trkpt lat="1.3915115967392921" lon="103.926274292171">
        <ele>5.47</ele>
      </trkpt>
      <trkpt lat="1.3915300369262695" lon="103.92632961273193">
        <ele>5.47</ele>
      </trkpt>
      <trkpt lat="1.391765233129263" lon="103.92651669681072">
        <ele>5.47</ele>
      </trkpt>
      <trkpt lat="1.392000513151288" lon="103.92670386470854">
        <ele>5.42</ele>
      </trkpt>
      <trkpt lat="1.3922357931733131" lon="103.92689103260636">
        <ele>5.38</ele>
      </trkpt>
      <trkpt lat="1.3924741744995117" lon="103.9270806312561">
        <ele>5.34</ele>
      </trkpt>
      <trkpt lat="1.39251708984375" lon="103.92725229263306">
        <ele>5.32</ele>
      </trkpt>
      <trkpt lat="1.39251708984375" lon="103.92742395401001">
        <ele>5.29</ele>
      </trkpt>
      <trkpt lat="1.3923189416527748" lon="103.92766753211617">
        <ele>5.24</ele>
      </trkpt>
      <trkpt lat="1.3921207934617996" lon="103.92791119404137">
        <ele>5.36</ele>
      </trkpt>
      <trkpt lat="1.3919226452708244" lon="103.92815485596657">
        <ele>5.52</ele>
      </trkpt>
      <trkpt lat="1.391724580898881" lon="103.92839843407273">
        <ele>5.29</ele>
      </trkpt>
      <trkpt lat="1.3915264327079058" lon="103.92864209599793">
        <ele>5.19</ele>
      </trkpt>
      <trkpt lat="1.3913282845169306" lon="103.92888575792313">
        <ele>5.17</ele>
      </trkpt>
      <trkpt lat="1.391130220144987" lon="103.92912933602929">
        <ele>5.17</ele>
      </trkpt>
      <trkpt lat="1.3909292221069336" lon="103.92937660217285">
        <ele>5.16</ele>
      </trkpt>
      <trkpt lat="1.3908648490905762" lon="103.92933368682861">
        <ele>5.16</ele>
      </trkpt>
      <trkpt lat="1.3908005598932505" lon="103.92939805984497">
        <ele>5.15</ele>
      </trkpt>
      <trkpt lat="1.3908004760742188" lon="103.92939805984497">
        <ele>5.15</ele>
      </trkpt>
      <trkpt lat="1.3907361030578613" lon="103.92950534820557">
        <ele>5.14</ele>
      </trkpt>
      <trkpt lat="1.3907575607299805" lon="103.92956972122192">
        <ele>5.13</ele>
      </trkpt>
      <trkpt lat="1.3905605021864176" lon="103.92979234457016">
        <ele>5.08</ele>
      </trkpt>
      <trkpt lat="1.3903635274618864" lon="103.93001505173743">
        <ele>5.15</ele>
      </trkpt>
      <trkpt lat="1.3901665527373552" lon="103.9302377589047">
        <ele>5.21</ele>
      </trkpt>
      <trkpt lat="1.3899694941937923" lon="103.93046046607196">
        <ele>5.21</ele>
      </trkpt>
      <trkpt lat="1.3897705078125" lon="103.93068552017212">
        <ele>5.19</ele>
      </trkpt>
      <trkpt lat="1.3895709346979856" lon="103.93082088790834">
        <ele>5.23</ele>
      </trkpt>
      <trkpt lat="1.389371445402503" lon="103.93095625564456">
        <ele>5.3</ele>
      </trkpt>
      <trkpt lat="1.389169692993164" lon="103.93109321594238">
        <ele>5.34</ele>
      </trkpt>
      <trkpt lat="1.3889561221003532" lon="103.93118927255273">
        <ele>5.38</ele>
      </trkpt>
      <trkpt lat="1.388740623369813" lon="103.93128633499146">
        <ele>5.44</ele>
      </trkpt>
      <trkpt lat="1.388455806300044" lon="103.93141441047192">
        <ele>5.48</ele>
      </trkpt>
      <trkpt lat="1.3881710730493069" lon="103.93154256977141">
        <ele>5.58</ele>
      </trkpt>
      <trkpt lat="1.387886255979538" lon="103.9316707290709">
        <ele>5.72</ele>
      </trkpt>
      <trkpt lat="1.3876015227288008" lon="103.93179880455136">
        <ele>5.83</ele>
      </trkpt>
      <trkpt lat="1.3873167894780636" lon="103.93192696385086">
        <ele>5.91</ele>
      </trkpt>
      <trkpt lat="1.38702392578125" lon="103.93205881118774">
        <ele>5.94</ele>
      </trkpt>
      <trkpt lat="1.3867888133972883" lon="103.93220834434032">
        <ele>6.07</ele>
      </trkpt>
      <trkpt lat="1.386551856994629" lon="103.93235921859741">
        <ele>6.27</ele>
      </trkpt>
      <trkpt lat="1.3863379508256912" lon="103.9325410220772">
        <ele>6.48</ele>
      </trkpt>
      <trkpt lat="1.3861227873712778" lon="103.93272399902344">
        <ele>6.66</ele>
      </trkpt>
      <trkpt lat="1.3858771976083517" lon="103.93280932679772">
        <ele>6.78</ele>
      </trkpt>
      <trkpt lat="1.3856291770935059" lon="103.93289566040039">
        <ele>6.91</ele>
      </trkpt>
      <trkpt lat="1.3855220563709736" lon="103.93302415497601">
        <ele>7.08</ele>
      </trkpt>
      <trkpt lat="1.3854146003723145" lon="103.93315315246582">
        <ele>7.24</ele>
      </trkpt>
      <trkpt lat="1.3852606248110533" lon="103.93340251408517">
        <ele>7.34</ele>
      </trkpt>
      <trkpt lat="1.385106649249792" lon="103.93365195952356">
        <ele>7.52</ele>
      </trkpt>
      <trkpt lat="1.384952673688531" lon="103.93390140496194">
        <ele>7.68</ele>
      </trkpt>
      <trkpt lat="1.3847987819463015" lon="103.93415085040033">
        <ele>7.84</ele>
      </trkpt>
      <trkpt lat="1.3846448063850403" lon="103.93440029583871">
        <ele>8.03</ele>
      </trkpt>
      <trkpt lat="1.384490830823779" lon="103.9346497412771">
        <ele>8.22</ele>
      </trkpt>
      <trkpt lat="1.3843369390815496" lon="103.93489918671548">
        <ele>8.33</ele>
      </trkpt>
      <trkpt lat="1.3841829635202885" lon="103.93514863215387">
        <ele>8.47</ele>
      </trkpt>
      <trkpt lat="1.3840289879590273" lon="103.93539807759225">
        <ele>8.59</ele>
      </trkpt>
      <trkpt lat="1.3838750962167978" lon="103.93564752303064">
        <ele>8.72</ele>
      </trkpt>
      <trkpt lat="1.3837194442749023" lon="103.93589973449707">
        <ele>8.77</ele>
      </trkpt>
      <trkpt lat="1.383687173947692" lon="103.936060750857">
        <ele>8.81</ele>
      </trkpt>
      <trkpt lat="1.383655071258545" lon="103.93622159957886">
        <ele>8.82</ele>
      </trkpt>
      <trkpt lat="1.3837839011102915" lon="103.93647909164429">
        <ele>8.87</ele>
      </trkpt>
      <trkpt lat="1.3839983940124512" lon="103.93639326095581">
        <ele>8.93</ele>
      </trkpt>
      <trkpt lat="1.384241972118616" lon="103.93653424456716">
        <ele>8.92</ele>
      </trkpt>
      <trkpt lat="1.384485550224781" lon="103.93667531199753">
        <ele>8.91</ele>
      </trkpt>
      <trkpt lat="1.3847292121499777" lon="103.93681629560888">
        <ele>8.9</ele>
      </trkpt>
      <trkpt lat="1.3849727902561426" lon="103.93695736303926">
        <ele>8.83</ele>
      </trkpt>
      <trkpt lat="1.385221565142274" lon="103.93710136413574">
        <ele>8.72</ele>
      </trkpt>
      <trkpt lat="1.3853073120117188" lon="103.93699407577515">
        <ele>8.61</ele>
      </trkpt>
      <trkpt lat="1.3855530694127083" lon="103.93714897334576">
        <ele>8.47</ele>
      </trkpt>
      <trkpt lat="1.3857988268136978" lon="103.9373039547354">
        <ele>8.31</ele>
      </trkpt>
      <trkpt lat="1.386044668033719" lon="103.93745893612504">
        <ele>8.19</ele>
      </trkpt>
      <trkpt lat="1.3862943649291992" lon="103.9376163482666">
        <ele>7.96</ele>
      </trkpt>
      <trkpt lat="1.3864300679415464" lon="103.93784500658512">
        <ele>7.74</ele>
      </trkpt>
      <trkpt lat="1.3865658547729254" lon="103.93807366490364">
        <ele>7.62</ele>
      </trkpt>
      <trkpt lat="1.386702060699463" lon="103.93830299377441">
        <ele>7.52</ele>
      </trkpt>
      <trkpt lat="1.3868945091962814" lon="103.93845269456506">
        <ele>7.42</ele>
      </trkpt>
      <trkpt lat="1.3870882987976074" lon="103.93860340118408">
        <ele>7.35</ele>
      </trkpt>
      <trkpt lat="1.3869028072804213" lon="103.93876735121012">
        <ele>7.19</ele>
      </trkpt>
      <trkpt lat="1.3867173995822668" lon="103.93893138505518">
        <ele>7.02</ele>
      </trkpt>
      <trkpt lat="1.3865303993225098" lon="103.93909692764282">
        <ele>6.86</ele>
      </trkpt>
      <trkpt lat="1.3867298047989607" lon="103.93921083770692">
        <ele>6.7</ele>
      </trkpt>
      <trkpt lat="1.3869292102754116" lon="103.93932483159006">
        <ele>6.54</ele>
      </trkpt>
      <trkpt lat="1.3871312141418457" lon="103.93944025039673">
        <ele>6.43</ele>
      </trkpt>
      <trkpt lat="1.3874192163348198" lon="103.93939750269055">
        <ele>6.34</ele>
      </trkpt>
      <trkpt lat="1.3877105712890625" lon="103.93935441970825">
        <ele>6.17</ele>
      </trkpt>
      <trkpt lat="1.3878069631755352" lon="103.9392258413136">
        <ele>5.99</ele>
      </trkpt>
      <trkpt lat="1.3879037741571665" lon="103.93909692764282">
        <ele>5.8</ele>
      </trkpt>
      <trkpt lat="1.3880533073097467" lon="103.9391930680722">
        <ele>5.64</ele>
      </trkpt>
      <trkpt lat="1.3882040977478027" lon="103.9392900466919">
        <ele>5.53</ele>
      </trkpt>
      <trkpt lat="1.3883543014526367" lon="103.93948316574097">
        <ele>5.4</ele>
      </trkpt>
      <trkpt lat="1.3883543852716684" lon="103.93948316574097">
        <ele>5.28</ele>
      </trkpt>
      <trkpt lat="1.3884401321411133" lon="103.9396333694458">
        <ele>5.14</ele>
      </trkpt>
      <trkpt lat="1.3884615898132324" lon="103.93991231918335">
        <ele>5.01</ele>
      </trkpt>
      <trkpt lat="1.3884078618139029" lon="103.94007325172424">
        <ele>4.93</ele>
      </trkpt>
      <trkpt lat="1.3883543014526367" lon="103.94023418426514">
        <ele>4.87</ele>
      </trkpt>
      <trkpt lat="1.388245252892375" lon="103.94041121006012">
        <ele>4.79</ele>
      </trkpt>
      <trkpt lat="1.3881361205130816" lon="103.94058873876929">
        <ele>4.67</ele>
      </trkpt>
      <trkpt lat="1.3880109786987305" lon="103.94079208374023">
        <ele>4.59</ele>
      </trkpt>
      <trkpt lat="1.3878610264509916" lon="103.94098486751318">
        <ele>4.59</ele>
      </trkpt>
      <trkpt lat="1.3877105712890625" lon="103.94117832183838">
        <ele>4.69</ele>
      </trkpt>
      <trkpt lat="1.3874645624309778" lon="103.9413707703352">
        <ele>4.7</ele>
      </trkpt>
      <trkpt lat="1.3872170448303223" lon="103.94156455993652">
        <ele>4.71</ele>
      </trkpt>
      <trkpt lat="1.3871527556329966" lon="103.94167184829712">
        <ele>4.73</ele>
      </trkpt>
      <trkpt lat="1.3870668411254883" lon="103.941893549636">
        <ele>4.74</ele>
      </trkpt>
      <trkpt lat="1.3869810104370117" lon="103.9421152509749">
        <ele>4.77</ele>
      </trkpt>
      <trkpt lat="1.3868951797485352" lon="103.94233703613281">
        <ele>4.78</ele>
      </trkpt>
      <trkpt lat="1.3867523521184921" lon="103.94251548685133">
        <ele>4.82</ele>
      </trkpt>
      <trkpt lat="1.386609524488449" lon="103.94269402138889">
        <ele>4.9</ele>
      </trkpt>
      <trkpt lat="1.3864660263061523" lon="103.94287347793579">
        <ele>5.03</ele>
      </trkpt>
      <trkpt lat="1.3864017371088266" lon="103.94308805465698">
        <ele>5.16</ele>
      </trkpt>
      <trkpt lat="1.3862085342407227" lon="103.9433240890503">
        <ele>5.26</ele>
      </trkpt>
      <trkpt lat="1.386154806241393" lon="103.94348502159119">
        <ele>5.35</ele>
      </trkpt>
      <trkpt lat="1.386101245880127" lon="103.94364595413208">
        <ele>5.48</ele>
      </trkpt>
      <trkpt lat="1.3860048539936543" lon="103.9437744487077">
        <ele>5.64</ele>
      </trkpt>
      <trkpt lat="1.3859082106500864" lon="103.94390344619751">
        <ele>5.85</ele>
      </trkpt>
      <trkpt lat="1.3856834918260574" lon="103.94409597851336">
        <ele>6.1</ele>
      </trkpt>
      <trkpt lat="1.3854575157165527" lon="103.94428968429565">
        <ele>6.28</ele>
      </trkpt>
      <trkpt lat="1.3854575995355844" lon="103.94437551498413">
        <ele>6.43</ele>
      </trkpt>
      <trkpt lat="1.3853073120117188" lon="103.94435405731201">
        <ele>6.6</ele>
      </trkpt>
      <trkpt lat="1.3850927352905273" lon="103.94439697265625">
        <ele>6.75</ele>
      </trkpt>
      <trkpt lat="1.384921157732606" lon="103.94450426101685">
        <ele>6.9</ele>
      </trkpt>
      <trkpt lat="1.3847925793379545" lon="103.94468631595373">
        <ele>7.11</ele>
      </trkpt>
      <trkpt lat="1.3846636656671762" lon="103.94486904144287">
        <ele>7.34</ele>
      </trkpt>
      <trkpt lat="1.3846099376678467" lon="103.94504070281982">
        <ele>7.47</ele>
      </trkpt>
      <trkpt lat="1.3845562934875488" lon="103.94521236419678">
        <ele>7.62</ele>
      </trkpt>
      <trkpt lat="1.3844276312738657" lon="103.9454698562622">
        <ele>7.79</ele>
      </trkpt>
      <trkpt lat="1.3843847159296274" lon="103.9455771446228">
        <ele>7.93</ele>
      </trkpt>
      <trkpt lat="1.3843131344765425" lon="103.94578451290727">
        <ele>8.1</ele>
      </trkpt>
      <trkpt lat="1.3842416368424892" lon="103.94599196501076">
        <ele>8.23</ele>
      </trkpt>
      <trkpt lat="1.384170139208436" lon="103.94619941711426">
        <ele>8.29</ele>
      </trkpt>
      <trkpt lat="1.3840521220117807" lon="103.94642455503345">
        <ele>8.38</ele>
      </trkpt>
      <trkpt lat="1.3839340209960938" lon="103.94665002822876">
        <ele>8.49</ele>
      </trkpt>
      <trkpt lat="1.3837483618408442" lon="103.94687843509018">
        <ele>8.61</ele>
      </trkpt>
      <trkpt lat="1.3835627026855946" lon="103.94710692577064">
        <ele>8.64</ele>
      </trkpt>
      <trkpt lat="1.383376121520996" lon="103.94733667373657">
        <ele>8.67</ele>
      </trkpt>
      <trkpt lat="1.3832902908325195" lon="103.94752970896661">
        <ele>8.74</ele>
      </trkpt>
      <trkpt lat="1.383204460144043" lon="103.94772291183472">
        <ele>8.85</ele>
      </trkpt>
      <trkpt lat="1.3831829186528921" lon="103.94801275804639">
        <ele>8.89</ele>
      </trkpt>
      <trkpt lat="1.3831615447998047" lon="103.94830226898193">
        <ele>8.89</ele>
      </trkpt>
      <trkpt lat="1.3830757141113281" lon="103.94848457537591">
        <ele>8.93</ele>
      </trkpt>
      <trkpt lat="1.3829898834228516" lon="103.94866704940796">
        <ele>8.98</ele>
      </trkpt>
      <trkpt lat="1.3828182220458984" lon="103.9488172531128">
        <ele>9.02</ele>
      </trkpt>
      <trkpt lat="1.3826251029968262" lon="103.94892454147339">
        <ele>9.03</ele>
      </trkpt>
      <trkpt lat="1.3823676109313965" lon="103.94894599914551">
        <ele>8.97</ele>
      </trkpt>
      <trkpt lat="1.3821531180292368" lon="103.94911766052246">
        <ele>8.88</ele>
      </trkpt>
      <trkpt lat="1.3821101188659668" lon="103.94924640655518">
        <ele>8.83</ele>
      </trkpt>
      <trkpt lat="1.382056474685669" lon="103.94940733909607">
        <ele>8.75</ele>
      </trkpt>
      <trkpt lat="1.3820029143244028" lon="103.94956827163696">
        <ele>8.73</ele>
      </trkpt>
      <trkpt lat="1.3820029143244028" lon="103.94973993301392">
        <ele>8.67</ele>
      </trkpt>
      <trkpt lat="1.3820029143244028" lon="103.94980430603027">
        <ele>8.62</ele>
      </trkpt>
      <trkpt lat="1.3819599151611328" lon="103.95004034042358">
        <ele>8.6</ele>
      </trkpt>
      <trkpt lat="1.381852626800537" lon="103.95024402067065">
        <ele>8.55</ele>
      </trkpt>
      <trkpt lat="1.3817453384399414" lon="103.95044803619385">
        <ele>8.43</ele>
      </trkpt>
      <trkpt lat="1.3816595915704966" lon="103.95070552825928">
        <ele>8.28</ele>
      </trkpt>
      <trkpt lat="1.3816381338983774" lon="103.95087718963623">
        <ele>8.19</ele>
      </trkpt>
      <trkpt lat="1.3815952185541391" lon="103.9510703086853">
        <ele>8.08</ele>
      </trkpt>
      <trkpt lat="1.3815523032099009" lon="103.9511775970459">
        <ele>7.98</ele>
      </trkpt>
      <trkpt lat="1.38153076171875" lon="103.95122051239014">
        <ele>7.88</ele>
      </trkpt>
      <trkpt lat="1.381407380104065" lon="103.95146710798144">
        <ele>7.78</ele>
      </trkpt>
      <trkpt lat="1.3812840823084116" lon="103.95171378739178">
        <ele>7.7</ele>
      </trkpt>
      <trkpt lat="1.3811607845127583" lon="103.95196038298309">
        <ele>7.57</ele>
      </trkpt>
      <trkpt lat="1.3810372352600098" lon="103.95220756530762">
        <ele>7.43</ele>
      </trkpt>
      <trkpt lat="1.380951488390565" lon="103.95234687253833">
        <ele>7.27</ele>
      </trkpt>
      <trkpt lat="1.3808656577020884" lon="103.95248651504517">
        <ele>7.05</ele>
      </trkpt>
      <trkpt lat="1.3808871153742075" lon="103.95270109176636">
        <ele>6.84</ele>
      </trkpt>
      <trkpt lat="1.3809085730463266" lon="103.9527440071106">
        <ele>6.7</ele>
      </trkpt>
      <trkpt lat="1.3809085730463266" lon="103.95291566848755">
        <ele>6.53</ele>
      </trkpt>
      <trkpt lat="1.3808656577020884" lon="103.95315170288086">
        <ele>6.48</ele>
      </trkpt>
      <trkpt lat="1.3808226585388184" lon="103.95334482192993">
        <ele>6.42</ele>
      </trkpt>
      <trkpt lat="1.38082274235785" lon="103.95334482192993">
        <ele>6.29</ele>
      </trkpt>
      <trkpt lat="1.3807583693414927" lon="103.95345211029053">
        <ele>6.2</ele>
      </trkpt>
      <trkpt lat="1.3807154539972544" lon="103.95360231399536">
        <ele>6.1</ele>
      </trkpt>
      <trkpt lat="1.3806402683258057" lon="103.95387061871588">
        <ele>6.01</ele>
      </trkpt>
      <trkpt lat="1.3805652502924204" lon="103.95413875579834">
        <ele>5.86</ele>
      </trkpt>
      <trkpt lat="1.3805651664733887" lon="103.95413875579834">
        <ele>5.73</ele>
      </trkpt>
      <trkpt lat="1.3805007934570312" lon="103.95441770553589">
        <ele>5.51</ele>
      </trkpt>
      <trkpt lat="1.3802763260900974" lon="103.9542787335813">
        <ele>5.41</ele>
      </trkpt>
      <trkpt lat="1.3800501823425293" lon="103.95413875579834">
        <ele>5.31</ele>
      </trkpt>
      <trkpt lat="1.3798999786376953" lon="103.9540958404541">
        <ele>5.21</ele>
      </trkpt>
      <trkpt lat="1.3797079492360353" lon="103.95408511161804">
        <ele>5.1</ele>
      </trkpt>
      <trkpt lat="1.3795137405395508" lon="103.95407438278198">
        <ele>4.97</ele>
      </trkpt>
      <trkpt lat="1.3792893569916487" lon="103.95395686849952">
        <ele>4.83</ele>
      </trkpt>
      <trkpt lat="1.3790631294250488" lon="103.95383834838867">
        <ele>4.7</ele>
      </trkpt>
      <trkpt lat="1.3788056373596191" lon="103.95381689071655">
        <ele>4.61</ele>
      </trkpt>
      <trkpt lat="1.3786063157022" lon="103.9537313953042">
        <ele>4.54</ele>
      </trkpt>
      <trkpt lat="1.3784069940447807" lon="103.95364598371089">
        <ele>4.47</ele>
      </trkpt>
      <trkpt lat="1.3782048225402832" lon="103.95355939865112">
        <ele>4.37</ele>
      </trkpt>
      <trkpt lat="1.3779770862311125" lon="103.95349536091089">
        <ele>4.25</ele>
      </trkpt>
      <trkpt lat="1.3777494337409735" lon="103.95343132317066">
        <ele>4.13</ele>
      </trkpt>
      <trkpt lat="1.3775181770324707" lon="103.95336627960205">
        <ele>4.04</ele>
      </trkpt>
      <trkpt lat="1.377251297235489" lon="103.95327013917267">
        <ele>3.97</ele>
      </trkpt>
      <trkpt lat="1.377047197893262" lon="103.95319671370089">
        <ele>3.87</ele>
      </trkpt>
      <trkpt lat="1.3769817352294922" lon="103.95317316055298">
        <ele>3.79</ele>
      </trkpt>
      <trkpt lat="1.376810073852539" lon="103.95315170288086">
        <ele>3.7</ele>
      </trkpt>
      <trkpt lat="1.3766384962946177" lon="103.95291566848755">
        <ele>3.62</ele>
      </trkpt>
      <trkpt lat="1.3766813278198242" lon="103.95263671875">
        <ele>3.72</ele>
      </trkpt>
      <trkpt lat="1.3766813278198242" lon="103.95257234573364">
        <ele>3.71</ele>
      </trkpt>
      <trkpt lat="1.3764253444969654" lon="103.95255809649825">
        <ele>3.61</ele>
      </trkpt>
      <trkpt lat="1.3761693611741066" lon="103.95254384726286">
        <ele>3.59</ele>
      </trkpt>
      <trkpt lat="1.3759089354425669" lon="103.9525294303894">
        <ele>3.63</ele>
      </trkpt>
      <trkpt lat="1.3756528683006763" lon="103.9525294303894">
        <ele>3.72</ele>
      </trkpt>
      <trkpt lat="1.3753938674926758" lon="103.9525294303894">
        <ele>3.81</ele>
      </trkpt>
      <trkpt lat="1.3751364592462778" lon="103.95246505737305">
        <ele>3.93</ele>
      </trkpt>
      <trkpt lat="1.3750720862299204" lon="103.95248651504517">
        <ele>4.03</ele>
      </trkpt>
      <trkpt lat="1.3749862555414438" lon="103.95248651504517">
        <ele>4.16</ele>
      </trkpt>
      <trkpt lat="1.3749862555414438" lon="103.95259380340576">
        <ele>4.27</ele>
      </trkpt>
      <trkpt lat="1.3749862555414438" lon="103.95261526107788">
        <ele>4.42</ele>
      </trkpt>
      <trkpt lat="1.375029170885682" lon="103.95291566848755">
        <ele>4.51</ele>
      </trkpt>
      <trkpt lat="1.375061273574829" lon="103.95315187051892">
        <ele>4.65</ele>
      </trkpt>
      <trkpt lat="1.3750934600830078" lon="103.95338773727417">
        <ele>4.87</ele>
      </trkpt>
      <trkpt lat="1.3750935439020395" lon="103.95338773727417">
        <ele>5.09</ele>
      </trkpt>
      <trkpt lat="1.3751150015741587" lon="103.95349502563477">
        <ele>5.33</ele>
      </trkpt>
      <trkpt lat="1.3751435838639736" lon="103.95378126762807">
        <ele>5.68</ele>
      </trkpt>
      <trkpt lat="1.3751722499728203" lon="103.95406759344041">
        <ele>6.02</ele>
      </trkpt>
      <trkpt lat="1.3752008322626352" lon="103.95435333251953">
        <ele>6.35</ele>
      </trkpt>
      <trkpt lat="1.3752007484436035" lon="103.95437479019165">
        <ele>6.62</ele>
      </trkpt>
      <trkpt lat="1.3752008322626352" lon="103.95437479019165">
        <ele>6.89</ele>
      </trkpt>
      <trkpt lat="1.3752383831888437" lon="103.9546431787312">
        <ele>7.2</ele>
      </trkpt>
      <trkpt lat="1.3752759341150522" lon="103.95491156727076">
        <ele>7.53</ele>
      </trkpt>
      <trkpt lat="1.3753134850412607" lon="103.95517995581031">
        <ele>7.86</ele>
      </trkpt>
      <trkpt lat="1.3753510359674692" lon="103.95544767379761">
        <ele>8.15</ele>
      </trkpt>
      <trkpt lat="1.3753724936395884" lon="103.95571606233716">
        <ele>8.4</ele>
      </trkpt>
      <trkpt lat="1.3753939513117075" lon="103.95598411560059">
        <ele>8.64</ele>
      </trkpt>
      <trkpt lat="1.3754154089838266" lon="103.95609140396118">
        <ele>8.88</ele>
      </trkpt>
      <trkpt lat="1.3754154089838266" lon="103.9562201499939">
        <ele>9.11</ele>
      </trkpt>
      <trkpt lat="1.3754154089838266" lon="103.95626306533813">
        <ele>9.37</ele>
      </trkpt>
      <trkpt lat="1.3754296582192183" lon="103.95651360042393">
        <ele>9.54</ele>
      </trkpt>
      <trkpt lat="1.3754439074546099" lon="103.95676413550973">
        <ele>9.75</ele>
      </trkpt>
      <trkpt lat="1.3754582405090332" lon="103.9570140838623">
        <ele>10.04</ele>
      </trkpt>
      <trkpt lat="1.375458324328065" lon="103.9570140838623">
        <ele>10.3</ele>
      </trkpt>
      <trkpt lat="1.3754689693450928" lon="103.95725028589368">
        <ele>10.6</ele>
      </trkpt>
      <trkpt lat="1.3754796981811523" lon="103.95748615264893">
        <ele>10.92</ele>
      </trkpt>
      <trkpt lat="1.375479782000184" lon="103.95748615264893">
        <ele>11.16</ele>
      </trkpt>
      <trkpt lat="1.3754754234105349" lon="103.95778681151569">
        <ele>11.49</ele>
      </trkpt>
      <trkpt lat="1.3754711486399174" lon="103.95808747038245">
        <ele>11.82</ele>
      </trkpt>
      <trkpt lat="1.3754667900502682" lon="103.95838812924922">
        <ele>12.08</ele>
      </trkpt>
      <trkpt lat="1.3754625152796507" lon="103.95868878811598">
        <ele>12.28</ele>
      </trkpt>
      <trkpt lat="1.3754582405090332" lon="103.95898818969727">
        <ele>12.41</ele>
      </trkpt>
      <trkpt lat="1.375458324328065" lon="103.95898818969727">
        <ele>12.6</ele>
      </trkpt>
      <trkpt lat="1.375458324328065" lon="103.95907402038574">
        <ele>12.79</ele>
      </trkpt>
      <trkpt lat="1.3754368666559458" lon="103.9591383934021">
        <ele>12.98</ele>
      </trkpt>
      <trkpt lat="1.3754045963287354" lon="103.95942823961377">
        <ele>13.14</ele>
      </trkpt>
      <trkpt lat="1.3753724936395884" lon="103.95971775054932">
        <ele>13.28</ele>
      </trkpt>
      <trkpt lat="1.375308120623231" lon="103.95997524261475">
        <ele>13.38</ele>
      </trkpt>
      <trkpt lat="1.3752543926239014" lon="103.96027581766248">
        <ele>13.47</ele>
      </trkpt>
      <trkpt lat="1.3752007484436035" lon="103.96057639271021">
        <ele>13.61</ele>
      </trkpt>
      <trkpt lat="1.375147020444274" lon="103.96087696775794">
        <ele>13.82</ele>
      </trkpt>
      <trkpt lat="1.3750935439020395" lon="103.96117687225342">
        <ele>13.95</ele>
      </trkpt>
      <trkpt lat="1.3750720862299204" lon="103.9612627029419">
        <ele>14.04</ele>
      </trkpt>
      <trkpt lat="1.3750720862299204" lon="103.96136999130249">
        <ele>14.09</ele>
      </trkpt>
      <trkpt lat="1.3750505447387695" lon="103.96141290664673">
        <ele>14.16</ele>
      </trkpt>
      <trkpt lat="1.3750506285578012" lon="103.96141290664673">
        <ele>14.24</ele>
      </trkpt>
      <trkpt lat="1.3750076293945312" lon="103.96165975369513">
        <ele>14.25</ele>
      </trkpt>
      <trkpt lat="1.3749647978693247" lon="103.96190643310547">
        <ele>14.31</ele>
      </trkpt>
      <trkpt lat="1.3749218825250864" lon="103.96214246749878">
        <ele>14.37</ele>
      </trkpt>
      <trkpt lat="1.3748359680175781" lon="103.96243222989142">
        <ele>14.4</ele>
      </trkpt>
      <trkpt lat="1.3747501373291016" lon="103.962721824646">
        <ele>14.48</ele>
      </trkpt>
      <trkpt lat="1.3747502211481333" lon="103.962721824646">
        <ele>14.55</ele>
      </trkpt>
      <trkpt lat="1.374632203951478" lon="103.96293623372912">
        <ele>14.68</ele>
      </trkpt>
      <trkpt lat="1.374514102935791" lon="103.96315097808838">
        <ele>14.83</ele>
      </trkpt>
      <trkpt lat="1.3743571937084198" lon="103.96329355426133">
        <ele>15.0</ele>
      </trkpt>
      <trkpt lat="1.3742002844810486" lon="103.9634362142533">
        <ele>15.15</ele>
      </trkpt>
      <trkpt lat="1.3740421179682016" lon="103.96358013153076">
        <ele>15.18</ele>
      </trkpt>
      <trkpt lat="1.373956287279725" lon="103.963623046875">
        <ele>15.23</ele>
      </trkpt>
      <trkpt lat="1.3738704565912485" lon="103.96366596221924">
        <ele>15.28</ele>
      </trkpt>
      <trkpt lat="1.373635595664382" lon="103.9637406449765">
        <ele>15.24</ele>
      </trkpt>
      <trkpt lat="1.3733983039855957" lon="103.96381616592407">
        <ele>15.35</ele>
      </trkpt>
      <trkpt lat="1.3732267264276743" lon="103.96383762359619">
        <ele>15.57</ele>
      </trkpt>
      <trkpt lat="1.3729422446340322" lon="103.9638233743608">
        <ele>15.79</ele>
      </trkpt>
      <trkpt lat="1.3726577628403902" lon="103.96380912512541">
        <ele>15.81</ele>
      </trkpt>
      <trkpt lat="1.3723733648657799" lon="103.96379487589002">
        <ele>15.82</ele>
      </trkpt>
      <trkpt lat="1.3720888830721378" lon="103.96378071047366">
        <ele>16.0</ele>
      </trkpt>
      <trkpt lat="1.3718044850975275" lon="103.96376646123827">
        <ele>16.31</ele>
      </trkpt>
      <trkpt lat="1.3715100288391113" lon="103.96375179290771">
        <ele>16.63</ele>
      </trkpt>
      <trkpt lat="1.371510112658143" lon="103.96375179290771">
        <ele>16.86</ele>
      </trkpt>
      <trkpt lat="1.37133845128119" lon="103.9637303352356">
        <ele>17.14</ele>
      </trkpt>
      <trkpt lat="1.3711667899042368" lon="103.9637303352356">
        <ele>17.37</ele>
      </trkpt>
      <trkpt lat="1.3709107227623463" lon="103.96370896138251">
        <ele>17.61</ele>
      </trkpt>
      <trkpt lat="1.3706518057733774" lon="103.96368741989136">
        <ele>17.88</ele>
      </trkpt>
      <trkpt lat="1.3704704213887453" lon="103.96369806490839">
        <ele>18.19</ele>
      </trkpt>
      <trkpt lat="1.3702869415283203" lon="103.96370887756348">
        <ele>18.52</ele>
      </trkpt>
      <trkpt lat="1.370116202160716" lon="103.96375154145062">
        <ele>18.83</ele>
      </trkpt>
      <trkpt lat="1.369943618774414" lon="103.96379470825195">
        <ele>19.12</ele>
      </trkpt>
      <trkpt lat="1.369672967121005" lon="103.96394776180387">
        <ele>19.34</ele>
      </trkpt>
      <trkpt lat="1.369402315467596" lon="103.96410089917481">
        <ele>19.6</ele>
      </trkpt>
      <trkpt lat="1.369131663814187" lon="103.96425403654575">
        <ele>20.01</ele>
      </trkpt>
      <trkpt lat="1.368861012160778" lon="103.9644071739167">
        <ele>20.52</ele>
      </trkpt>
      <trkpt lat="1.368590360507369" lon="103.96456031128764">
        <ele>20.96</ele>
      </trkpt>
      <trkpt lat="1.3683128356933594" lon="103.96471738815308">
        <ele>21.23</ele>
      </trkpt>
      <trkpt lat="1.368312919512391" lon="103.96471738815308">
        <ele>21.5</ele>
      </trkpt>
      <trkpt lat="1.3680768851190805" lon="103.96484613418579">
        <ele>21.68</ele>
      </trkpt>
      <trkpt lat="1.3679266814142466" lon="103.96495342254639">
        <ele>21.89</ele>
      </trkpt>
      <trkpt lat="1.3678837660700083" lon="103.9649748802185">
        <ele>22.11</ele>
      </trkpt>
      <trkpt lat="1.3677979353815317" lon="103.96503925323486">
        <ele>22.31</ele>
      </trkpt>
      <trkpt lat="1.3678407669067383" lon="103.96514654159546">
        <ele>22.49</ele>
      </trkpt>
      <trkpt lat="1.3678623083978891" lon="103.96516799926758">
        <ele>22.65</ele>
      </trkpt>
      <trkpt lat="1.3679426908493042" lon="103.96530596539378">
        <ele>22.84</ele>
      </trkpt>
      <trkpt lat="1.3680125121027231" lon="103.96542549133301">
        <ele>23.0</ele>
      </trkpt>
      <trkpt lat="1.368119716644287" lon="103.96562917158008">
        <ele>23.17</ele>
      </trkpt>
      <trkpt lat="1.3682270888239145" lon="103.96583318710327">
        <ele>23.27</ele>
      </trkpt>
      <trkpt lat="1.3683503028005362" lon="103.96604214794934">
        <ele>23.31</ele>
      </trkpt>
      <trkpt lat="1.3684736005961895" lon="103.96625119261444">
        <ele>23.28</ele>
      </trkpt>
      <trkpt lat="1.3685968983918428" lon="103.96646023727953">
        <ele>23.26</ele>
      </trkpt>
      <trkpt lat="1.3687206152826548" lon="103.96667003631592">
        <ele>23.15</ele>
      </trkpt>
      <trkpt lat="1.3687849882990122" lon="103.96677732467651">
        <ele>23.02</ele>
      </trkpt>
      <trkpt lat="1.3689134828746319" lon="103.96698092110455">
        <ele>22.85</ele>
      </trkpt>
      <trkpt lat="1.3690423965454102" lon="103.96718502044678">
        <ele>22.66</ele>
      </trkpt>
      <trkpt lat="1.3690424803644419" lon="103.96718502044678">
        <ele>22.47</ele>
      </trkpt>
      <trkpt lat="1.3691924326121807" lon="103.9674099907279">
        <ele>22.19</ele>
      </trkpt>
      <trkpt lat="1.3693428039550781" lon="103.96763563156128">
        <ele>21.87</ele>
      </trkpt>
      <trkpt lat="1.3695355039089918" lon="103.96784970536828">
        <ele>21.6</ele>
      </trkpt>
      <trkpt lat="1.3697290420532227" lon="103.96806478500366">
        <ele>21.3</ele>
      </trkpt>
      <trkpt lat="1.3697291258722544" lon="103.96806478500366">
        <ele>20.98</ele>
      </trkpt>
      <trkpt lat="1.3697934988886118" lon="103.96812915802002">
        <ele>20.64</ele>
      </trkpt>
      <trkpt lat="1.36983641423285" lon="103.96817207336426">
        <ele>20.28</ele>
      </trkpt>
      <trkpt lat="1.3698792457580566" lon="103.9682149887085">
        <ele>19.9</ele>
      </trkpt>
      <trkpt lat="1.3698793295770884" lon="103.9682149887085">
        <ele>19.51</ele>
      </trkpt>
      <trkpt lat="1.3700648210942745" lon="103.96841472946107">
        <ele>19.09</ele>
      </trkpt>
      <trkpt lat="1.3702503964304924" lon="103.96861455403268">
        <ele>18.63</ele>
      </trkpt>
      <trkpt lat="1.370437229052186" lon="103.96881580352783">
        <ele>18.16</ele>
      </trkpt>
      <trkpt lat="1.3705445174127817" lon="103.96892309188843">
        <ele>17.7</ele>
      </trkpt>
      <trkpt lat="1.3707156758755445" lon="103.96909425035119">
        <ele>17.26</ele>
      </trkpt>
      <trkpt lat="1.370887840166688" lon="103.96926641464233">
        <ele>16.8</ele>
      </trkpt>
      <trkpt lat="1.3710661232471466" lon="103.9694375731051">
        <ele>16.31</ele>
      </trkpt>
      <trkpt lat="1.3712444063276052" lon="103.96960881538689">
        <ele>15.82</ele>
      </trkpt>
      <trkpt lat="1.3714241981506348" lon="103.9697813987732">
        <ele>15.35</ele>
      </trkpt>
      <trkpt lat="1.3714242819696665" lon="103.9697813987732">
        <ele>14.9</ele>
      </trkpt>
      <trkpt lat="1.3715315703302622" lon="103.96991014480591">
        <ele>14.45</ele>
      </trkpt>
      <trkpt lat="1.3716174010187387" lon="103.96999597549438">
        <ele>14.01</ele>
      </trkpt>
      <trkpt lat="1.3718405272811651" lon="103.97021608427167">
        <ele>13.56</ele>
      </trkpt>
      <trkpt lat="1.3720637373626232" lon="103.97043619304895">
        <ele>13.17</ele>
      </trkpt>
      <trkpt lat="1.3722869474440813" lon="103.97065638564527">
        <ele>12.72</ele>
      </trkpt>
      <trkpt lat="1.3725101575255394" lon="103.97087649442255">
        <ele>12.24</ele>
      </trkpt>
      <trkpt lat="1.3727333676069975" lon="103.97109668701887">
        <ele>11.86</ele>
      </trkpt>
      <trkpt lat="1.3729565776884556" lon="103.97131679579616">
        <ele>11.53</ele>
      </trkpt>
      <trkpt lat="1.373183811083436" lon="103.97154092788696">
        <ele>11.16</ele>
      </trkpt>
      <trkpt lat="1.3733769301325083" lon="103.97173404693604">
        <ele>10.72</ele>
      </trkpt>
      <trkpt lat="1.3735730666667223" lon="103.97193018347025">
        <ele>10.3</ele>
      </trkpt>
      <trkpt lat="1.373769287019968" lon="103.9721264038235">
        <ele>9.95</ele>
      </trkpt>
      <trkpt lat="1.373965423554182" lon="103.97232262417674">
        <ele>9.63</ele>
      </trkpt>
      <trkpt lat="1.3741616439074278" lon="103.97251884452999">
        <ele>9.36</ele>
      </trkpt>
      <trkpt lat="1.3743578642606735" lon="103.9727149810642">
        <ele>9.09</ele>
      </trkpt>
      <trkpt lat="1.3745570182800293" lon="103.97291421890259">
        <ele>8.81</ele>
      </trkpt>
      <trkpt lat="1.374557102099061" lon="103.97291421890259">
        <ele>8.57</ele>
      </trkpt>
      <trkpt lat="1.3747568428516388" lon="103.97311395965517">
        <ele>8.32</ele>
      </trkpt>
      <trkpt lat="1.3749565836042166" lon="103.97331370040774">
        <ele>8.13</ele>
      </trkpt>
      <trkpt lat="1.375157916918397" lon="103.97351503372192">
        <ele>7.98</ele>
      </trkpt>
      <trkpt lat="1.3752222899347544" lon="103.97357940673828">
        <ele>7.82</ele>
      </trkpt>
      <trkpt lat="1.3752008322626352" lon="103.97362232208252">
        <ele>7.66</ele>
      </trkpt>
      <trkpt lat="1.374995307996869" lon="103.97382776252925">
        <ele>7.51</ele>
      </trkpt>
      <trkpt lat="1.3747898675501347" lon="103.97403320297599">
        <ele>7.39</ele>
      </trkpt>
      <trkpt lat="1.3745843432843685" lon="103.97423872724175">
        <ele>7.28</ele>
      </trkpt>
      <trkpt lat="1.374378902837634" lon="103.97444416768849">
        <ele>7.22</ele>
      </trkpt>
      <trkpt lat="1.3741708640009165" lon="103.97465229034424">
        <ele>7.15</ele>
      </trkpt>
      <trkpt lat="1.374106490984559" lon="103.9747166633606">
        <ele>7.1</ele>
      </trkpt>
      <trkpt lat="1.37404203414917" lon="103.97475957870483">
        <ele>7.07</ele>
      </trkpt>
      <trkpt lat="1.3741494063287973" lon="103.97484540939331">
        <ele>7.07</ele>
      </trkpt>
      <trkpt lat="1.3741923216730356" lon="103.97488832473755">
        <ele>7.06</ele>
      </trkpt>
      <trkpt lat="1.3744498137384653" lon="103.9750599861145">
        <ele>7.08</ele>
      </trkpt>
      <trkpt lat="1.3744497299194336" lon="103.9750599861145">
        <ele>7.09</ele>
      </trkpt>
      <trkpt lat="1.3746137637645006" lon="103.97520256228745">
        <ele>7.11</ele>
      </trkpt>
      <trkpt lat="1.3747777976095676" lon="103.97534522227943">
        <ele>7.13</ele>
      </trkpt>
      <trkpt lat="1.3749433401972055" lon="103.97548913955688">
        <ele>7.16</ele>
      </trkpt>
      <trkpt lat="1.3751450926065445" lon="103.97568787448108">
        <ele>7.26</ele>
      </trkpt>
      <trkpt lat="1.3753469288349152" lon="103.97588660940528">
        <ele>7.32</ele>
      </trkpt>
      <trkpt lat="1.3755486812442541" lon="103.97608534432948">
        <ele>7.35</ele>
      </trkpt>
      <trkpt lat="1.3757505174726248" lon="103.97628407925367">
        <ele>7.4</ele>
      </trkpt>
      <trkpt lat="1.3759522698819637" lon="103.97648281417787">
        <ele>7.48</ele>
      </trkpt>
      <trkpt lat="1.3761541061103344" lon="103.97668154910207">
        <ele>7.61</ele>
      </trkpt>
      <trkpt lat="1.3763595465570688" lon="103.97688388824463">
        <ele>7.75</ele>
      </trkpt>
      <trkpt lat="1.376552078872919" lon="103.97706577554345">
        <ele>7.88</ele>
      </trkpt>
      <trkpt lat="1.3767457846552134" lon="103.97724866867065">
        <ele>7.99</ele>
      </trkpt>
      <trkpt lat="1.3768101576715708" lon="103.97731304168701">
        <ele>8.11</ele>
      </trkpt>
      <trkpt lat="1.3769884407520294" lon="103.9774985332042">
        <ele>8.19</ele>
      </trkpt>
      <trkpt lat="1.3771668076515198" lon="103.97768402472138">
        <ele>8.27</ele>
      </trkpt>
      <trkpt lat="1.3773465156555176" lon="103.97787094116211">
        <ele>8.43</ele>
      </trkpt>
      <trkpt lat="1.37748540379107" lon="103.97795635275543">
        <ele>8.6</ele>
      </trkpt>
      <trkpt lat="1.3776254653930664" lon="103.97804260253906">
        <ele>8.79</ele>
      </trkpt>
      <trkpt lat="1.3779137190431356" lon="103.9781600330025">
        <ele>9.0</ele>
      </trkpt>
      <trkpt lat="1.3782019726932049" lon="103.97827746346593">
        <ele>9.17</ele>
      </trkpt>
      <trkpt lat="1.3784902263432741" lon="103.97839489392936">
        <ele>9.29</ele>
      </trkpt>
      <trkpt lat="1.3787842635065317" lon="103.97851467132568">
        <ele>9.45</ele>
      </trkpt>
      <trkpt lat="1.3790402468293905" lon="103.97850394248962">
        <ele>9.64</ele>
      </trkpt>
      <trkpt lat="1.379299247637391" lon="103.97849321365356">
        <ele>9.84</ele>
      </trkpt>
      <trkpt lat="1.3794709090143442" lon="103.97849321365356">
        <ele>10.05</ele>
      </trkpt>
      <trkpt lat="1.3794708251953125" lon="103.97849321365356">
        <ele>10.27</ele>
      </trkpt>
      <trkpt lat="1.3797793630510569" lon="103.9784761145711">
        <ele>10.48</ele>
      </trkpt>
      <trkpt lat="1.380087984725833" lon="103.97845901548862">
        <ele>10.71</ele>
      </trkpt>
      <trkpt lat="1.380396606400609" lon="103.97844200022519">
        <ele>10.9</ele>
      </trkpt>
      <trkpt lat="1.380705228075385" lon="103.97842490114272">
        <ele>11.15</ele>
      </trkpt>
      <trkpt lat="1.3810138497501612" lon="103.97840780206025">
        <ele>11.52</ele>
      </trkpt>
      <trkpt lat="1.3813224714249372" lon="103.97839078679681">
        <ele>11.81</ele>
      </trkpt>
      <trkpt lat="1.3816310092806816" lon="103.97837368771434">
        <ele>12.07</ele>
      </trkpt>
      <trkpt lat="1.3819396309554577" lon="103.9783566724509">
        <ele>12.38</ele>
      </trkpt>
      <trkpt lat="1.3822482526302338" lon="103.97833957336843">
        <ele>12.7</ele>
      </trkpt>
      <trkpt lat="1.3825568743050098" lon="103.97832247428596">
        <ele>12.98</ele>
      </trkpt>
      <trkpt lat="1.382865495979786" lon="103.97830545902252">
        <ele>13.23</ele>
      </trkpt>
      <trkpt lat="1.383174117654562" lon="103.97828835994005">
        <ele>13.55</ele>
      </trkpt>
      <trkpt lat="1.383482739329338" lon="103.97827134467661">
        <ele>13.88</ele>
      </trkpt>
      <trkpt lat="1.3837912771850824" lon="103.97825424559414">
        <ele>14.19</ele>
      </trkpt>
      <trkpt lat="1.384127140045166" lon="103.97823572158813">
        <ele>14.5</ele>
      </trkpt>
      <trkpt lat="1.3843475002795458" lon="103.97823572158813">
        <ele>14.7</ele>
      </trkpt>
      <trkpt lat="1.3845679443329573" lon="103.97823572158813">
        <ele>14.88</ele>
      </trkpt>
      <trkpt lat="1.3847923278808594" lon="103.97823572158813">
        <ele>15.01</ele>
      </trkpt>
      <trkpt lat="1.3850376661866903" lon="103.9782890304923">
        <ele>15.15</ele>
      </trkpt>
      <trkpt lat="1.3852858543395996" lon="103.97834300994873">
        <ele>15.25</ele>
      </trkpt>
      <trkpt lat="1.3854851759970188" lon="103.97843554615974">
        <ele>15.39</ele>
      </trkpt>
      <trkpt lat="1.385684497654438" lon="103.97852808237076">
        <ele>15.52</ele>
      </trkpt>
      <trkpt lat="1.3858866691589355" lon="103.97862195968628">
        <ele>15.67</ele>
      </trkpt>
      <trkpt lat="1.3861004915088415" lon="103.97878230549395">
        <ele>15.92</ele>
      </trkpt>
      <trkpt lat="1.3863158226013184" lon="103.97894382476807">
        <ele>16.19</ele>
      </trkpt>
      <trkpt lat="1.386479940265417" lon="103.97912219166756">
        <ele>16.35</ele>
      </trkpt>
      <trkpt lat="1.3866441417485476" lon="103.97930064238608">
        <ele>16.44</ele>
      </trkpt>
      <trkpt lat="1.3868094328790903" lon="103.97948026657104">
        <ele>16.66</ele>
      </trkpt>
      <trkpt lat="1.3868950959295034" lon="103.97963030263782">
        <ele>16.88</ele>
      </trkpt>
      <trkpt lat="1.3869810104370117" lon="103.97978067398071">
        <ele>17.12</ele>
      </trkpt>
      <trkpt lat="1.3871527556329966" lon="103.97988796234131">
        <ele>17.34</ele>
      </trkpt>
      <trkpt lat="1.3871526718139648" lon="103.97988796234131">
        <ele>17.53</ele>
      </trkpt>
      <trkpt lat="1.3873029593378305" lon="103.97993087768555">
        <ele>17.78</ele>
      </trkpt>
      <trkpt lat="1.3873672485351562" lon="103.97978067398071">
        <ele>17.93</ele>
      </trkpt>
      <trkpt lat="1.3874316215515137" lon="103.97963047027588">
        <ele>18.09</ele>
      </trkpt>
      <trkpt lat="1.3874746207147837" lon="103.97937297821045">
        <ele>18.28</ele>
      </trkpt>
      <trkpt lat="1.387474536895752" lon="103.97937297821045">
        <ele>18.47</ele>
      </trkpt>
      <trkpt lat="1.3874746207147837" lon="103.97935152053833">
        <ele>18.67</ele>
      </trkpt>
      <trkpt lat="1.3874746207147837" lon="103.97926568984985">
        <ele>18.86</ele>
      </trkpt>
      <trkpt lat="1.3875068072229624" lon="103.9791045896709">
        <ele>19.09</ele>
      </trkpt>
      <trkpt lat="1.387538993731141" lon="103.97894382476807">
        <ele>19.33</ele>
      </trkpt>
      <trkpt lat="1.3875819090753794" lon="103.97866487503052">
        <ele>19.55</ele>
      </trkpt>
      <trkpt lat="1.3876033667474985" lon="103.97862195968628">
        <ele>19.75</ele>
      </trkpt>
      <trkpt lat="1.3876248244196177" lon="103.97857904434204">
        <ele>19.94</ele>
      </trkpt>
      <trkpt lat="1.3876891136169434" lon="103.97841811180115">
        <ele>20.1</ele>
      </trkpt>
      <trkpt lat="1.3877535704523325" lon="103.97825717926025">
        <ele>20.24</ele>
      </trkpt>
      <trkpt lat="1.3878678157925606" lon="103.97807856090367">
        <ele>20.39</ele>
      </trkpt>
      <trkpt lat="1.3879821449518204" lon="103.97789994254708">
        <ele>20.54</ele>
      </trkpt>
      <trkpt lat="1.3880968932062387" lon="103.97772073745728">
        <ele>20.75</ele>
      </trkpt>
      <trkpt lat="1.3881612662225962" lon="103.97765636444092">
        <ele>20.94</ele>
      </trkpt>
      <trkpt lat="1.388290012255311" lon="103.97750616073608">
        <ele>21.18</ele>
      </trkpt>
      <trkpt lat="1.3883113861083984" lon="103.97748470306396">
        <ele>21.36</ele>
      </trkpt>
      <trkpt lat="1.388547420501709" lon="103.97748470306396">
        <ele>21.62</ele>
      </trkpt>
      <trkpt lat="1.388762081041932" lon="103.97761344909668">
        <ele>21.8</ele>
      </trkpt>
      <trkpt lat="1.3887835387140512" lon="103.97765636444092">
        <ele>21.94</ele>
      </trkpt>
      <trkpt lat="1.3888907432556152" lon="103.9778923150152">
        <ele>22.06</ele>
      </trkpt>
      <trkpt lat="1.3889981154352427" lon="103.97812843322754">
        <ele>22.15</ele>
      </trkpt>
      <trkpt lat="1.3891054037958384" lon="103.97834300994873">
        <ele>22.22</ele>
      </trkpt>
      <trkpt lat="1.3892874587327242" lon="103.97858935408294">
        <ele>22.29</ele>
      </trkpt>
      <trkpt lat="1.3894701842218637" lon="103.97883653640747">
        <ele>22.38</ele>
      </trkpt>
      <trkpt lat="1.3896632194519043" lon="103.97907257080078">
        <ele>22.46</ele>
      </trkpt>
      <trkpt lat="1.3898982480168343" lon="103.97920927964151">
        <ele>22.54</ele>
      </trkpt>
      <trkpt lat="1.3901332765817642" lon="103.97934607230127">
        <ele>22.63</ele>
      </trkpt>
      <trkpt lat="1.390368388965726" lon="103.979482781142">
        <ele>22.69</ele>
      </trkpt>
      <trkpt lat="1.3906034175306559" lon="103.97961957380176">
        <ele>22.72</ele>
      </trkpt>
      <trkpt lat="1.3908434752374887" lon="103.9797592163086">
        <ele>22.75</ele>
      </trkpt>
      <trkpt lat="1.3910464849323034" lon="103.97989810444415">
        <ele>22.76</ele>
      </trkpt>
      <trkpt lat="1.3912510871887207" lon="103.98003816604614">
        <ele>22.67</ele>
      </trkpt>
      <trkpt lat="1.3912297133356333" lon="103.97997379302979">
        <ele>22.71</ele>
      </trkpt>
      <trkpt lat="1.391316968947649" lon="103.98006113246083">
        <ele>22.68</ele>
      </trkpt>
      <trkpt lat="1.3913798332214355" lon="103.98012399673462">
        <ele>22.68</ele>
      </trkpt>
      <trkpt lat="1.3915085792541504" lon="103.98033857345581">
        <ele>22.71</ele>
      </trkpt>
      <trkpt lat="1.3915729522705078" lon="103.98063898086548">
        <ele>22.73</ele>
      </trkpt>
      <trkpt lat="1.3915621396154165" lon="103.9807999972254">
        <ele>22.79</ele>
      </trkpt>
      <trkpt lat="1.3915514945983887" lon="103.98096084594727">
        <ele>22.83</ele>
      </trkpt>
      <trkpt lat="1.3915085792541504" lon="103.98113250732422">
        <ele>22.87</ele>
      </trkpt>
      <trkpt lat="1.3914012908935547" lon="103.98123979568481">
        <ele>22.9</ele>
      </trkpt>
      <trkpt lat="1.3914013747125864" lon="103.98123979568481">
        <ele>22.89</ele>
      </trkpt>
      <trkpt lat="1.3913155440241098" lon="103.98128271102905">
        <ele>22.91</ele>
      </trkpt>
      <trkpt lat="1.3913154602050781" lon="103.98128271102905">
        <ele>22.89</ele>
      </trkpt>
      <trkpt lat="1.3912832736968994" lon="103.98152964189649">
        <ele>22.84</ele>
      </trkpt>
      <trkpt lat="1.3912511710077524" lon="103.9817762374878">
        <ele>22.79</ele>
      </trkpt>
      <trkpt lat="1.391261899843812" lon="103.98199098184705">
        <ele>22.75</ele>
      </trkpt>
      <trkpt lat="1.3912726286798716" lon="103.98220539093018">
        <ele>22.67</ele>
      </trkpt>
      <trkpt lat="1.3913048151880503" lon="103.98243078030646">
        <ele>22.58</ele>
      </trkpt>
      <trkpt lat="1.391337001696229" lon="103.98265600204468">
        <ele>22.48</ele>
      </trkpt>
      <trkpt lat="1.3913369178771973" lon="103.98265600204468">
        <ele>22.4</ele>
      </trkpt>
      <trkpt lat="1.3913799170404673" lon="103.98282766342163">
        <ele>22.34</ele>
      </trkpt>
      <trkpt lat="1.3913798332214355" lon="103.98282766342163">
        <ele>22.24</ele>
      </trkpt>
      <trkpt lat="1.3914227485656738" lon="103.98307451047003">
        <ele>22.17</ele>
      </trkpt>
      <trkpt lat="1.391465663909912" lon="103.98332118988037">
        <ele>22.08</ele>
      </trkpt>
      <trkpt lat="1.3915622234344482" lon="103.98353568278253">
        <ele>21.94</ele>
      </trkpt>
      <trkpt lat="1.391658866778016" lon="103.98375034332275">
        <ele>21.7</ele>
      </trkpt>
      <trkpt lat="1.3916802406311035" lon="103.9839328173548">
        <ele>21.5</ele>
      </trkpt>
      <trkpt lat="1.3917016983032227" lon="103.98411512374878">
        <ele>21.28</ele>
      </trkpt>
      <trkpt lat="1.391669511795044" lon="103.984329784289">
        <ele>21.1</ele>
      </trkpt>
      <trkpt lat="1.391637409105897" lon="103.98454427719116">
        <ele>20.86</ele>
      </trkpt>
      <trkpt lat="1.3916373252868652" lon="103.98454427719116">
        <ele>20.65</ele>
      </trkpt>
      <trkpt lat="1.3915301207453012" lon="103.98480176925659">
        <ele>20.48</ele>
      </trkpt>
      <trkpt lat="1.391487205401063" lon="103.98486614227295">
        <ele>20.26</ele>
      </trkpt>
      <trkpt lat="1.3914657477289438" lon="103.9849305152893">
        <ele>20.02</ele>
      </trkpt>
      <trkpt lat="1.3912940863519907" lon="103.98518800735474">
        <ele>19.78</ele>
      </trkpt>
      <trkpt lat="1.3912511710077524" lon="103.98533821105957">
        <ele>19.45</ele>
      </trkpt>
      <trkpt lat="1.391186797991395" lon="103.98549905978143">
        <ele>19.15</ele>
      </trkpt>
      <trkpt lat="1.3911224249750376" lon="103.98566007614136">
        <ele>18.85</ele>
      </trkpt>
      <trkpt lat="1.391036594286561" lon="103.98583173751831">
        <ele>18.52</ele>
      </trkpt>
      <trkpt lat="1.3909722212702036" lon="103.98596048355103">
        <ele>18.19</ele>
      </trkpt>
      <trkpt lat="1.390886390581727" lon="103.9860463142395">
        <ele>17.88</ele>
      </trkpt>
      <trkpt lat="1.3907575607299805" lon="103.98623943328857">
        <ele>17.57</ele>
      </trkpt>
      <trkpt lat="1.390736186876893" lon="103.98630380630493">
        <ele>17.21</ele>
      </trkpt>
      <trkpt lat="1.390585983172059" lon="103.98653984069824">
        <ele>16.79</ele>
      </trkpt>
      <trkpt lat="1.3905001524835825" lon="103.98662567138672">
        <ele>16.45</ele>
      </trkpt>
      <trkpt lat="1.3904142379760742" lon="103.98673295974731">
        <ele>16.11</ele>
      </trkpt>
      <trkpt lat="1.3902212027460337" lon="103.98684024810791">
        <ele>15.83</ele>
      </trkpt>
      <trkpt lat="1.3900495413690805" lon="103.98688316345215">
        <ele>15.47</ele>
      </trkpt>
      <trkpt lat="1.3898573443293571" lon="103.9869578462094">
        <ele>15.07</ele>
      </trkpt>
      <trkpt lat="1.389663303270936" lon="103.98703336715698">
        <ele>14.64</ele>
      </trkpt>
      <trkpt lat="1.3896847609430552" lon="103.9870548248291">
        <ele>14.25</ele>
      </trkpt>
      <trkpt lat="1.3897490501403809" lon="103.9872694015503">
        <ele>13.83</ele>
      </trkpt>
      <trkpt lat="1.3897920493036509" lon="103.98741960525513">
        <ele>13.41</ele>
      </trkpt>
      <trkpt lat="1.3898778799921274" lon="103.98767709732056">
        <ele>12.97</ele>
      </trkpt>
      <trkpt lat="1.3899421691894531" lon="103.98791313171387">
        <ele>12.59</ele>
      </trkpt>
      <trkpt lat="1.3900119066238403" lon="103.98815721273422">
        <ele>12.19</ele>
      </trkpt>
      <trkpt lat="1.3900279998779297" lon="103.98821353912354">
        <ele>11.78</ele>
      </trkpt>
      <trkpt lat="1.3901567459106445" lon="103.98829936981201">
        <ele>11.38</ele>
      </trkpt>
      <trkpt lat="1.3903166726231575" lon="103.98831001482904">
        <ele>10.97</ele>
      </trkpt>
      <trkpt lat="1.3904786109924316" lon="103.98832082748413">
        <ele>10.54</ele>
      </trkpt>
      <trkpt lat="1.3906074408441782" lon="103.98827791213989">
        <ele>10.08</ele>
      </trkpt>
      <trkpt lat="1.3907790184020996" lon="103.98832082748413">
        <ele>9.6</ele>
      </trkpt>
      <trkpt lat="1.390939112752676" lon="103.9883741363883">
        <ele>9.11</ele>
      </trkpt>
      <trkpt lat="1.3911008834838867" lon="103.98842811584473">
        <ele>8.63</ele>
      </trkpt>
      <trkpt lat="1.3911652565002441" lon="103.98844957351685">
        <ele>8.23</ele>
      </trkpt>
      <trkpt lat="1.3914427813142538" lon="103.98855627514422">
        <ele>7.81</ele>
      </trkpt>
      <trkpt lat="1.3917231559753418" lon="103.98866415023804">
        <ele>7.45</ele>
      </trkpt>
      <trkpt lat="1.3917203061282635" lon="103.9886629767716">
        <ele>7.11</ele>
      </trkpt>
      <trkpt lat="1.3917231559753418" lon="103.98866415023804">
        <ele>7.45</ele>
      </trkpt>
      <trkpt lat="1.3914455473423004" lon="103.98855736479163">
        <ele>6.49</ele>
      </trkpt>
      <trkpt lat="1.3911652565002441" lon="103.98844957351685">
        <ele>8.23</ele>
      </trkpt>
      <trkpt lat="1.3913150411099195" lon="103.98828897625208">
        <ele>5.97</ele>
      </trkpt>
      <trkpt lat="1.391465663909912" lon="103.98812770843506">
        <ele>5.73</ele>
      </trkpt>
      <trkpt lat="1.3916898798197508" lon="103.98802083916962">
        <ele>5.53</ele>
      </trkpt>
      <trkpt lat="1.391916275024414" lon="103.98791313171387">
        <ele>5.41</ele>
      </trkpt>
      <trkpt lat="1.3919806480407715" lon="103.98784875869751">
        <ele>5.22</ele>
      </trkpt>
      <trkpt lat="1.392066478729248" lon="103.98784875869751">
        <ele>5.02</ele>
      </trkpt>
      <trkpt lat="1.392269404605031" lon="103.98795554414392">
        <ele>4.82</ele>
      </trkpt>
      <trkpt lat="1.3924741744995117" lon="103.9880633354187">
        <ele>4.64</ele>
      </trkpt>
      <trkpt lat="1.392409885302186" lon="103.9881706237793">
        <ele>4.42</ele>
      </trkpt>
      <trkpt lat="1.3922810554504395" lon="103.98838520050049">
        <ele>4.13</ele>
      </trkpt>
      <trkpt lat="1.392259681597352" lon="103.9885139465332">
        <ele>3.94</ele>
      </trkpt>
      <trkpt lat="1.3922810554504395" lon="103.98864269256592">
        <ele>3.8</ele>
      </trkpt>
      <trkpt lat="1.3923540618270636" lon="103.98875224404037">
        <ele>3.67</ele>
      </trkpt>
      <trkpt lat="1.392354229465127" lon="103.98875249549747">
        <ele>3.58</ele>
      </trkpt>
      <trkpt lat="1.3923546485602856" lon="103.98875308223069">
        <ele>3.51</ele>
      </trkpt>
      <trkpt lat="1.3923560734838247" lon="103.98875526152551">
        <ele>3.46</ele>
      </trkpt>
      <trkpt lat="1.3922810554504395" lon="103.98864269256592">
        <ele>3.8</ele>
      </trkpt>
      <trkpt lat="1.3922595977783203" lon="103.9885139465332">
        <ele>3.45</ele>
      </trkpt>
      <trkpt lat="1.3924098014831543" lon="103.98855686187744">
        <ele>3.45</ele>
      </trkpt>
      <trkpt lat="1.3925600051879883" lon="103.98844957351685">
        <ele>3.48</ele>
      </trkpt>
      <trkpt lat="1.3926030043512583" lon="103.98847103118896">
        <ele>3.47</ele>
      </trkpt>
      <trkpt lat="1.3925492763519287" lon="103.98863196372986">
        <ele>3.48</ele>
      </trkpt>
      <trkpt lat="1.3924956321716309" lon="103.98879289627075">
        <ele>3.45</ele>
      </trkpt>
      <trkpt lat="1.3924769405275583" lon="103.98882332257926">
        <ele>3.51</ele>
      </trkpt>
      <trkpt lat="1.3924768567085266" lon="103.98882365785539">
        <ele>3.59</ele>
      </trkpt>
      <trkpt lat="1.3924766052514315" lon="103.98882424458861">
        <ele>3.67</ele>
      </trkpt>
      <trkpt lat="1.3924753479659557" lon="103.98882642388344">
        <ele>3.77</ele>
      </trkpt>
      <trkpt lat="1.3923391420394182" lon="103.98905105888844">
        <ele>3.95</ele>
      </trkpt>
      <trkpt lat="1.3922030199319124" lon="103.98927569389343">
        <ele>4.06</ele>
      </trkpt>
      <trkpt lat="1.392066478729248" lon="103.98950099945068">
        <ele>4.26</ele>
      </trkpt>
      <trkpt lat="1.3920127507299185" lon="103.98965120315552">
        <ele>4.36</ele>
      </trkpt>
      <trkpt lat="1.3919591903686523" lon="103.98980140686035">
        <ele>4.53</ele>
      </trkpt>
      <trkpt lat="1.3918734434992075" lon="103.98990869522095">
        <ele>4.7</ele>
      </trkpt>
      <trkpt lat="1.3918305281549692" lon="103.98999452590942">
        <ele>4.83</ele>
      </trkpt>
      <trkpt lat="1.39176607131958" lon="103.99017691612244">
        <ele>4.95</ele>
      </trkpt>
      <trkpt lat="1.3917017821222544" lon="103.99035930633545">
        <ele>5.1</ele>
      </trkpt>
      <trkpt lat="1.3915515784174204" lon="103.99061679840088">
        <ele>5.21</ele>
      </trkpt>
      <trkpt lat="1.391487205401063" lon="103.99083137512207">
        <ele>5.3</ele>
      </trkpt>
      <trkpt lat="1.3914442900568247" lon="103.9910888671875">
        <ele>5.34</ele>
      </trkpt>
      <trkpt lat="1.3914228323847055" lon="103.9911961555481">
        <ele>5.41</ele>
      </trkpt>
      <trkpt lat="1.3913512509316206" lon="103.99142506532371">
        <ele>5.48</ele>
      </trkpt>
      <trkpt lat="1.3912796694785357" lon="103.99165397509933">
        <ele>5.56</ele>
      </trkpt>
      <trkpt lat="1.3912081718444824" lon="103.99188280105591">
        <ele>5.63</ele>
      </trkpt>
      <trkpt lat="1.3911009673029184" lon="103.9920973777771">
        <ele>5.66</ele>
      </trkpt>
      <trkpt lat="1.3911008834838867" lon="103.9920973777771">
        <ele>5.68</ele>
      </trkpt>
      <trkpt lat="1.3909722212702036" lon="103.99231195449829">
        <ele>5.68</ele>
      </trkpt>
      <trkpt lat="1.3909077644348145" lon="103.99250507354736">
        <ele>5.67</ele>
      </trkpt>
      <trkpt lat="1.3908434752374887" lon="103.99269819259644">
        <ele>5.68</ele>
      </trkpt>
      <trkpt lat="1.3907791022211313" lon="103.99293422698975">
        <ele>5.71</ele>
      </trkpt>
      <trkpt lat="1.3906932715326548" lon="103.99312726221979">
        <ele>5.73</ele>
      </trkpt>
      <trkpt lat="1.3906074408441782" lon="103.99332046508789">
        <ele>5.57</ele>
      </trkpt>
      <trkpt lat="1.3905216101557016" lon="103.99353495799005">
        <ele>5.62</ele>
      </trkpt>
      <trkpt lat="1.390435779467225" lon="103.99374961853027">
        <ele>5.49</ele>
      </trkpt>
      <trkpt lat="1.390392780303955" lon="103.99385690689087">
        <ele>5.34</ele>
      </trkpt>
      <trkpt lat="1.390414321795106" lon="103.99407148361206">
        <ele>5.19</ele>
      </trkpt>
      <trkpt lat="1.3904142379760742" lon="103.9942539576441">
        <ele>5.04</ele>
      </trkpt>
      <trkpt lat="1.3904142379760742" lon="103.99443626403809">
        <ele>4.87</ele>
      </trkpt>
      <trkpt lat="1.3902963884174824" lon="103.99459694512188">
        <ele>4.68</ele>
      </trkpt>
      <trkpt lat="1.3901782035827637" lon="103.99475812911987">
        <ele>4.49</ele>
      </trkpt>
      <trkpt lat="1.3901031017303467" lon="103.99490824900568">
        <ele>4.35</ele>
      </trkpt>
      <trkpt lat="1.3900279998779297" lon="103.99505853652954">
        <ele>4.19</ele>
      </trkpt>
      <trkpt lat="1.3900351244956255" lon="103.99528040550649">
        <ele>4.05</ele>
      </trkpt>
      <trkpt lat="1.3900422491133213" lon="103.99550235830247">
        <ele>3.94</ele>
      </trkpt>
      <trkpt lat="1.3900494575500488" lon="103.99572372436523">
        <ele>3.83</ele>
      </trkpt>
      <trkpt lat="1.3899957295507193" lon="103.9959168434143">
        <ele>3.74</ele>
      </trkpt>
      <trkpt lat="1.3899421691894531" lon="103.99610996246338">
        <ele>3.6</ele>
      </trkpt>
      <trkpt lat="1.3898134231567383" lon="103.99634599685669">
        <ele>3.46</ele>
      </trkpt>
      <trkpt lat="1.3897705916315317" lon="103.99662494659424">
        <ele>3.31</ele>
      </trkpt>
      <trkpt lat="1.3897275924682617" lon="103.99687715806067">
        <ele>3.21</ele>
      </trkpt>
      <trkpt lat="1.3896845933049917" lon="103.99712945334613">
        <ele>3.2</ele>
      </trkpt>
      <trkpt lat="1.3896416779607534" lon="103.9973817486316">
        <ele>3.11</ele>
      </trkpt>
      <trkpt lat="1.3895988464355469" lon="103.99763345718384">
        <ele>3.01</ele>
      </trkpt>
      <trkpt lat="1.389470100402832" lon="103.9978907816112">
        <ele>3.03</ele>
      </trkpt>
      <trkpt lat="1.3893413543701172" lon="103.9981484413147">
        <ele>2.99</ele>
      </trkpt>
      <trkpt lat="1.3892128597944975" lon="103.99830903857946">
        <ele>2.96</ele>
      </trkpt>
      <trkpt lat="1.3890839461237192" lon="103.99847030639648">
        <ele>2.97</ele>
      </trkpt>
      <trkpt lat="1.388848666101694" lon="103.99864129722118">
        <ele>3.0</ele>
      </trkpt>
      <trkpt lat="1.3886134698987007" lon="103.99881237186491">
        <ele>3.07</ele>
      </trkpt>
      <trkpt lat="1.3883758429437876" lon="103.99898529052734">
        <ele>3.12</ele>
      </trkpt>
      <trkpt lat="1.3881193567067385" lon="103.99913482367992">
        <ele>3.15</ele>
      </trkpt>
      <trkpt lat="1.3878608588129282" lon="103.99928569793701">
        <ele>3.15</ele>
      </trkpt>
      <trkpt lat="1.3877750281244516" lon="103.99932861328125">
        <ele>3.21</ele>
      </trkpt>
      <trkpt lat="1.387529019266367" lon="103.99951033294201">
        <ele>3.32</ele>
      </trkpt>
      <trkpt lat="1.3872814178466797" lon="103.99969339370728">
        <ele>3.43</ele>
      </trkpt>
      <trkpt lat="1.3870891369879246" lon="103.99978945031762">
        <ele>3.57</ele>
      </trkpt>
      <trkpt lat="1.3868951797485352" lon="103.99988651275635">
        <ele>3.67</ele>
      </trkpt>
      <trkpt lat="1.3867241889238358" lon="103.99999329820275">
        <ele>3.83</ele>
      </trkpt>
      <trkpt lat="1.3865519408136606" lon="104.00010108947754">
        <ele>4.01</ele>
      </trkpt>
      <trkpt lat="1.386551856994629" lon="104.00010108947754">
        <ele>4.21</ele>
      </trkpt>
      <trkpt lat="1.3863452430814505" lon="104.00022924877703">
        <ele>4.44</ele>
      </trkpt>
      <trkpt lat="1.386138629168272" lon="104.00035749189556">
        <ele>4.69</ele>
      </trkpt>
      <trkpt lat="1.3859295845031738" lon="104.00048732757568">
        <ele>5.02</ele>
      </trkpt>
      <trkpt lat="1.385716013610363" lon="104.00058338418603">
        <ele>5.33</ele>
      </trkpt>
      <trkpt lat="1.385500431060791" lon="104.00068044662476">
        <ele>5.61</ele>
      </trkpt>
      <trkpt lat="1.3852585293352604" lon="104.00075152516365">
        <ele>5.9</ele>
      </trkpt>
      <trkpt lat="1.3850166276097298" lon="104.00082268752158">
        <ele>6.2</ele>
      </trkpt>
      <trkpt lat="1.3847708702087402" lon="104.00089502334595">
        <ele>6.51</ele>
      </trkpt>
      <trkpt lat="1.38465310446918" lon="104.00101270526648">
        <ele>6.79</ele>
      </trkpt>
      <trkpt lat="1.3845348358154297" lon="104.00113105773926">
        <ele>7.07</ele>
      </trkpt>
      <trkpt lat="1.3843107037246227" lon="104.00118436664343">
        <ele>7.24</ele>
      </trkpt>
      <trkpt lat="1.3840842247009277" lon="104.00123834609985">
        <ele>7.57</ele>
      </trkpt>
      <trkpt lat="1.383848860859871" lon="104.00143079459667">
        <ele>7.98</ele>
      </trkpt>
      <trkpt lat="1.3836135808378458" lon="104.00162332691252">
        <ele>8.21</ele>
      </trkpt>
      <trkpt lat="1.3833783008158207" lon="104.00181585922837">
        <ele>8.61</ele>
      </trkpt>
      <trkpt lat="1.3831400871276855" lon="104.00201082229614">
        <ele>8.61</ele>
      </trkpt>
      <trkpt lat="1.3828582875430584" lon="104.00210897438228">
        <ele>8.79</ele>
      </trkpt>
      <trkpt lat="1.3825764879584312" lon="104.00220721028745">
        <ele>9.35</ele>
      </trkpt>
      <trkpt lat="1.382294688373804" lon="104.00230536237359">
        <ele>9.5</ele>
      </trkpt>
      <trkpt lat="1.382012888789177" lon="104.00240359827876">
        <ele>10.02</ele>
      </trkpt>
      <trkpt lat="1.3817238807678223" lon="104.00250434875488">
        <ele>10.24</ele>
      </trkpt>
      <trkpt lat="1.3814321905374527" lon="104.00257190689445">
        <ele>10.39</ele>
      </trkpt>
      <trkpt lat="1.3811405841261148" lon="104.00263946503401">
        <ele>10.93</ele>
      </trkpt>
      <trkpt lat="1.3808488938957453" lon="104.00270702317357">
        <ele>11.24</ele>
      </trkpt>
      <trkpt lat="1.3805572874844074" lon="104.00277458131313">
        <ele>11.59</ele>
      </trkpt>
      <trkpt lat="1.3802656810730696" lon="104.0028421394527">
        <ele>11.93</ele>
      </trkpt>
      <trkpt lat="1.3799643516540527" lon="104.00291204452515">
        <ele>12.09</ele>
      </trkpt>
      <trkpt lat="1.3796781096607447" lon="104.00304020382464">
        <ele>12.2</ele>
      </trkpt>
      <trkpt lat="1.3793919514864683" lon="104.00316836312413">
        <ele>12.33</ele>
      </trkpt>
      <trkpt lat="1.379105793312192" lon="104.00329652242362">
        <ele>12.45</ele>
      </trkpt>
      <trkpt lat="1.378819551318884" lon="104.00342468172312">
        <ele>12.62</ele>
      </trkpt>
      <trkpt lat="1.3785333931446075" lon="104.00355292484164">
        <ele>12.83</ele>
      </trkpt>
      <trkpt lat="1.3782426249235868" lon="104.00368317961693">
        <ele>13.1</ele>
      </trkpt>
      <trkpt lat="1.3782421220093966" lon="104.00368326343596">
        <ele>13.24</ele>
      </trkpt>
      <trkpt lat="1.3782418705523014" lon="104.00368343107402">
        <ele>13.37</ele>
      </trkpt>
      <trkpt lat="1.3782391045242548" lon="104.00368477217853">
        <ele>13.48</ele>
      </trkpt>
      <trkpt lat="1.3780724722892046" lon="104.00375937111676">
        <ele>13.6</ele>
      </trkpt>
      <trkpt lat="1.3779044151306152" lon="104.00383472442627">
        <ele>13.58</ele>
      </trkpt>
      <trkpt lat="1.3777229469269514" lon="104.00387738831341">
        <ele>13.81</ele>
      </trkpt>
      <trkpt lat="1.3775396347045898" lon="104.00392055511475">
        <ele>13.81</ele>
      </trkpt>
      <trkpt lat="1.3772655464708805" lon="104.00404150597751">
        <ele>13.76</ele>
      </trkpt>
      <trkpt lat="1.3769914582371712" lon="104.00416254065931">
        <ele>13.73</ele>
      </trkpt>
      <trkpt lat="1.3767173700034618" lon="104.0042835753411">
        <ele>13.78</ele>
      </trkpt>
      <trkpt lat="1.3764433655887842" lon="104.0044046100229">
        <ele>13.77</ele>
      </trkpt>
      <trkpt lat="1.3761692773550749" lon="104.00452556088567">
        <ele>13.73</ele>
      </trkpt>
      <trkpt lat="1.375887393951416" lon="104.0046501159668">
        <ele>13.68</ele>
      </trkpt>
      <trkpt lat="1.375663261860609" lon="104.004714069888">
        <ele>13.6</ele>
      </trkpt>
      <trkpt lat="1.375436782836914" lon="104.00477886199951">
        <ele>13.57</ele>
      </trkpt>
      <trkpt lat="1.375265121459961" lon="104.00492906570435">
        <ele>13.47</ele>
      </trkpt>
      <trkpt lat="1.3750409055501223" lon="104.00501439347863">
        <ele>13.32</ele>
      </trkpt>
      <trkpt lat="1.3748145941644907" lon="104.0051007270813">
        <ele>13.21</ele>
      </trkpt>
      <trkpt lat="1.3746428489685059" lon="104.00516510009766">
        <ele>13.12</ele>
      </trkpt>
      <trkpt lat="1.3744574412703514" lon="104.00530759245157">
        <ele>13.02</ele>
      </trkpt>
      <trkpt lat="1.3742721173912287" lon="104.00545016862452">
        <ele>12.84</ele>
      </trkpt>
      <trkpt lat="1.3740849494934082" lon="104.00559425354004">
        <ele>12.62</ele>
      </trkpt>
      <trkpt lat="1.3738703727722168" lon="104.00561571121216">
        <ele>12.39</ele>
      </trkpt>
      <trkpt lat="1.3737202528864145" lon="104.0055513381958">
        <ele>12.22</ele>
      </trkpt>
      <trkpt lat="1.3735595718026161" lon="104.00535855442286">
        <ele>12.06</ele>
      </trkpt>
      <trkpt lat="1.3733983039855957" lon="104.00516510009766">
        <ele>11.89</ele>
      </trkpt>
      <trkpt lat="1.3733124732971191" lon="104.0051007270813">
        <ele>11.69</ele>
      </trkpt>
      <trkpt lat="1.3732373714447021" lon="104.00492906570435">
        <ele>11.5</ele>
      </trkpt>
      <trkpt lat="1.3731623534113169" lon="104.00475740432739">
        <ele>11.3</ele>
      </trkpt>
      <trkpt lat="1.3731194380670786" lon="104.00473594665527">
        <ele>11.07</ele>
      </trkpt>
      <trkpt lat="1.373033607378602" lon="104.00473594665527">
        <ele>10.84</ele>
      </trkpt>
      <trkpt lat="1.3729476928710938" lon="104.00473594665527">
        <ele>10.58</ele>
      </trkpt>
      <trkpt lat="1.3729263190180063" lon="104.00477886199951">
        <ele>10.32</ele>
      </trkpt>
      <trkpt lat="1.3727760314941406" lon="104.00486469268799">
        <ele>10.09</ele>
      </trkpt>
      <trkpt lat="1.3724986743181944" lon="104.0048433188349">
        <ele>9.81</ele>
      </trkpt>
      <trkpt lat="1.3722213171422482" lon="104.00482194498181">
        <ele>9.45</ele>
      </trkpt>
      <trkpt lat="1.3719391822814941" lon="104.00480031967163">
        <ele>9.11</ele>
      </trkpt>
      <trkpt lat="1.3716816902160645" lon="104.00484323501587">
        <ele>8.75</ele>
      </trkpt>
      <trkpt lat="1.371467113494873" lon="104.00480031967163">
        <ele>8.41</ele>
      </trkpt>
      <trkpt lat="1.3714242819696665" lon="104.00473594665527">
        <ele>8.08</ele>
      </trkpt>
      <trkpt lat="1.37129545211792" lon="104.00469303131104">
        <ele>7.75</ele>
      </trkpt>
      <trkpt lat="1.3710165861994028" lon="104.00469303131104">
        <ele>7.45</ele>
      </trkpt>
      <trkpt lat="1.370866298675537" lon="104.00471448898315">
        <ele>7.12</ele>
      </trkpt>
      <trkpt lat="1.3708447571843863" lon="104.00495069101453">
        <ele>6.79</ele>
      </trkpt>
      <trkpt lat="1.3708233833312988" lon="104.00518655776978">
        <ele>6.44</ele>
      </trkpt>
      <trkpt lat="1.3707589264959097" lon="104.0054548624903">
        <ele>6.06</ele>
      </trkpt>
      <trkpt lat="1.370694637298584" lon="104.00572299957275">
        <ele>5.7</ele>
      </trkpt>
      <trkpt lat="1.3703852612525225" lon="104.00570162571967">
        <ele>5.3</ele>
      </trkpt>
      <trkpt lat="1.370072364807129" lon="104.00568008422852">
        <ele>4.96</ele>
      </trkpt>
      <trkpt lat="1.3699544314295053" lon="104.0059052221477">
        <ele>4.62</ele>
      </trkpt>
      <trkpt lat="1.36983641423285" lon="104.00613069534302">
        <ele>4.31</ele>
      </trkpt>
      <trkpt lat="1.3698363304138184" lon="104.00613069534302">
        <ele>3.99</ele>
      </trkpt>
      <trkpt lat="1.3697504997253418" lon="104.00632373057306">
        <ele>3.68</ele>
      </trkpt>
      <trkpt lat="1.369664752855897" lon="104.00651693344116">
        <ele>3.37</ele>
      </trkpt>
      <trkpt lat="1.3695550337433815" lon="104.0068030077964">
        <ele>3.11</ele>
      </trkpt>
      <trkpt lat="1.369445314630866" lon="104.00708908215165">
        <ele>2.59</ele>
      </trkpt>
      <trkpt lat="1.3693356793373823" lon="104.0073751565069">
        <ele>2.29</ele>
      </trkpt>
      <trkpt lat="1.3692259602248669" lon="104.00766131468117">
        <ele>2.01</ele>
      </trkpt>
      <trkpt lat="1.3691163249313831" lon="104.00794738903642">
        <ele>1.73</ele>
      </trkpt>
      <trkpt lat="1.3690066058188677" lon="104.00823346339166">
        <ele>1.47</ele>
      </trkpt>
      <trkpt lat="1.368896970525384" lon="104.0085195377469">
        <ele>1.21</ele>
      </trkpt>
      <trkpt lat="1.3687872514128685" lon="104.00880569592118">
        <ele>0.97</ele>
      </trkpt>
      <trkpt lat="1.3686776161193848" lon="104.00909185409546">
        <ele>0.74</ele>
      </trkpt>
      <trkpt lat="1.3686346169561148" lon="104.0093279723078">
        <ele>0.52</ele>
      </trkpt>
      <trkpt lat="1.3685917854309082" lon="104.00956392288208">
        <ele>0.32</ele>
      </trkpt>
      <trkpt lat="1.368580972775817" lon="104.00981085374951">
        <ele>0.12</ele>
      </trkpt>
      <trkpt lat="1.368570327758789" lon="104.01005744934082">
        <ele>-0.05</ele>
      </trkpt>
      <trkpt lat="1.3686132431030273" lon="104.01030966080725">
        <ele>-0.23</ele>
      </trkpt>
      <trkpt lat="1.3686561584472656" lon="104.01056195609272">
        <ele>-0.39</ele>
      </trkpt>
      <trkpt lat="1.3686991576105356" lon="104.01081425137818">
        <ele>-0.53</ele>
      </trkpt>
      <trkpt lat="1.3687419891357422" lon="104.01106595993042">
        <ele>-0.67</ele>
      </trkpt>
      <trkpt lat="1.368827736005187" lon="104.01128045283258">
        <ele>-0.8</ele>
      </trkpt>
      <trkpt lat="1.3689135666936636" lon="104.01149502955377">
        <ele>-0.92</ele>
      </trkpt>
      <trkpt lat="1.3689994812011719" lon="104.011709690094">
        <ele>-1.02</ele>
      </trkpt>
      <trkpt lat="1.3691920973360538" lon="104.01191303506494">
        <ele>-1.12</ele>
      </trkpt>
      <trkpt lat="1.3693847972899675" lon="104.01211638003588">
        <ele>-1.2</ele>
      </trkpt>
      <trkpt lat="1.3695774134248495" lon="104.01231980882585">
        <ele>-1.28</ele>
      </trkpt>
      <trkpt lat="1.369771957397461" lon="104.01252508163452">
        <ele>-1.35</ele>
      </trkpt>
      <trkpt lat="1.369879161939025" lon="104.01272876188159">
        <ele>-1.41</ele>
      </trkpt>
      <trkpt lat="1.3699865341186523" lon="104.01293277740479">
        <ele>-1.46</ele>
      </trkpt>
      <trkpt lat="1.370018720626831" lon="104.01317970827222">
        <ele>-1.51</ele>
      </trkpt>
      <trkpt lat="1.3700509071350098" lon="104.01342630386353">
        <ele>-1.54</ele>
      </trkpt>
      <trkpt lat="1.3700294494628906" lon="104.0136194229126">
        <ele>-1.57</ele>
      </trkpt>
      <trkpt lat="1.369943618774414" lon="104.0138231869787">
        <ele>-1.6</ele>
      </trkpt>
      <trkpt lat="1.3698578719049692" lon="104.01402711868286">
        <ele>-1.61</ele>
      </trkpt>
      <trkpt lat="1.3698148727416992" lon="104.01409149169922">
        <ele>-1.62</ele>
      </trkpt>
      <trkpt lat="1.3696432951837778" lon="104.01413440704346">
        <ele>-1.63</ele>
      </trkpt>
      <trkpt lat="1.369643211364746" lon="104.01413440704346">
        <ele>-1.63</ele>
      </trkpt>
      <trkpt lat="1.3694071769714355" lon="104.01411294937134">
        <ele>-1.63</ele>
      </trkpt>
      <trkpt lat="1.3692140579223633" lon="104.01413440704346">
        <ele>-1.62</ele>
      </trkpt>
      <trkpt lat="1.3690537121146917" lon="104.01423054747283">
        <ele>-1.6</ele>
      </trkpt>
      <trkpt lat="1.3688921928405762" lon="104.01432752609253">
        <ele>-1.59</ele>
      </trkpt>
      <trkpt lat="1.368699073791504" lon="104.01456356048584">
        <ele>-1.56</ele>
      </trkpt>
      <trkpt lat="1.3685844093561172" lon="104.01478199288249">
        <ele>-1.54</ele>
      </trkpt>
      <trkpt lat="1.3684698287397623" lon="104.01500042527914">
        <ele>-1.51</ele>
      </trkpt>
      <trkpt lat="1.368356505408883" lon="104.01521609164774">
        <ele>-1.48</ele>
      </trkpt>
      <trkpt lat="1.3683564215898514" lon="104.01521634310484">
        <ele>-1.45</ele>
      </trkpt>
      <trkpt lat="1.3683561701327562" lon="104.0152170136571">
        <ele>-1.41</ele>
      </trkpt>
      <trkpt lat="1.368355080485344" lon="104.01521927677095">
        <ele>-1.37</ele>
      </trkpt>
      <trkpt lat="1.3682409189641476" lon="104.01543687097728">
        <ele>-1.32</ele>
      </trkpt>
      <trkpt lat="1.3681267574429512" lon="104.01565446518362">
        <ele>-1.28</ele>
      </trkpt>
      <trkpt lat="1.3680124282836914" lon="104.01587247848511">
        <ele>-1.23</ele>
      </trkpt>
      <trkpt lat="1.3679051399230957" lon="104.01614061556756">
        <ele>-1.18</ele>
      </trkpt>
      <trkpt lat="1.3677979353815317" lon="104.01640892028809">
        <ele>-1.12</ele>
      </trkpt>
      <trkpt lat="1.3677121046930552" lon="104.01660195551813">
        <ele>-1.06</ele>
      </trkpt>
      <trkpt lat="1.3676262740045786" lon="104.01679515838623">
        <ele>-1.0</ele>
      </trkpt>
      <trkpt lat="1.367511861026287" lon="104.0170382335782">
        <ele>-0.94</ele>
      </trkpt>
      <trkpt lat="1.3673974480479956" lon="104.01728130877018">
        <ele>-0.87</ele>
      </trkpt>
      <trkpt lat="1.3672829512506723" lon="104.01752471923828">
        <ele>-0.8</ele>
      </trkpt>
      <trkpt lat="1.367186475545168" lon="104.01768548414111">
        <ele>-0.73</ele>
      </trkpt>
      <trkpt lat="1.3670898322016" lon="104.01784658432007">
        <ele>-0.65</ele>
      </trkpt>
      <trkpt lat="1.3669824600219727" lon="104.01803970336914">
        <ele>-0.57</ele>
      </trkpt>
      <trkpt lat="1.3669036701321602" lon="104.01832586154342">
        <ele>-0.49</ele>
      </trkpt>
      <trkpt lat="1.3668249640613794" lon="104.01861210353673">
        <ele>-0.4</ele>
      </trkpt>
      <trkpt lat="1.366746425628662" lon="104.0188980102539">
        <ele>-0.31</ele>
      </trkpt>
      <trkpt lat="1.3667248841375113" lon="104.01919858530164">
        <ele>-0.21</ele>
      </trkpt>
      <trkpt lat="1.3667035102844238" lon="104.01949882507324">
        <ele>-0.11</ele>
      </trkpt>
      <trkpt lat="1.366724967956543" lon="104.0196704864502">
        <ele>-0.01</ele>
      </trkpt>
      <trkpt lat="1.3668107986450195" lon="104.01979923248291">
        <ele>0.09</ele>
      </trkpt>
      <trkpt lat="1.3669824600219727" lon="104.01994943618774">
        <ele>0.2</ele>
      </trkpt>
      <trkpt lat="1.3672184944152832" lon="104.02005672454834">
        <ele>0.31</ele>
      </trkpt>
      <trkpt lat="1.3672399520874023" lon="104.02014255523682">
        <ele>0.43</ele>
      </trkpt>
      <trkpt lat="1.3671469129621983" lon="104.02036417275667">
        <ele>0.55</ele>
      </trkpt>
      <trkpt lat="1.3670539576560259" lon="104.02058587409556">
        <ele>0.68</ele>
      </trkpt>
      <trkpt lat="1.3669610023498535" lon="104.02080774307251">
        <ele>0.81</ele>
      </trkpt>
      <trkpt lat="1.3667579088360071" lon="104.02094663120806">
        <ele>0.95</ele>
      </trkpt>
      <trkpt lat="1.3665533065795898" lon="104.02108669281006">
        <ele>1.09</ele>
      </trkpt>
      <trkpt lat="1.3664603512734175" lon="104.0212868526578">
        <ele>1.23</ele>
      </trkpt>
      <trkpt lat="1.366367395967245" lon="104.02148709632456">
        <ele>1.37</ele>
      </trkpt>
      <trkpt lat="1.366274356842041" lon="104.0216875076294">
        <ele>1.52</ele>
      </trkpt>
      <trkpt lat="1.3661885261535645" lon="104.02188766747713">
        <ele>1.67</ele>
      </trkpt>
      <trkpt lat="1.366102695465088" lon="104.0220879111439">
        <ele>1.82</ele>
      </trkpt>
      <trkpt lat="1.3660168647766113" lon="104.02228832244873">
        <ele>1.98</ele>
      </trkpt>
      <trkpt lat="1.365877389907837" lon="104.02256710454822">
        <ele>2.13</ele>
      </trkpt>
      <trkpt lat="1.3657379150390625" lon="104.02284622192383">
        <ele>2.29</ele>
      </trkpt>
      <trkpt lat="1.3656152877956629" lon="104.02312969788909">
        <ele>2.5</ele>
      </trkpt>
      <trkpt lat="1.3654926605522633" lon="104.02341317385435">
        <ele>2.79</ele>
      </trkpt>
      <trkpt lat="1.3653701171278954" lon="104.02369664981961">
        <ele>3.0</ele>
      </trkpt>
      <trkpt lat="1.3652474898844957" lon="104.02398012578487">
        <ele>3.09</ele>
      </trkpt>
      <trkpt lat="1.3651249464601278" lon="104.02426360175014">
        <ele>3.14</ele>
      </trkpt>
      <trkpt lat="1.3650023192167282" lon="104.0245470777154">
        <ele>3.23</ele>
      </trkpt>
      <trkpt lat="1.3648797757923603" lon="104.02483055368066">
        <ele>3.34</ele>
      </trkpt>
      <trkpt lat="1.3647571485489607" lon="104.02511411346495">
        <ele>3.47</ele>
      </trkpt>
      <trkpt lat="1.3646346051245928" lon="104.02539758943021">
        <ele>3.62</ele>
      </trkpt>
      <trkpt lat="1.3645119778811932" lon="104.02568106539547">
        <ele>3.75</ele>
      </trkpt>
      <trkpt lat="1.3643894344568253" lon="104.02596454136074">
        <ele>3.94</ele>
      </trkpt>
      <trkpt lat="1.3642668072134256" lon="104.026248017326">
        <ele>4.11</ele>
      </trkpt>
      <trkpt lat="1.364144179970026" lon="104.02653149329126">
        <ele>4.16</ele>
      </trkpt>
      <trkpt lat="1.3640213012695312" lon="104.02681589126587">
        <ele>4.24</ele>
      </trkpt>
      <trkpt lat="1.3639140129089355" lon="104.02683734893799">
        <ele>4.35</ele>
      </trkpt>
      <trkpt lat="1.3636410981416702" lon="104.02672343887389">
        <ele>4.51</ele>
      </trkpt>
      <trkpt lat="1.3633682671934366" lon="104.02660952880979">
        <ele>4.68</ele>
      </trkpt>
      <trkpt lat="1.363095436245203" lon="104.02649561874568">
        <ele>4.81</ele>
      </trkpt>
      <trkpt lat="1.3628226052969694" lon="104.02638179250062">
        <ele>4.87</ele>
      </trkpt>
      <trkpt lat="1.3625497743487358" lon="104.02626788243651">
        <ele>4.91</ele>
      </trkpt>
      <trkpt lat="1.3622769434005022" lon="104.02615397237241">
        <ele>4.9</ele>
      </trkpt>
      <trkpt lat="1.3620041124522686" lon="104.02604014612734">
        <ele>4.85</ele>
      </trkpt>
      <trkpt lat="1.361731281504035" lon="104.02592623606324">
        <ele>4.79</ele>
      </trkpt>
      <trkpt lat="1.361446464434266" lon="104.02580738067627">
        <ele>4.73</ele>
      </trkpt>
      <trkpt lat="1.3612862024456263" lon="104.02573261409998">
        <ele>4.68</ele>
      </trkpt>
      <trkpt lat="1.361124599352479" lon="104.02565717697144">
        <ele>4.65</ele>
      </trkpt>
      <trkpt lat="1.3610957656055689" lon="104.02571870014071">
        <ele>4.63</ele>
      </trkpt>
      <trkpt lat="1.3610494136810303" lon="104.0258180256933">
        <ele>4.59</ele>
      </trkpt>
      <trkpt lat="1.3609743118286133" lon="104.02597904205322">
        <ele>4.55</ele>
      </trkpt>
      <trkpt lat="1.3609743118286133" lon="104.02610778808594">
        <ele>4.52</ele>
      </trkpt>
      <trkpt lat="1.360931396484375" lon="104.02615070343018">
        <ele>4.46</ele>
      </trkpt>
      <trkpt lat="1.3609314803034067" lon="104.02615070343018">
        <ele>4.4</ele>
      </trkpt>
      <trkpt lat="1.3608456496149302" lon="104.02625799179077">
        <ele>4.34</ele>
      </trkpt>
      <trkpt lat="1.360824191942811" lon="104.02634382247925">
        <ele>4.27</ele>
      </trkpt>
      <trkpt lat="1.3608455657958984" lon="104.02647256851196">
        <ele>4.18</ele>
      </trkpt>
      <trkpt lat="1.3607382774353027" lon="104.02649402618408">
        <ele>4.1</ele>
      </trkpt>
      <trkpt lat="1.360609531402588" lon="104.02676501311362">
        <ele>4.03</ele>
      </trkpt>
      <trkpt lat="1.3604808691889048" lon="104.02703608386219">
        <ele>3.93</ele>
      </trkpt>
      <trkpt lat="1.36035212315619" lon="104.02730707079172">
        <ele>3.82</ele>
      </trkpt>
      <trkpt lat="1.3602234609425068" lon="104.02757814154029">
        <ele>3.74</ele>
      </trkpt>
      <trkpt lat="1.3600947987288237" lon="104.02784921228886">
        <ele>3.62</ele>
      </trkpt>
      <trkpt lat="1.3599660526961088" lon="104.02812019921839">
        <ele>3.48</ele>
      </trkpt>
      <trkpt lat="1.3598373904824257" lon="104.02839126996696">
        <ele>3.31</ele>
      </trkpt>
      <trkpt lat="1.3597086444497108" lon="104.02866234071553">
        <ele>3.14</ele>
      </trkpt>
      <trkpt lat="1.3595799822360277" lon="104.02893332764506">
        <ele>3.01</ele>
      </trkpt>
      <trkpt lat="1.3594513200223446" lon="104.02920439839363">
        <ele>2.92</ele>
      </trkpt>
      <trkpt lat="1.3593220710754395" lon="104.02947664260864">
        <ele>2.81</ele>
      </trkpt>
      <trkpt lat="1.359193492680788" lon="104.02966230176389">
        <ele>2.7</ele>
      </trkpt>
      <trkpt lat="1.3590649142861366" lon="104.02984804473817">
        <ele>2.6</ele>
      </trkpt>
      <trkpt lat="1.358935832977295" lon="104.03003454208374">
        <ele>2.44</ele>
      </trkpt>
      <trkpt lat="1.358753778040409" lon="104.03023788705468">
        <ele>2.29</ele>
      </trkpt>
      <trkpt lat="1.3585710525512695" lon="104.030442237854">
        <ele>2.1</ele>
      </trkpt>
      <trkpt lat="1.3583998940885067" lon="104.03058120980859">
        <ele>1.92</ele>
      </trkpt>
      <trkpt lat="1.3582277297973633" lon="104.03072118759155">
        <ele>1.72</ele>
      </trkpt>
      <trkpt lat="1.3580353651195765" lon="104.03082797303796">
        <ele>1.58</ele>
      </trkpt>
      <trkpt lat="1.3578430842608213" lon="104.0309348423034">
        <ele>1.45</ele>
      </trkpt>
      <trkpt lat="1.3576483726501465" lon="104.03104305267334">
        <ele>1.31</ele>
      </trkpt>
      <trkpt lat="1.3573921378701925" lon="104.03113550506532">
        <ele>1.18</ele>
      </trkpt>
      <trkpt lat="1.3571359869092703" lon="104.03122804127634">
        <ele>1.06</ele>
      </trkpt>
      <trkpt lat="1.3568758964538574" lon="104.03132200241089">
        <ele>0.94</ele>
      </trkpt>
      <trkpt lat="1.3566483277827501" lon="104.03135041706264">
        <ele>0.82</ele>
      </trkpt>
      <trkpt lat="1.3564207591116428" lon="104.03137883171439">
        <ele>0.71</ele>
      </trkpt>
      <trkpt lat="1.356189250946045" lon="104.03140783309937">
        <ele>0.6</ele>
      </trkpt>
      <trkpt lat="1.3559118937700987" lon="104.03137933462858">
        <ele>0.5</ele>
      </trkpt>
      <trkpt lat="1.3556345365941525" lon="104.03135091997683">
        <ele>0.4</ele>
      </trkpt>
      <trkpt lat="1.3553524017333984" lon="104.03132200241089">
        <ele>0.31</ele>
      </trkpt>
      <trkpt lat="1.3550962507724762" lon="104.03125084005296">
        <ele>0.22</ele>
      </trkpt>
      <trkpt lat="1.3548401836305857" lon="104.03117967769504">
        <ele>0.14</ele>
      </trkpt>
      <trkpt lat="1.3545799255371094" lon="104.0311074256897">
        <ele>0.07</ele>
      </trkpt>
      <trkpt lat="1.3542901631444693" lon="104.03098588809371">
        <ele>0.0</ele>
      </trkpt>
      <trkpt lat="1.3540004845708609" lon="104.03086443431675">
        <ele>-0.05</ele>
      </trkpt>
      <trkpt lat="1.3537107221782207" lon="104.0307429805398">
        <ele>-0.11</ele>
      </trkpt>
      <trkpt lat="1.3534210436046124" lon="104.03062152676284">
        <ele>-0.17</ele>
      </trkpt>
      <trkpt lat="1.353131365031004" lon="104.03050007298589">
        <ele>-0.22</ele>
      </trkpt>
      <trkpt lat="1.3528416026383638" lon="104.03037861920893">
        <ele>-0.26</ele>
      </trkpt>
      <trkpt lat="1.3525519240647554" lon="104.03025716543198">
        <ele>-0.3</ele>
      </trkpt>
      <trkpt lat="1.352262245491147" lon="104.03013562783599">
        <ele>-0.33</ele>
      </trkpt>
      <trkpt lat="1.351972483098507" lon="104.03001417405903">
        <ele>-0.36</ele>
      </trkpt>
      <trkpt lat="1.351672327145934" lon="104.02988836169243">
        <ele>-0.39</ele>
      </trkpt>
      <trkpt lat="1.3516718242317438" lon="104.02988811023533">
        <ele>-0.41</ele>
      </trkpt>
      <trkpt lat="1.351671488955617" lon="104.02988794259727">
        <ele>-0.42</ele>
      </trkpt>
      <trkpt lat="1.3516687229275703" lon="104.02988685294986">
        <ele>-0.44</ele>
      </trkpt>
      <trkpt lat="1.3513833191245794" lon="104.02976715937257">
        <ele>-0.45</ele>
      </trkpt>
      <trkpt lat="1.3510979991406202" lon="104.02964754961431">
        <ele>-0.46</ele>
      </trkpt>
      <trkpt lat="1.350812679156661" lon="104.02952793985605">
        <ele>-0.46</ele>
      </trkpt>
      <trkpt lat="1.3505272753536701" lon="104.02940824627876">
        <ele>-0.46</ele>
      </trkpt>
      <trkpt lat="1.350241955369711" lon="104.0292886365205">
        <ele>-0.46</ele>
      </trkpt>
      <trkpt lat="1.3499566353857517" lon="104.02916902676225">
        <ele>-0.46</ele>
      </trkpt>
      <trkpt lat="1.3496713154017925" lon="104.02904933318496">
        <ele>-0.45</ele>
      </trkpt>
      <trkpt lat="1.3493859115988016" lon="104.0289297234267">
        <ele>-0.44</ele>
      </trkpt>
      <trkpt lat="1.3491005916148424" lon="104.02881011366844">
        <ele>-0.44</ele>
      </trkpt>
      <trkpt lat="1.3488152716308832" lon="104.02869042009115">
        <ele>-0.43</ele>
      </trkpt>
      <trkpt lat="1.3485298678278923" lon="104.0285708103329">
        <ele>-0.41</ele>
      </trkpt>
      <trkpt lat="1.348244547843933" lon="104.02845120057464">
        <ele>-0.4</ele>
      </trkpt>
      <trkpt lat="1.347959227859974" lon="104.02833150699735">
        <ele>-0.39</ele>
      </trkpt>
      <trkpt lat="1.3476739078760147" lon="104.02821189723909">
        <ele>-0.38</ele>
      </trkpt>
      <trkpt lat="1.3473885040730238" lon="104.02809228748083">
        <ele>-0.36</ele>
      </trkpt>
      <trkpt lat="1.3471031840890646" lon="104.02797267772257">
        <ele>-0.35</ele>
      </trkpt>
      <trkpt lat="1.3468178641051054" lon="104.02785298414528">
        <ele>-0.34</ele>
      </trkpt>
      <trkpt lat="1.3465324603021145" lon="104.02773337438703">
        <ele>-0.32</ele>
      </trkpt>
      <trkpt lat="1.3462471403181553" lon="104.02761376462877">
        <ele>-0.31</ele>
      </trkpt>
      <trkpt lat="1.345961820334196" lon="104.02749407105148">
        <ele>-0.3</ele>
      </trkpt>
      <trkpt lat="1.345676500350237" lon="104.02737446129322">
        <ele>-0.28</ele>
      </trkpt>
      <trkpt lat="1.345391096547246" lon="104.02725485153496">
        <ele>-0.27</ele>
      </trkpt>
      <trkpt lat="1.3451057765632868" lon="104.02713515795767">
        <ele>-0.26</ele>
      </trkpt>
      <trkpt lat="1.3448204565793276" lon="104.02701554819942">
        <ele>-0.25</ele>
      </trkpt>
      <trkpt lat="1.3445350527763367" lon="104.02689593844116">
        <ele>-0.24</ele>
      </trkpt>
      <trkpt lat="1.3442497327923775" lon="104.02677624486387">
        <ele>-0.24</ele>
      </trkpt>
      <trkpt lat="1.3439644128084183" lon="104.02665663510561">
        <ele>-0.23</ele>
      </trkpt>
      <trkpt lat="1.343679092824459" lon="104.02653702534735">
        <ele>-0.22</ele>
      </trkpt>
      <trkpt lat="1.3433936890214682" lon="104.02641733177006">
        <ele>-0.22</ele>
      </trkpt>
      <trkpt lat="1.343108369037509" lon="104.0262977220118">
        <ele>-0.22</ele>
      </trkpt>
      <trkpt lat="1.3428230490535498" lon="104.02617811225355">
        <ele>-0.22</ele>
      </trkpt>
      <trkpt lat="1.3425376452505589" lon="104.02605850249529">
        <ele>-0.22</ele>
      </trkpt>
      <trkpt lat="1.3422523252665997" lon="104.025938808918">
        <ele>-0.22</ele>
      </trkpt>
      <trkpt lat="1.3419670052826405" lon="104.02581919915974">
        <ele>-0.22</ele>
      </trkpt>
      <trkpt lat="1.3416816852986813" lon="104.02569958940148">
        <ele>-0.23</ele>
      </trkpt>
      <trkpt lat="1.3413962814956903" lon="104.0255798958242">
        <ele>-0.23</ele>
      </trkpt>
      <trkpt lat="1.3411109615117311" lon="104.02546028606594">
        <ele>-0.24</ele>
      </trkpt>
      <trkpt lat="1.340825641527772" lon="104.02534067630768">
        <ele>-0.25</ele>
      </trkpt>
      <trkpt lat="1.340540237724781" lon="104.02522098273039">
        <ele>-0.26</ele>
      </trkpt>
      <trkpt lat="1.3402549177408218" lon="104.02510137297213">
        <ele>-0.27</ele>
      </trkpt>
      <trkpt lat="1.3399695977568626" lon="104.02498176321387">
        <ele>-0.28</ele>
      </trkpt>
      <trkpt lat="1.3396842777729034" lon="104.02486206963658">
        <ele>-0.29</ele>
      </trkpt>
      <trkpt lat="1.3393988739699125" lon="104.02474245987833">
        <ele>-0.31</ele>
      </trkpt>
      <trkpt lat="1.3391135539859533" lon="104.02462285012007">
        <ele>-0.32</ele>
      </trkpt>
      <trkpt lat="1.3387656211853027" lon="104.02447700500488">
        <ele>-0.33</ele>
      </trkpt>
      <trkpt lat="1.3384879287332296" lon="104.02435739524662">
        <ele>-0.35</ele>
      </trkpt>
      <trkpt lat="1.3382103201001883" lon="104.02423778548837">
        <ele>-0.36</ele>
      </trkpt>
      <trkpt lat="1.3379327114671469" lon="104.02411817573011">
        <ele>-0.38</ele>
      </trkpt>
      <trkpt lat="1.3376551028341055" lon="104.02399864979088">
        <ele>-0.39</ele>
      </trkpt>
      <trkpt lat="1.337377494201064" lon="104.02387904003263">
        <ele>-0.41</ele>
      </trkpt>
      <trkpt lat="1.3370998855680227" lon="104.02375943027437">
        <ele>-0.42</ele>
      </trkpt>
      <trkpt lat="1.3368222769349813" lon="104.02363990433514">
        <ele>-0.43</ele>
      </trkpt>
      <trkpt lat="1.33654466830194" lon="104.02352029457688">
        <ele>-0.45</ele>
      </trkpt>
      <trkpt lat="1.3362670596688986" lon="104.02340068481863">
        <ele>-0.46</ele>
      </trkpt>
      <trkpt lat="1.3359894510358572" lon="104.02328107506037">
        <ele>-0.47</ele>
      </trkpt>
      <trkpt lat="1.3357118424028158" lon="104.02316154912114">
        <ele>-0.48</ele>
      </trkpt>
      <trkpt lat="1.3354342337697744" lon="104.02304193936288">
        <ele>-0.48</ele>
      </trkpt>
      <trkpt lat="1.335156625136733" lon="104.02292232960463">
        <ele>-0.49</ele>
      </trkpt>
      <trkpt lat="1.3348790165036917" lon="104.0228028036654">
        <ele>-0.49</ele>
      </trkpt>
      <trkpt lat="1.3345813751220703" lon="104.02267456054688">
        <ele>-0.49</ele>
      </trkpt>
      <trkpt lat="1.3344211131334305" lon="104.02259979397058">
        <ele>-0.48</ele>
      </trkpt>
      <trkpt lat="1.3342595100402832" lon="104.02252435684204">
        <ele>-0.48</ele>
      </trkpt>
      <trkpt lat="1.3339735195040703" lon="104.02240449562669">
        <ele>-0.47</ele>
      </trkpt>
      <trkpt lat="1.333687612786889" lon="104.02228471823037">
        <ele>-0.45</ele>
      </trkpt>
      <trkpt lat="1.3334017060697079" lon="104.02216494083405">
        <ele>-0.43</ele>
      </trkpt>
      <trkpt lat="1.3331157993525267" lon="104.02204516343772">
        <ele>-0.41</ele>
      </trkpt>
      <trkpt lat="1.3328298926353455" lon="104.02192530222237">
        <ele>-0.39</ele>
      </trkpt>
      <trkpt lat="1.3325439859181643" lon="104.02180552482605">
        <ele>-0.36</ele>
      </trkpt>
      <trkpt lat="1.332258079200983" lon="104.02168574742973">
        <ele>-0.32</ele>
      </trkpt>
      <trkpt lat="1.3319720886647701" lon="104.02156597003341">
        <ele>-0.28</ele>
      </trkpt>
      <trkpt lat="1.331686181947589" lon="104.02144610881805">
        <ele>-0.24</ele>
      </trkpt>
      <trkpt lat="1.3314002752304077" lon="104.02132633142173">
        <ele>-0.19</ele>
      </trkpt>
      <trkpt lat="1.3311143685132265" lon="104.02120655402541">
        <ele>-0.14</ele>
      </trkpt>
      <trkpt lat="1.3308284617960453" lon="104.02108677662909">
        <ele>-0.08</ele>
      </trkpt>
      <trkpt lat="1.330542555078864" lon="104.02096691541374">
        <ele>-0.01</ele>
      </trkpt>
      <trkpt lat="1.330256648361683" lon="104.02084713801742">
        <ele>0.05</ele>
      </trkpt>
      <trkpt lat="1.32997065782547" lon="104.0207273606211">
        <ele>0.13</ele>
      </trkpt>
      <trkpt lat="1.3296847511082888" lon="104.02060758322477">
        <ele>0.21</ele>
      </trkpt>
      <trkpt lat="1.3293988443911076" lon="104.02048772200942">
        <ele>0.3</ele>
      </trkpt>
      <trkpt lat="1.3291129376739264" lon="104.0203679446131">
        <ele>0.39</ele>
      </trkpt>
      <trkpt lat="1.3288270309567451" lon="104.02024816721678">
        <ele>0.49</ele>
      </trkpt>
      <trkpt lat="1.328541124239564" lon="104.02012838982046">
        <ele>0.6</ele>
      </trkpt>
      <trkpt lat="1.3282552175223827" lon="104.0200085286051">
        <ele>0.71</ele>
      </trkpt>
      <trkpt lat="1.3279692269861698" lon="104.01988875120878">
        <ele>0.82</ele>
      </trkpt>
      <trkpt lat="1.3276833202689886" lon="104.01976897381246">
        <ele>0.94</ele>
      </trkpt>
      <trkpt lat="1.3273974135518074" lon="104.01964919641614">
        <ele>1.07</ele>
      </trkpt>
      <trkpt lat="1.3271115068346262" lon="104.01952941901982">
        <ele>1.2</ele>
      </trkpt>
      <trkpt lat="1.326825600117445" lon="104.01940955780447">
        <ele>1.33</ele>
      </trkpt>
      <trkpt lat="1.3265396934002638" lon="104.01928978040814">
        <ele>1.47</ele>
      </trkpt>
      <trkpt lat="1.3262537866830826" lon="104.01917000301182">
        <ele>1.61</ele>
      </trkpt>
      <trkpt lat="1.3259677961468697" lon="104.0190502256155">
        <ele>1.76</ele>
      </trkpt>
      <trkpt lat="1.3256818894296885" lon="104.01893036440015">
        <ele>1.9</ele>
      </trkpt>
      <trkpt lat="1.3253959827125072" lon="104.01881058700383">
        <ele>2.05</ele>
      </trkpt>
      <trkpt lat="1.325110075995326" lon="104.0186908096075">
        <ele>2.2</ele>
      </trkpt>
      <trkpt lat="1.3248241692781448" lon="104.01857103221118">
        <ele>2.35</ele>
      </trkpt>
      <trkpt lat="1.3245382625609636" lon="104.01845117099583">
        <ele>2.51</ele>
      </trkpt>
      <trkpt lat="1.3242523558437824" lon="104.01833139359951">
        <ele>2.66</ele>
      </trkpt>
      <trkpt lat="1.3239664491266012" lon="104.01821161620319">
        <ele>2.82</ele>
      </trkpt>
      <trkpt lat="1.3236804585903883" lon="104.01809183880687">
        <ele>3.0</ele>
      </trkpt>
      <trkpt lat="1.323394551873207" lon="104.01797197759151">
        <ele>3.16</ele>
      </trkpt>
      <trkpt lat="1.3231086451560259" lon="104.0178522001952">
        <ele>3.28</ele>
      </trkpt>
      <trkpt lat="1.3228227384388447" lon="104.01773242279887">
        <ele>3.44</ele>
      </trkpt>
      <trkpt lat="1.3225368317216635" lon="104.01761264540255">
        <ele>3.59</ele>
      </trkpt>
      <trkpt lat="1.3222509250044823" lon="104.01749286800623">
        <ele>3.73</ele>
      </trkpt>
      <trkpt lat="1.321965018287301" lon="104.01737300679088">
        <ele>3.89</ele>
      </trkpt>
      <trkpt lat="1.3216790277510881" lon="104.01725322939456">
        <ele>3.98</ele>
      </trkpt>
      <trkpt lat="1.321393121033907" lon="104.01713345199823">
        <ele>3.94</ele>
      </trkpt>
      <trkpt lat="1.3211072143167257" lon="104.01701367460191">
        <ele>3.96</ele>
      </trkpt>
      <trkpt lat="1.3208213075995445" lon="104.01689381338656">
        <ele>4.07</ele>
      </trkpt>
      <trkpt lat="1.3205354008823633" lon="104.01677403599024">
        <ele>4.14</ele>
      </trkpt>
      <trkpt lat="1.3202494941651821" lon="104.01665425859392">
        <ele>4.16</ele>
      </trkpt>
      <trkpt lat="1.319963587448001" lon="104.0165344811976">
        <ele>4.19</ele>
      </trkpt>
      <trkpt lat="1.319677596911788" lon="104.01641461998224">
        <ele>4.23</ele>
      </trkpt>
      <trkpt lat="1.3193916901946068" lon="104.01629484258592">
        <ele>4.22</ele>
      </trkpt>
      <trkpt lat="1.3191057834774256" lon="104.0161750651896">
        <ele>4.13</ele>
      </trkpt>
      <trkpt lat="1.3188198767602444" lon="104.01605528779328">
        <ele>4.12</ele>
      </trkpt>
      <trkpt lat="1.3185339700430632" lon="104.01593542657793">
        <ele>4.09</ele>
      </trkpt>
      <trkpt lat="1.318248063325882" lon="104.0158156491816">
        <ele>4.01</ele>
      </trkpt>
      <trkpt lat="1.3179621566087008" lon="104.01569587178528">
        <ele>3.95</ele>
      </trkpt>
      <trkpt lat="1.3176761660724878" lon="104.01557609438896">
        <ele>3.87</ele>
      </trkpt>
      <trkpt lat="1.3173080328851938" lon="104.0154218673706">
        <ele>3.77</ele>
      </trkpt>
      <trkpt lat="1.3172651175409555" lon="104.0154218673706">
        <ele>3.67</ele>
      </trkpt>
      <trkpt lat="1.3172222021967173" lon="104.01540040969849">
        <ele>3.56</ele>
      </trkpt>
      <trkpt lat="1.3172221183776855" lon="104.01540040969849">
        <ele>3.45</ele>
      </trkpt>
      <trkpt lat="1.3169979024678469" lon="104.01531499810517">
        <ele>3.33</ele>
      </trkpt>
      <trkpt lat="1.3167715910822153" lon="104.01522874832153">
        <ele>3.21</ele>
      </trkpt>
      <trkpt lat="1.316622057929635" lon="104.01516462676227">
        <ele>3.07</ele>
      </trkpt>
      <trkpt lat="1.3164711836725473" lon="104.01510000228882">
        <ele>2.92</ele>
      </trkpt>
      <trkpt lat="1.3162222411483526" lon="104.01505021378398">
        <ele>2.72</ele>
      </trkpt>
      <trkpt lat="1.315973298624158" lon="104.01500042527914">
        <ele>2.51</ele>
      </trkpt>
      <trkpt lat="1.3157201651483774" lon="104.01494979858398">
        <ele>2.28</ele>
      </trkpt>
      <trkpt lat="1.3154150638729334" lon="104.01492414996028">
        <ele>2.13</ele>
      </trkpt>
      <trkpt lat="1.3151099625974894" lon="104.0148985851556">
        <ele>1.94</ele>
      </trkpt>
      <trkpt lat="1.314804945141077" lon="104.0148729365319">
        <ele>1.78</ele>
      </trkpt>
      <trkpt lat="1.314499843865633" lon="104.01484737172723">
        <ele>1.61</ele>
      </trkpt>
      <trkpt lat="1.314194742590189" lon="104.01482172310352">
        <ele>1.44</ele>
      </trkpt>
      <trkpt lat="1.3138897251337767" lon="104.01479615829885">
        <ele>1.28</ele>
      </trkpt>
      <trkpt lat="1.3135846238583326" lon="104.01477059349418">
        <ele>1.12</ele>
      </trkpt>
      <trkpt lat="1.3132795225828886" lon="104.01474494487047">
        <ele>0.96</ele>
      </trkpt>
      <trkpt lat="1.3129745051264763" lon="104.0147193800658">
        <ele>0.81</ele>
      </trkpt>
      <trkpt lat="1.3126516342163086" lon="104.01469230651855">
        <ele>0.67</ele>
      </trkpt>
      <trkpt lat="1.3124310225248337" lon="104.01462826877832">
        <ele>0.53</ele>
      </trkpt>
      <trkpt lat="1.3122104946523905" lon="104.0145642310381">
        <ele>0.39</ele>
      </trkpt>
      <trkpt lat="1.3119864463806152" lon="104.01449918746948">
        <ele>0.26</ele>
      </trkpt>
      <trkpt lat="1.3118155393749475" lon="104.01441369205713">
        <ele>0.14</ele>
      </trkpt>
      <trkpt lat="1.311643123626709" lon="104.01432752609253">
        <ele>0.03</ele>
      </trkpt>
      <trkpt lat="1.3114220928400755" lon="104.01415636762977">
        <ele>-0.07</ele>
      </trkpt>
      <trkpt lat="1.3112011458724737" lon="104.01398529298604">
        <ele>-0.17</ele>
      </trkpt>
      <trkpt lat="1.3109779357910156" lon="104.01381254196167">
        <ele>-0.26</ele>
      </trkpt>
      <trkpt lat="1.3107958808541298" lon="104.01359838433564">
        <ele>-0.34</ele>
      </trkpt>
      <trkpt lat="1.3106131553649902" lon="104.01338338851929">
        <ele>-0.42</ele>
      </trkpt>
      <trkpt lat="1.3104631192982197" lon="104.01312606409192">
        <ele>-0.48</ele>
      </trkpt>
      <trkpt lat="1.310312831774354" lon="104.01286840438843">
        <ele>-0.53</ele>
      </trkpt>
      <trkpt lat="1.310241250321269" lon="104.0126537438482">
        <ele>-0.58</ele>
      </trkpt>
      <trkpt lat="1.310169668868184" lon="104.01243916712701">
        <ele>-0.62</ele>
      </trkpt>
      <trkpt lat="1.3100981712341309" lon="104.01222467422485">
        <ele>-0.64</ele>
      </trkpt>
      <trkpt lat="1.3100551720708609" lon="104.01192401535809">
        <ele>-0.66</ele>
      </trkpt>
      <trkpt lat="1.3100123405456543" lon="104.01162385940552">
        <ele>-0.67</ele>
      </trkpt>
      <trkpt lat="1.3100337982177734" lon="104.01133392937481">
        <ele>-0.66</ele>
      </trkpt>
      <trkpt lat="1.3100552558898926" lon="104.0110445022583">
        <ele>-0.65</ele>
      </trkpt>
      <trkpt lat="1.31011962890625" lon="104.01082263328135">
        <ele>-0.63</ele>
      </trkpt>
      <trkpt lat="1.3101840857416391" lon="104.01060084812343">
        <ele>-0.6</ele>
      </trkpt>
      <trkpt lat="1.3102484587579966" lon="104.01037931442261">
        <ele>-0.56</ele>
      </trkpt>
      <trkpt lat="1.3103642966598272" lon="104.0101068187505">
        <ele>-0.51</ele>
      </trkpt>
      <trkpt lat="1.310480134561658" lon="104.0098343230784">
        <ele>-0.45</ele>
      </trkpt>
      <trkpt lat="1.3105959724634886" lon="104.00956191122532">
        <ele>-0.38</ele>
      </trkpt>
      <trkpt lat="1.3107118103653193" lon="104.00928941555321">
        <ele>-0.31</ele>
      </trkpt>
      <trkpt lat="1.31082764826715" lon="104.0090169198811">
        <ele>-0.22</ele>
      </trkpt>
      <trkpt lat="1.3109434861689806" lon="104.00874450802803">
        <ele>-0.13</ele>
      </trkpt>
      <trkpt lat="1.311059407889843" lon="104.00847201235592">
        <ele>-0.03</ele>
      </trkpt>
      <trkpt lat="1.3111752457916737" lon="104.00819960050285">
        <ele>0.07</ele>
      </trkpt>
      <trkpt lat="1.3112910836935043" lon="104.00792710483074">
        <ele>0.18</ele>
      </trkpt>
      <trkpt lat="1.3114071730524302" lon="104.00765419006348">
        <ele>0.31</ele>
      </trkpt>
      <trkpt lat="1.311492919921875" lon="104.00745394639671">
        <ele>0.43</ele>
      </trkpt>
      <trkpt lat="1.3115787506103516" lon="104.00725370272994">
        <ele>0.57</ele>
      </trkpt>
      <trkpt lat="1.3116646651178598" lon="104.00705337524414">
        <ele>0.71</ele>
      </trkpt>
      <trkpt lat="1.3117504119873047" lon="104.00683879852295">
        <ele>0.85</ele>
      </trkpt>
      <trkpt lat="1.3118362426757812" lon="104.00662422180176">
        <ele>1.0</ele>
      </trkpt>
      <trkpt lat="1.3119220733642578" lon="104.00640964508057">
        <ele>1.15</ele>
      </trkpt>
      <trkpt lat="1.311964988708496" lon="104.00614117272198">
        <ele>1.31</ele>
      </trkpt>
      <trkpt lat="1.3120079040527344" lon="104.00587320327759">
        <ele>1.51</ele>
      </trkpt>
      <trkpt lat="1.3120293617248535" lon="104.00559425354004">
        <ele>1.65</ele>
      </trkpt>
      <trkpt lat="1.311997091397643" lon="104.00532041676342">
        <ele>1.83</ele>
      </trkpt>
      <trkpt lat="1.3119649048894644" lon="104.00504666380584">
        <ele>2.04</ele>
      </trkpt>
      <trkpt lat="1.3119327183812857" lon="104.00477282702923">
        <ele>2.25</ele>
      </trkpt>
      <trkpt lat="1.3119006995111704" lon="104.00449991226196">
        <ele>2.43</ele>
      </trkpt>
      <trkpt lat="1.3119006995111704" lon="104.00441408157349">
        <ele>2.58</ele>
      </trkpt>
      <trkpt lat="1.311857784166932" lon="104.00411367416382">
        <ele>2.71</ele>
      </trkpt>
      <trkpt lat="1.3118577003479004" lon="104.00411367416382">
        <ele>2.85</ele>
      </trkpt>
      <trkpt lat="1.3118270225822926" lon="104.003831371665">
        <ele>2.96</ele>
      </trkpt>
      <trkpt lat="1.3117963448166847" lon="104.00354915298522">
        <ele>3.07</ele>
      </trkpt>
      <trkpt lat="1.311765667051077" lon="104.00326693430543">
        <ele>3.24</ele>
      </trkpt>
      <trkpt lat="1.311734989285469" lon="104.00298471562564">
        <ele>3.43</ele>
      </trkpt>
      <trkpt lat="1.3117043115198612" lon="104.00270249694586">
        <ele>3.52</ele>
      </trkpt>
      <trkpt lat="1.3116736337542534" lon="104.00242027826607">
        <ele>3.57</ele>
      </trkpt>
      <trkpt lat="1.311643123626709" lon="104.00213956832886">
        <ele>3.69</ele>
      </trkpt>
      <trkpt lat="1.311643123626709" lon="104.00183170102537">
        <ele>3.79</ele>
      </trkpt>
      <trkpt lat="1.311643123626709" lon="104.00152391754091">
        <ele>3.91</ele>
      </trkpt>
      <trkpt lat="1.3116432074457407" lon="104.00121688842773">
        <ele>4.02</ele>
      </trkpt>
      <trkpt lat="1.3116807583719492" lon="104.00097532197833">
        <ele>4.06</ele>
      </trkpt>
      <trkpt lat="1.3117183092981577" lon="104.00073375552893">
        <ele>4.09</ele>
      </trkpt>
      <trkpt lat="1.3117558602243662" lon="104.00049218907952">
        <ele>4.15</ele>
      </trkpt>
      <trkpt lat="1.311793327331543" lon="104.00025129318237">
        <ele>4.18</ele>
      </trkpt>
      <trkpt lat="1.3118648249655962" lon="103.99997938424349">
        <ele>4.25</ele>
      </trkpt>
      <trkpt lat="1.3119364064186811" lon="103.9997074753046">
        <ele>4.34</ele>
      </trkpt>
      <trkpt lat="1.3120079040527344" lon="103.99943590164185">
        <ele>4.4</ele>
      </trkpt>
      <trkpt lat="1.312093734741211" lon="103.99922132492065">
        <ele>4.43</ele>
      </trkpt>
      <trkpt lat="1.3121795654296875" lon="103.99900674819946">
        <ele>4.42</ele>
      </trkpt>
      <trkpt lat="1.3122654799371958" lon="103.99879217147827">
        <ele>4.46</ele>
      </trkpt>
      <trkpt lat="1.3122868537902832" lon="103.99874925613403">
        <ele>4.46</ele>
      </trkpt>
      <trkpt lat="1.3123833294957876" lon="103.99853467941284">
        <ele>4.47</ele>
      </trkpt>
      <trkpt lat="1.3124799728393555" lon="103.99832010269165">
        <ele>4.48</ele>
      </trkpt>
      <trkpt lat="1.3124800566583872" lon="103.99829864501953">
        <ele>4.48</ele>
      </trkpt>
      <trkpt lat="1.3125444296747446" lon="103.99816989898682">
        <ele>4.49</ele>
      </trkpt>
      <trkpt lat="1.3126587588340044" lon="103.99791961535811">
        <ele>4.46</ele>
      </trkpt>
      <trkpt lat="1.312773171812296" lon="103.99766933172941">
        <ele>4.44</ele>
      </trkpt>
      <trkpt lat="1.3128875847905874" lon="103.99741904810071">
        <ele>4.4</ele>
      </trkpt>
      <trkpt lat="1.313001997768879" lon="103.99716884829104">
        <ele>4.42</ele>
      </trkpt>
      <trkpt lat="1.3131164107471704" lon="103.99691856466234">
        <ele>4.44</ele>
      </trkpt>
      <trkpt lat="1.313231075182557" lon="103.99666786193848">
        <ele>4.44</ele>
      </trkpt>
      <trkpt lat="1.3132309913635254" lon="103.99666786193848">
        <ele>4.42</ele>
      </trkpt>
      <trkpt lat="1.313316822052002" lon="103.99645328521729">
        <ele>4.39</ele>
      </trkpt>
      <trkpt lat="1.3134027365595102" lon="103.9962387084961">
        <ele>4.36</ele>
      </trkpt>
      <trkpt lat="1.3134956918656826" lon="103.99595246650279">
        <ele>4.32</ele>
      </trkpt>
      <trkpt lat="1.313588647171855" lon="103.99566630832851">
        <ele>4.31</ele>
      </trkpt>
      <trkpt lat="1.3136816024780273" lon="103.99538040161133">
        <ele>4.3</ele>
      </trkpt>
      <trkpt lat="1.3138103485107422" lon="103.99518728256226">
        <ele>4.26</ele>
      </trkpt>
      <trkpt lat="1.3139322213828564" lon="103.99490246549249">
        <ele>4.21</ele>
      </trkpt>
      <trkpt lat="1.3140540942549706" lon="103.99461773224175">
        <ele>4.21</ele>
      </trkpt>
      <trkpt lat="1.3141759671270847" lon="103.99433299899101">
        <ele>4.2</ele>
      </trkpt>
      <trkpt lat="1.3142979238182306" lon="103.99404826574028">
        <ele>4.09</ele>
      </trkpt>
      <trkpt lat="1.3144197966903448" lon="103.99376353248954">
        <ele>4.04</ele>
      </trkpt>
      <trkpt lat="1.314541669562459" lon="103.9934787992388">
        <ele>4.1</ele>
      </trkpt>
      <trkpt lat="1.3146636262536049" lon="103.99319398216903">
        <ele>4.08</ele>
      </trkpt>
      <trkpt lat="1.314785499125719" lon="103.9929092489183">
        <ele>4.04</ele>
      </trkpt>
      <trkpt lat="1.3149073719978333" lon="103.99262451566756">
        <ele>4.04</ele>
      </trkpt>
      <trkpt lat="1.3150293286889791" lon="103.99233978241682">
        <ele>4.06</ele>
      </trkpt>
      <trkpt lat="1.3151512015610933" lon="103.99205504916608">
        <ele>4.06</ele>
      </trkpt>
      <trkpt lat="1.3152730744332075" lon="103.99177031591535">
        <ele>4.13</ele>
      </trkpt>
      <trkpt lat="1.3153950311243534" lon="103.99148558266461">
        <ele>4.14</ele>
      </trkpt>
      <trkpt lat="1.3155169039964676" lon="103.99120076559484">
        <ele>4.19</ele>
      </trkpt>
      <trkpt lat="1.3156387768685818" lon="103.9909160323441">
        <ele>4.19</ele>
      </trkpt>
      <trkpt lat="1.315760649740696" lon="103.99063129909337">
        <ele>4.2</ele>
      </trkpt>
      <trkpt lat="1.3158826064318419" lon="103.99034656584263">
        <ele>4.22</ele>
      </trkpt>
      <trkpt lat="1.316004479303956" lon="103.99006183259189">
        <ele>4.21</ele>
      </trkpt>
      <trkpt lat="1.3161263521760702" lon="103.98977709934115">
        <ele>4.23</ele>
      </trkpt>
      <trkpt lat="1.316248308867216" lon="103.98949228227139">
        <ele>4.27</ele>
      </trkpt>
      <trkpt lat="1.3163701817393303" lon="103.98920754902065">
        <ele>4.35</ele>
      </trkpt>
      <trkpt lat="1.3164926413446665" lon="103.98892164230347">
        <ele>4.43</ele>
      </trkpt>
      <trkpt lat="1.316578472033143" lon="103.98870706558228">
        <ele>4.48</ele>
      </trkpt>
      <trkpt lat="1.3166213873773813" lon="103.98859977722168">
        <ele>4.56</ele>
      </trkpt>
      <trkpt lat="1.3166857603937387" lon="103.98849248886108">
        <ele>4.64</ele>
      </trkpt>
      <trkpt lat="1.3167072180658579" lon="103.98842811584473">
        <ele>4.74</ele>
      </trkpt>
      <trkpt lat="1.3167071342468262" lon="103.98842811584473">
        <ele>4.84</ele>
      </trkpt>
      <trkpt lat="1.3168250676244497" lon="103.98813843727112">
        <ele>4.98</ele>
      </trkpt>
      <trkpt lat="1.3169431686401367" lon="103.98784875869751">
        <ele>5.11</ele>
      </trkpt>
      <trkpt lat="1.317016091197729" lon="103.98759109899402">
        <ele>5.22</ele>
      </trkpt>
      <trkpt lat="1.3170890975743532" lon="103.98733352310956">
        <ele>5.31</ele>
      </trkpt>
      <trkpt lat="1.3171621039509773" lon="103.9870759472251">
        <ele>5.45</ele>
      </trkpt>
      <trkpt lat="1.3172350265085697" lon="103.98681837134063">
        <ele>5.62</ele>
      </trkpt>
      <trkpt lat="1.317307949066162" lon="103.98656129837036">
        <ele>5.81</ele>
      </trkpt>
      <trkpt lat="1.3174212723970413" lon="103.9863069076091">
        <ele>5.97</ele>
      </trkpt>
      <trkpt lat="1.3175346795469522" lon="103.98605251684785">
        <ele>6.15</ele>
      </trkpt>
      <trkpt lat="1.3176480866968632" lon="103.98579820990562">
        <ele>6.32</ele>
      </trkpt>
      <trkpt lat="1.317761493846774" lon="103.98554381914437">
        <ele>6.43</ele>
      </trkpt>
      <trkpt lat="1.3178748171776533" lon="103.98528942838311">
        <ele>6.56</ele>
      </trkpt>
      <trkpt lat="1.3179882243275642" lon="103.98503512144089">
        <ele>6.76</ele>
      </trkpt>
      <trkpt lat="1.3181018829345703" lon="103.98478031158447">
        <ele>6.95</ele>
      </trkpt>
      <trkpt lat="1.3181876298040152" lon="103.98455852642655">
        <ele>7.17</ele>
      </trkpt>
      <trkpt lat="1.3182734604924917" lon="103.98433682508767">
        <ele>7.44</ele>
      </trkpt>
      <trkpt lat="1.318359375" lon="103.98411512374878">
        <ele>7.66</ele>
      </trkpt>
      <trkpt lat="1.3183164596557617" lon="103.98409366607666">
        <ele>7.87</ele>
      </trkpt>
      <trkpt lat="1.3181669265031815" lon="103.9840295445174">
        <ele>8.08</ele>
      </trkpt>
      <trkpt lat="1.3181572873145342" lon="103.98402535356581">
        <ele>8.26</ele>
      </trkpt>
      <trkpt lat="1.3180160522460938" lon="103.98396492004395">
        <ele>8.45</ele>
      </trkpt>
      <trkpt lat="1.3178229331970215" lon="103.98396492004395">
        <ele>8.6</ele>
      </trkpt>
      <trkpt lat="1.317552449181676" lon="103.98385100997984">
        <ele>8.71</ele>
      </trkpt>
      <trkpt lat="1.3172819651663303" lon="103.98373709991574">
        <ele>8.82</ele>
      </trkpt>
      <trkpt lat="1.3170075416564941" lon="103.98362159729004">
        <ele>9.03</ele>
      </trkpt>
      <trkpt lat="1.3169646263122559" lon="103.98353576660156">
        <ele>9.23</ele>
      </trkpt>
      <trkpt lat="1.3170075416564941" lon="103.98325681686401">
        <ele>9.42</ele>
      </trkpt>
      <trkpt lat="1.3169002532958984" lon="103.9830207824707">
        <ele>9.53</ele>
      </trkpt>
      <trkpt lat="1.3169431686401367" lon="103.98293495178223">
        <ele>9.67</ele>
      </trkpt>
      <trkpt lat="1.3171143271028996" lon="103.98276370950043">
        <ele>9.88</ele>
      </trkpt>
      <trkpt lat="1.317286491394043" lon="103.98259162902832">
        <ele>10.05</ele>
      </trkpt>
      <trkpt lat="1.3173723220825195" lon="103.98231267929077">
        <ele>10.21</ele>
      </trkpt>
      <trkpt lat="1.31731859408319" lon="103.98203892633319">
        <ele>10.4</ele>
      </trkpt>
      <trkpt lat="1.3172649499028921" lon="103.9817651733756">
        <ele>10.59</ele>
      </trkpt>
      <trkpt lat="1.3172112219035625" lon="103.98149142041802">
        <ele>10.63</ele>
      </trkpt>
      <trkpt lat="1.3171577453613281" lon="103.9812183380127">
        <ele>10.58</ele>
      </trkpt>
      <trkpt lat="1.317085325717926" lon="103.98100116290152">
        <ele>10.58</ele>
      </trkpt>
      <trkpt lat="1.3170139119029045" lon="103.98078708909452">
        <ele>10.62</ele>
      </trkpt>
      <trkpt lat="1.3170138280838728" lon="103.98078683763742">
        <ele>10.64</ele>
      </trkpt>
      <trkpt lat="1.3170136604458094" lon="103.98078616708517">
        <ele>10.65</ele>
      </trkpt>
      <trkpt lat="1.3170129898935556" lon="103.98078415542841">
        <ele>10.65</ele>
      </trkpt>
      <trkpt lat="1.316986083984375" lon="103.98070335388184">
        <ele>10.64</ele>
      </trkpt>
      <trkpt lat="1.3169914484024048" lon="103.98045097477734">
        <ele>10.58</ele>
      </trkpt>
      <trkpt lat="1.3169968128204346" lon="103.98019859567285">
        <ele>10.49</ele>
      </trkpt>
      <trkpt lat="1.3170021772384644" lon="103.97994630038738">
        <ele>10.4</ele>
      </trkpt>
      <trkpt lat="1.3170075416564941" lon="103.97969484329224">
        <ele>10.32</ele>
      </trkpt>
      <trkpt lat="1.3171930331736803" lon="103.97949141450226">
        <ele>10.28</ele>
      </trkpt>
      <trkpt lat="1.3173786085098982" lon="103.97928798571229">
        <ele>10.27</ele>
      </trkpt>
      <trkpt lat="1.317564183846116" lon="103.97908464074135">
        <ele>10.2</ele>
      </trkpt>
      <trkpt lat="1.317749759182334" lon="103.97888121195138">
        <ele>10.07</ele>
      </trkpt>
      <trkpt lat="1.3179352506995201" lon="103.9786777831614">
        <ele>9.89</ele>
      </trkpt>
      <trkpt lat="1.3181233406066895" lon="103.97847175598145">
        <ele>9.72</ele>
      </trkpt>
      <trkpt lat="1.3181234244257212" lon="103.97847175598145">
        <ele>9.6</ele>
      </trkpt>
      <trkpt lat="1.3180805090814829" lon="103.97845029830933">
        <ele>9.47</ele>
      </trkpt>
      <trkpt lat="1.3178168144077063" lon="103.9782792236656">
        <ele>9.36</ele>
      </trkpt>
      <trkpt lat="1.3175532035529613" lon="103.9781082328409">
        <ele>9.28</ele>
      </trkpt>
      <trkpt lat="1.317286491394043" lon="103.97793531417847">
        <ele>9.15</ele>
      </trkpt>
      <trkpt lat="1.3171900156885386" lon="103.97778519429266">
        <ele>8.96</ele>
      </trkpt>
      <trkpt lat="1.3170933723449707" lon="103.9776349067688">
        <ele>8.76</ele>
      </trkpt>
      <trkpt lat="1.317029083147645" lon="103.97750616073608">
        <ele>8.61</ele>
      </trkpt>
      <trkpt lat="1.3169753551483154" lon="103.97735587321222">
        <ele>8.45</ele>
      </trkpt>
      <trkpt lat="1.3169217109680176" lon="103.97720575332642">
        <ele>8.38</ele>
      </trkpt>
      <trkpt lat="1.3169217109680176" lon="103.97689428180456">
        <ele>8.26</ele>
      </trkpt>
      <trkpt lat="1.3169217109680176" lon="103.97658348083496">
        <ele>8.07</ele>
      </trkpt>
      <trkpt lat="1.3169217947870493" lon="103.97658348083496">
        <ele>7.95</ele>
      </trkpt>
      <trkpt lat="1.3169217947870493" lon="103.9763364661485">
        <ele>7.79</ele>
      </trkpt>
      <trkpt lat="1.3169217947870493" lon="103.97608995437622">
        <ele>7.68</ele>
      </trkpt>
      <trkpt lat="1.3169217947870493" lon="103.97581100463867">
        <ele>7.6</ele>
      </trkpt>
      <trkpt lat="1.3169145863503218" lon="103.97557471878827">
        <ele>7.52</ele>
      </trkpt>
      <trkpt lat="1.3169073779135942" lon="103.97533851675689">
        <ele>7.46</ele>
      </trkpt>
      <trkpt lat="1.3169002532958984" lon="103.97510290145874">
        <ele>7.41</ele>
      </trkpt>
      <trkpt lat="1.3168715871870518" lon="103.97480936720967">
        <ele>7.34</ele>
      </trkpt>
      <trkpt lat="1.316842921078205" lon="103.97451591677964">
        <ele>7.25</ele>
      </trkpt>
      <trkpt lat="1.3168144226074219" lon="103.97422313690186">
        <ele>7.15</ele>
      </trkpt>
      <trkpt lat="1.3168145064264536" lon="103.97422313690186">
        <ele>7.06</ele>
      </trkpt>
      <trkpt lat="1.3168144226074219" lon="103.97392239421606">
        <ele>6.96</ele>
      </trkpt>
      <trkpt lat="1.3168144226074219" lon="103.9736217353493">
        <ele>6.84</ele>
      </trkpt>
      <trkpt lat="1.3168144226074219" lon="103.97332191467285">
        <ele>6.73</ele>
      </trkpt>
      <trkpt lat="1.3167357165366411" lon="103.97307146340609">
        <ele>6.64</ele>
      </trkpt>
      <trkpt lat="1.3166570104658604" lon="103.97282109595835">
        <ele>6.56</ele>
      </trkpt>
      <trkpt lat="1.3165783882141113" lon="103.97257089614868">
        <ele>6.49</ele>
      </trkpt>
      <trkpt lat="1.3165783882141113" lon="103.97239923477173">
        <ele>6.43</ele>
      </trkpt>
      <trkpt lat="1.3166284281760454" lon="103.97211290895939">
        <ele>6.37</ele>
      </trkpt>
      <trkpt lat="1.3166785519570112" lon="103.97182658314705">
        <ele>6.28</ele>
      </trkpt>
      <trkpt lat="1.3167285919189453" lon="103.97154092788696">
        <ele>6.22</ele>
      </trkpt>
      <trkpt lat="1.3166898675262928" lon="103.97123599424958">
        <ele>6.2</ele>
      </trkpt>
      <trkpt lat="1.316651226952672" lon="103.9709310606122">
        <ele>6.16</ele>
      </trkpt>
      <trkpt lat="1.3166125863790512" lon="103.97062612697482">
        <ele>6.14</ele>
      </trkpt>
      <trkpt lat="1.3165739458054304" lon="103.97032119333744">
        <ele>6.14</ele>
      </trkpt>
      <trkpt lat="1.316535472869873" lon="103.9700174331665">
        <ele>6.09</ele>
      </trkpt>
      <trkpt lat="1.3164781406521797" lon="103.96973831579089">
        <ele>6.04</ele>
      </trkpt>
      <trkpt lat="1.316420892253518" lon="103.96945919841528">
        <ele>6.02</ele>
      </trkpt>
      <trkpt lat="1.31636381149292" lon="103.96918058395386">
        <ele>6.02</ele>
      </trkpt>
      <trkpt lat="1.3162421900779009" lon="103.96890163421631">
        <ele>6.07</ele>
      </trkpt>
      <trkpt lat="1.3161206524819136" lon="103.96862276829779">
        <ele>6.13</ele>
      </trkpt>
      <trkpt lat="1.3159990310668945" lon="103.96834373474121">
        <ele>6.13</ele>
      </trkpt>
      <trkpt lat="1.315963240340352" lon="103.96812899038196">
        <ele>6.15</ele>
      </trkpt>
      <trkpt lat="1.3159274496138096" lon="103.9679142460227">
        <ele>6.22</ele>
      </trkpt>
      <trkpt lat="1.3158917427062988" lon="103.96770000457764">
        <ele>6.29</ele>
      </trkpt>
      <trkpt lat="1.3158165570348501" lon="103.96749607287347">
        <ele>6.33</ele>
      </trkpt>
      <trkpt lat="1.3157415390014648" lon="103.96729230880737">
        <ele>6.36</ele>
      </trkpt>
      <trkpt lat="1.3156986236572266" lon="103.96703481674194">
        <ele>6.39</ele>
      </trkpt>
      <trkpt lat="1.3157308101654053" lon="103.96672342903912">
        <ele>6.45</ele>
      </trkpt>
      <trkpt lat="1.315762996673584" lon="103.96641254425049">
        <ele>6.51</ele>
      </trkpt>
      <trkpt lat="1.3157200813293457" lon="103.9661979675293">
        <ele>6.59</ele>
      </trkpt>
      <trkpt lat="1.315621342509985" lon="103.9659662079066">
        <ele>6.62</ele>
      </trkpt>
      <trkpt lat="1.315522687509656" lon="103.96573453210294">
        <ele>6.68</ele>
      </trkpt>
      <trkpt lat="1.3154239486902952" lon="103.96550285629928">
        <ele>6.79</ele>
      </trkpt>
      <trkpt lat="1.3153252936899662" lon="103.96527109667659">
        <ele>6.93</ele>
      </trkpt>
      <trkpt lat="1.3152265548706055" lon="103.96503925323486">
        <ele>7.05</ele>
      </trkpt>
      <trkpt lat="1.3151352759450674" lon="103.96477631293237">
        <ele>7.14</ele>
      </trkpt>
      <trkpt lat="1.315044080838561" lon="103.96451345644891">
        <ele>7.2</ele>
      </trkpt>
      <trkpt lat="1.3149528857320547" lon="103.96425051614642">
        <ele>7.26</ele>
      </trkpt>
      <trkpt lat="1.31486177444458" lon="103.96398782730103">
        <ele>7.26</ele>
      </trkpt>
      <trkpt lat="1.3147974014282227" lon="103.96375179290771">
        <ele>7.27</ele>
      </trkpt>
      <trkpt lat="1.3149046897888184" lon="103.963623046875">
        <ele>7.34</ele>
      </trkpt>
      <trkpt lat="1.3148404005914927" lon="103.96349430084229">
        <ele>7.34</ele>
      </trkpt>
      <trkpt lat="1.3147438410669565" lon="103.9632797241211">
        <ele>7.34</ele>
      </trkpt>
      <trkpt lat="1.3146472815424204" lon="103.9630651473999">
        <ele>7.38</ele>
      </trkpt>
      <trkpt lat="1.3146472815424204" lon="103.96302223205566">
        <ele>7.44</ele>
      </trkpt>
      <trkpt lat="1.3146471977233887" lon="103.96289348602295">
        <ele>7.52</ele>
      </trkpt>
      <trkpt lat="1.3147759437561035" lon="103.96274328231812">
        <ele>7.64</ele>
      </trkpt>
      <trkpt lat="1.3150334358215332" lon="103.96259307861328">
        <ele>7.68</ele>
      </trkpt>
      <trkpt lat="1.3150978088378906" lon="103.96242141723633">
        <ele>7.76</ele>
      </trkpt>
      <trkpt lat="1.3149605132639408" lon="103.96218127571046">
        <ele>7.87</ele>
      </trkpt>
      <trkpt lat="1.3148233015090227" lon="103.9619411341846">
        <ele>7.96</ele>
      </trkpt>
      <trkpt lat="1.3146860897541046" lon="103.96170099265873">
        <ele>8.03</ele>
      </trkpt>
      <trkpt lat="1.3145488779991865" lon="103.96146085113287">
        <ele>8.1</ele>
      </trkpt>
      <trkpt lat="1.3144111633300781" lon="103.96121978759766">
        <ele>8.19</ele>
      </trkpt>
      <trkpt lat="1.3141966704279184" lon="103.96130561828613">
        <ele>8.25</ele>
      </trkpt>
      <trkpt lat="1.3141108397394419" lon="103.96113395690918">
        <ele>8.35</ele>
      </trkpt>
      <trkpt lat="1.3140249252319336" lon="103.96088710986078">
        <ele>8.47</ele>
      </trkpt>
      <trkpt lat="1.313939094543457" lon="103.96064043045044">
        <ele>8.6</ele>
      </trkpt>
      <trkpt lat="1.3139175530523062" lon="103.96046860143542">
        <ele>8.68</ele>
      </trkpt>
      <trkpt lat="1.3138961791992188" lon="103.96029710769653">
        <ele>8.76</ele>
      </trkpt>
      <trkpt lat="1.3137817662209272" lon="103.96005394868553">
        <ele>8.8</ele>
      </trkpt>
      <trkpt lat="1.3136673532426357" lon="103.95981087349355">
        <ele>8.83</ele>
      </trkpt>
      <trkpt lat="1.3135528564453125" lon="103.95956754684448">
        <ele>8.86</ele>
      </trkpt>
      <trkpt lat="1.3133811950683594" lon="103.95931005477905">
        <ele>8.89</ele>
      </trkpt>
      <trkpt lat="1.313338279724121" lon="103.95905256271362">
        <ele>8.8</ele>
      </trkpt>
      <trkpt lat="1.3131952844560146" lon="103.95880236290395">
        <ele>8.82</ele>
      </trkpt>
      <trkpt lat="1.3130523730069399" lon="103.95855224691331">
        <ele>8.88</ele>
      </trkpt>
      <trkpt lat="1.3129091262817383" lon="103.95830154418945">
        <ele>8.95</ele>
      </trkpt>
      <trkpt lat="1.3128018379211426" lon="103.95819425582886">
        <ele>9.0</ele>
      </trkpt>
      <trkpt lat="1.3127802964299917" lon="103.95800096914172">
        <ele>9.03</ele>
      </trkpt>
      <trkpt lat="1.3127589225769043" lon="103.95780801773071">
        <ele>9.09</ele>
      </trkpt>
      <trkpt lat="1.3126962259411812" lon="103.9577088598162">
        <ele>9.16</ele>
      </trkpt>
      <trkpt lat="1.3126960583031178" lon="103.95770852454007">
        <ele>9.18</ele>
      </trkpt>
      <trkpt lat="1.312695723026991" lon="103.95770793780684">
        <ele>9.19</ele>
      </trkpt>
      <trkpt lat="1.3126944657415152" lon="103.95770592615008">
        <ele>9.2</ele>
      </trkpt>
      <trkpt lat="1.3125979900360107" lon="103.9575532078743">
        <ele>9.25</ele>
      </trkpt>
      <trkpt lat="1.3125014305114746" lon="103.95740032196045">
        <ele>9.26</ele>
      </trkpt>
      <trkpt lat="1.3124370574951172" lon="103.95709991455078">
        <ele>9.23</ele>
      </trkpt>
      <trkpt lat="1.312329936772585" lon="103.95693914964795">
        <ele>9.18</ele>
      </trkpt>
      <trkpt lat="1.3122225645929575" lon="103.956778049469">
        <ele>9.13</ele>
      </trkpt>
      <trkpt lat="1.3121366500854492" lon="103.95658493041992">
        <ele>9.13</ele>
      </trkpt>
      <trkpt lat="1.3121366500854492" lon="103.95640237256885">
        <ele>9.14</ele>
      </trkpt>
      <trkpt lat="1.3121366500854492" lon="103.9562201499939">
        <ele>9.15</ele>
      </trkpt>
      <trkpt lat="1.3120508193969727" lon="103.9560055732727">
        <ele>9.17</ele>
      </trkpt>
      <trkpt lat="1.312265396118164" lon="103.95583391189575">
        <ele>9.15</ele>
      </trkpt>
      <trkpt lat="1.3124360516667366" lon="103.95581253804266">
        <ele>9.08</ele>
      </trkpt>
      <trkpt lat="1.312608802691102" lon="103.95579099655151">
        <ele>8.94</ele>
      </trkpt>
      <trkpt lat="1.3128756824880838" lon="103.95566283725202">
        <ele>8.83</ele>
      </trkpt>
      <trkpt lat="1.3131451606750488" lon="103.95553350448608">
        <ele>8.78</ele>
      </trkpt>
      <trkpt lat="1.3133169058710337" lon="103.95536184310913">
        <ele>8.73</ele>
      </trkpt>
      <trkpt lat="1.313209617510438" lon="103.95514726638794">
        <ele>8.65</ele>
      </trkpt>
      <trkpt lat="1.3131050113588572" lon="103.95487904548645">
        <ele>8.58</ele>
      </trkpt>
      <trkpt lat="1.3130004052072763" lon="103.95461082458496">
        <ele>8.49</ele>
      </trkpt>
      <trkpt lat="1.3128957990556955" lon="103.95434260368347">
        <ele>8.4</ele>
      </trkpt>
      <trkpt lat="1.3127911929041147" lon="103.95407438278198">
        <ele>8.37</ele>
      </trkpt>
      <trkpt lat="1.312686586752534" lon="103.9538061618805">
        <ele>8.3</ele>
      </trkpt>
      <trkpt lat="1.312581980600953" lon="103.953537940979">
        <ele>8.22</ele>
      </trkpt>
      <trkpt lat="1.3124773744493723" lon="103.95326972007751">
        <ele>8.18</ele>
      </trkpt>
      <trkpt lat="1.3123727682977915" lon="103.95300149917603">
        <ele>8.13</ele>
      </trkpt>
      <trkpt lat="1.3122654799371958" lon="103.95274937152863">
        <ele>8.06</ele>
      </trkpt>
      <trkpt lat="1.3121581915766" lon="103.95249732770026">
        <ele>7.96</ele>
      </trkpt>
      <trkpt lat="1.3120509032160044" lon="103.95224520005286">
        <ele>7.83</ele>
      </trkpt>
      <trkpt lat="1.3119436148554087" lon="103.95199298858643">
        <ele>7.77</ele>
      </trkpt>
      <trkpt lat="1.3119221571832895" lon="103.95190715789795">
        <ele>7.75</ele>
      </trkpt>
      <trkpt lat="1.3117719534784555" lon="103.95169258117676">
        <ele>7.76</ele>
      </trkpt>
      <trkpt lat="1.3116732146590948" lon="103.95145227201283">
        <ele>7.78</ele>
      </trkpt>
      <trkpt lat="1.3115745596587658" lon="103.9512119628489">
        <ele>7.81</ele>
      </trkpt>
      <trkpt lat="1.311475820839405" lon="103.95097165368497">
        <ele>7.86</ele>
      </trkpt>
      <trkpt lat="1.311377165839076" lon="103.95073134452105">
        <ele>7.87</ele>
      </trkpt>
      <trkpt lat="1.3112784270197153" lon="103.95049095153809">
        <ele>7.88</ele>
      </trkpt>
      <trkpt lat="1.3111925963312387" lon="103.95027101039886">
        <ele>7.92</ele>
      </trkpt>
      <trkpt lat="1.3111067656427622" lon="103.95005106925964">
        <ele>7.97</ele>
      </trkpt>
      <trkpt lat="1.3110209349542856" lon="103.94983112812042">
        <ele>8.02</ele>
      </trkpt>
      <trkpt lat="1.310935104265809" lon="103.9496111869812">
        <ele>8.08</ele>
      </trkpt>
      <trkpt lat="1.310892105102539" lon="103.94942862913013">
        <ele>8.19</ele>
      </trkpt>
      <trkpt lat="1.3108491897583008" lon="103.94924640655518">
        <ele>8.33</ele>
      </trkpt>
      <trkpt lat="1.3108848966658115" lon="103.94900299608707">
        <ele>8.48</ele>
      </trkpt>
      <trkpt lat="1.310920687392354" lon="103.948759669438">
        <ele>8.64</ele>
      </trkpt>
      <trkpt lat="1.3109564781188965" lon="103.94851684570312">
        <ele>8.79</ele>
      </trkpt>
      <trkpt lat="1.3109350204467773" lon="103.94836664199829">
        <ele>8.93</ele>
      </trkpt>
      <trkpt lat="1.3108277320861816" lon="103.94810914993286">
        <ele>9.07</ele>
      </trkpt>
      <trkpt lat="1.310720443725586" lon="103.94785165786743">
        <ele>9.25</ele>
      </trkpt>
      <trkpt lat="1.3107205275446177" lon="103.94785165786743">
        <ele>9.42</ele>
      </trkpt>
      <trkpt lat="1.3106346130371094" lon="103.94757270812988">
        <ele>9.6</ele>
      </trkpt>
      <trkpt lat="1.310645341873169" lon="103.9473042357713">
        <ele>9.73</ele>
      </trkpt>
      <trkpt lat="1.3106561545282602" lon="103.9470362663269">
        <ele>9.85</ele>
      </trkpt>
      <trkpt lat="1.3106776122003794" lon="103.94684297963977">
        <ele>10.01</ele>
      </trkpt>
      <trkpt lat="1.3106990698724985" lon="103.94665002822876">
        <ele>10.24</ele>
      </trkpt>
      <trkpt lat="1.3106990698724985" lon="103.94637107849121">
        <ele>10.48</ele>
      </trkpt>
      <trkpt lat="1.3106560707092285" lon="103.9461456052959">
        <ele>10.74</ele>
      </trkpt>
      <trkpt lat="1.310613239184022" lon="103.94592046737671">
        <ele>10.97</ele>
      </trkpt>
      <trkpt lat="1.3105345331132412" lon="103.94570580683649">
        <ele>11.22</ele>
      </trkpt>
      <trkpt lat="1.3104558270424604" lon="103.9454912301153">
        <ele>11.49</ele>
      </trkpt>
      <trkpt lat="1.3103772047907114" lon="103.94527673721313">
        <ele>11.74</ele>
      </trkpt>
      <trkpt lat="1.3103234767913818" lon="103.94511572085321">
        <ele>11.98</ele>
      </trkpt>
      <trkpt lat="1.3102699164301157" lon="103.94495487213135">
        <ele>12.13</ele>
      </trkpt>
      <trkpt lat="1.3101586885750294" lon="103.94466225989163">
        <ele>12.32</ele>
      </trkpt>
      <trkpt lat="1.310047460719943" lon="103.94436964765191">
        <ele>12.54</ele>
      </trkpt>
      <trkpt lat="1.3099363166838884" lon="103.94407703541219">
        <ele>12.67</ele>
      </trkpt>
      <trkpt lat="1.309825088828802" lon="103.94378442317247">
        <ele>12.7</ele>
      </trkpt>
      <trkpt lat="1.3097139447927475" lon="103.94349181093276">
        <ele>12.74</ele>
      </trkpt>
      <trkpt lat="1.3096027169376612" lon="103.94319919869304">
        <ele>12.88</ele>
      </trkpt>
      <trkpt lat="1.3094915729016066" lon="103.94290658645332">
        <ele>13.01</ele>
      </trkpt>
      <trkpt lat="1.3093803450465202" lon="103.9426139742136">
        <ele>13.16</ele>
      </trkpt>
      <trkpt lat="1.3092692010104656" lon="103.94232136197388">
        <ele>13.27</ele>
      </trkpt>
      <trkpt lat="1.3091579731553793" lon="103.9420288335532">
        <ele>13.32</ele>
      </trkpt>
      <trkpt lat="1.3090468291193247" lon="103.94173622131348">
        <ele>13.26</ele>
      </trkpt>
      <trkpt lat="1.3089394569396973" lon="103.94147152081132">
        <ele>13.34</ele>
      </trkpt>
      <trkpt lat="1.3088321685791016" lon="103.9412069041282">
        <ele>13.42</ele>
      </trkpt>
      <trkpt lat="1.3087248802185059" lon="103.94094228744507">
        <ele>13.36</ele>
      </trkpt>
      <trkpt lat="1.3086176756769419" lon="103.94066333770752">
        <ele>13.21</ele>
      </trkpt>
      <trkpt lat="1.3085103873163462" lon="103.94039151258767">
        <ele>13.1</ele>
      </trkpt>
      <trkpt lat="1.3084030989557505" lon="103.94011977128685">
        <ele>13.06</ele>
      </trkpt>
      <trkpt lat="1.3082958105951548" lon="103.93984794616699">
        <ele>13.0</ele>
      </trkpt>
      <trkpt lat="1.3082314375787973" lon="103.93967628479004">
        <ele>12.9</ele>
      </trkpt>
      <trkpt lat="1.308136973530054" lon="103.93941870890558">
        <ele>12.75</ele>
      </trkpt>
      <trkpt lat="1.3080425933003426" lon="103.93916121684015">
        <ele>12.56</ele>
      </trkpt>
      <trkpt lat="1.3079481292515993" lon="103.93890372477472">
        <ele>12.32</ele>
      </trkpt>
      <trkpt lat="1.3078537490218878" lon="103.93864623270929">
        <ele>12.08</ele>
      </trkpt>
      <trkpt lat="1.3077593687921762" lon="103.93838882446289">
        <ele>11.88</ele>
      </trkpt>
      <trkpt lat="1.3076949957758188" lon="103.93823862075806">
        <ele>11.65</ele>
      </trkpt>
      <trkpt lat="1.307673454284668" lon="103.9381742477417">
        <ele>11.41</ele>
      </trkpt>
      <trkpt lat="1.3075704406946898" lon="103.9378909394145">
        <ele>11.13</ele>
      </trkpt>
      <trkpt lat="1.3074674271047115" lon="103.93760771490633">
        <ele>10.82</ele>
      </trkpt>
      <trkpt lat="1.3073644135147333" lon="103.93732440657914">
        <ele>10.49</ele>
      </trkpt>
      <trkpt lat="1.3072614837437868" lon="103.93704118207097">
        <ele>10.1</ele>
      </trkpt>
      <trkpt lat="1.3071585539728403" lon="103.93675804138184">
        <ele>9.76</ele>
      </trkpt>
      <trkpt lat="1.3070404529571533" lon="103.93647909164429">
        <ele>9.41</ele>
      </trkpt>
      <trkpt lat="1.306922435760498" lon="103.93620014190674">
        <ele>9.07</ele>
      </trkpt>
      <trkpt lat="1.3069225195795298" lon="103.93620014190674">
        <ele>8.76</ele>
      </trkpt>
      <trkpt lat="1.306825876235962" lon="103.93597483634949">
        <ele>8.49</ele>
      </trkpt>
      <trkpt lat="1.3067293167114258" lon="103.93574953079224">
        <ele>8.21</ele>
      </trkpt>
      <trkpt lat="1.30662202835083" lon="103.93568515777588">
        <ele>7.92</ele>
      </trkpt>
      <trkpt lat="1.3066006544977427" lon="103.93562078475952">
        <ele>7.63</ele>
      </trkpt>
      <trkpt lat="1.306525468826294" lon="103.93544912338257">
        <ele>7.37</ele>
      </trkpt>
      <trkpt lat="1.306450366973877" lon="103.93527746200562">
        <ele>7.06</ele>
      </trkpt>
      <trkpt lat="1.3064180966466665" lon="103.93507344648242">
        <ele>6.77</ele>
      </trkpt>
      <trkpt lat="1.3063859939575195" lon="103.93486976623535">
        <ele>6.48</ele>
      </trkpt>
      <trkpt lat="1.30633226595819" lon="103.93467656336725">
        <ele>6.21</ele>
      </trkpt>
      <trkpt lat="1.3062787055969238" lon="103.9344835281372">
        <ele>5.98</ele>
      </trkpt>
      <trkpt lat="1.306321620941162" lon="103.93437623977661">
        <ele>5.72</ele>
      </trkpt>
      <trkpt lat="1.3061217963695526" lon="103.9341692905873">
        <ele>5.63</ele>
      </trkpt>
      <trkpt lat="1.3059219717979431" lon="103.933962341398">
        <ele>5.51</ele>
      </trkpt>
      <trkpt lat="1.3057208061218262" lon="103.93375396728516">
        <ele>5.34</ele>
      </trkpt>
      <trkpt lat="1.3056135177612305" lon="103.9335823059082">
        <ele>5.13</ele>
      </trkpt>
      <trkpt lat="1.3055633939802647" lon="103.93334610387683">
        <ele>4.87</ele>
      </trkpt>
      <trkpt lat="1.3055132701992989" lon="103.93310990184546">
        <ele>4.61</ele>
      </trkpt>
      <trkpt lat="1.3054633140563965" lon="103.93287420272827">
        <ele>4.47</ele>
      </trkpt>
      <trkpt lat="1.3054847717285156" lon="103.93268091604114">
        <ele>4.4</ele>
      </trkpt>
      <trkpt lat="1.3055063132196665" lon="103.93248796463013">
        <ele>4.3</ele>
      </trkpt>
      <trkpt lat="1.3055062294006348" lon="103.93248796463013">
        <ele>4.26</ele>
      </trkpt>
      <trkpt lat="1.305570686236024" lon="103.9322304725647">
        <ele>4.23</ele>
      </trkpt>
      <trkpt lat="1.3055598735809326" lon="103.93206937238574">
        <ele>4.24</ele>
      </trkpt>
      <trkpt lat="1.3055492285639048" lon="103.93190860748291">
        <ele>4.34</ele>
      </trkpt>
      <trkpt lat="1.3053990248590708" lon="103.93173694610596">
        <ele>4.49</ele>
      </trkpt>
      <trkpt lat="1.3052918203175068" lon="103.9316083677113">
        <ele>4.65</ele>
      </trkpt>
      <trkpt lat="1.3051843643188477" lon="103.93147945404053">
        <ele>4.73</ele>
      </trkpt>
      <trkpt lat="1.3051413651555777" lon="103.93130770884454">
        <ele>4.83</ele>
      </trkpt>
      <trkpt lat="1.305098533630371" lon="103.93113613128662">
        <ele>4.86</ele>
      </trkpt>
      <trkpt lat="1.3050342444330454" lon="103.93102884292603">
        <ele>4.8</ele>
      </trkpt>
      <trkpt lat="1.3049697875976562" lon="103.93073899671435">
        <ele>4.75</ele>
      </trkpt>
      <trkpt lat="1.3049054984003305" lon="103.93044948577881">
        <ele>4.99</ele>
      </trkpt>
      <trkpt lat="1.3048625830560923" lon="103.9302134513855">
        <ele>5.11</ele>
      </trkpt>
      <trkpt lat="1.3048339169472456" lon="103.92995570786297">
        <ele>5.27</ele>
      </trkpt>
      <trkpt lat="1.304805250838399" lon="103.92969804815948">
        <ele>5.37</ele>
      </trkpt>
      <trkpt lat="1.3047767523676157" lon="103.92944097518921">
        <ele>5.5</ele>
      </trkpt>
      <trkpt lat="1.3047767523676157" lon="103.92941951751709">
        <ele>5.66</ele>
      </trkpt>
      <trkpt lat="1.3047552946954966" lon="103.92929077148438">
        <ele>5.84</ele>
      </trkpt>
      <trkpt lat="1.3047123793512583" lon="103.9289903640747">
        <ele>6.14</ele>
      </trkpt>
      <trkpt lat="1.3046693801879883" lon="103.92878634855151">
        <ele>6.37</ele>
      </trkpt>
      <trkpt lat="1.3046265486627817" lon="103.92858266830444">
        <ele>6.53</ele>
      </trkpt>
      <trkpt lat="1.3045835494995117" lon="103.92833573743701">
        <ele>6.67</ele>
      </trkpt>
      <trkpt lat="1.3045407179743052" lon="103.9280891418457">
        <ele>6.8</ele>
      </trkpt>
      <trkpt lat="1.3045191764831543" lon="103.92787456512451">
        <ele>6.94</ele>
      </trkpt>
      <trkpt lat="1.3044869899749756" lon="103.92760609276593">
        <ele>7.09</ele>
      </trkpt>
      <trkpt lat="1.3044548872858286" lon="103.92733812332153">
        <ele>7.18</ele>
      </trkpt>
      <trkpt lat="1.3044333457946777" lon="103.9271448366344">
        <ele>7.36</ele>
      </trkpt>
      <trkpt lat="1.3044118881225586" lon="103.92695188522339">
        <ele>7.52</ele>
      </trkpt>
      <trkpt lat="1.3043475151062012" lon="103.9267801400274">
        <ele>7.66</ele>
      </trkpt>
      <trkpt lat="1.3042832259088755" lon="103.92660856246948">
        <ele>7.75</ele>
      </trkpt>
      <trkpt lat="1.304204436019063" lon="103.92637956887484">
        <ele>7.85</ele>
      </trkpt>
      <trkpt lat="1.3041257299482822" lon="103.92615065909922">
        <ele>7.94</ele>
      </trkpt>
      <trkpt lat="1.3040471076965332" lon="103.92592191696167">
        <ele>8.0</ele>
      </trkpt>
      <trkpt lat="1.3039969839155674" lon="103.92571438103914">
        <ele>8.08</ele>
      </trkpt>
      <trkpt lat="1.3039469439536333" lon="103.92550684511662">
        <ele>8.14</ele>
      </trkpt>
      <trkpt lat="1.303896987810731" lon="103.92529964447021">
        <ele>8.22</ele>
      </trkpt>
      <trkpt lat="1.3038969039916992" lon="103.92529964447021">
        <ele>8.31</ele>
      </trkpt>
      <trkpt lat="1.3038896955549717" lon="103.92506335861981">
        <ele>8.42</ele>
      </trkpt>
      <trkpt lat="1.3038825709372759" lon="103.92482715658844">
        <ele>8.51</ele>
      </trkpt>
      <trkpt lat="1.30387544631958" lon="103.92459154129028">
        <ele>8.55</ele>
      </trkpt>
      <trkpt lat="1.3037789706140757" lon="103.92439850606024">
        <ele>8.56</ele>
      </trkpt>
      <trkpt lat="1.3036824110895395" lon="103.92420530319214">
        <ele>8.58</ele>
      </trkpt>
      <trkpt lat="1.3036823272705078" lon="103.92420530319214">
        <ele>8.65</ele>
      </trkpt>
      <trkpt lat="1.3036178704351187" lon="103.92393331043422">
        <ele>8.74</ele>
      </trkpt>
      <trkpt lat="1.3035534974187613" lon="103.92366140149534">
        <ele>8.9</ele>
      </trkpt>
      <trkpt lat="1.3034892082214355" lon="103.92338991165161">
        <ele>9.05</ele>
      </trkpt>
      <trkpt lat="1.303483759984374" lon="103.92309998162091">
        <ele>9.17</ele>
      </trkpt>
      <trkpt lat="1.3034783955663443" lon="103.9228100515902">
        <ele>9.2</ele>
      </trkpt>
      <trkpt lat="1.3034730311483145" lon="103.9225201215595">
        <ele>9.21</ele>
      </trkpt>
      <trkpt lat="1.3034677505493164" lon="103.92223119735718">
        <ele>9.25</ele>
      </trkpt>
      <trkpt lat="1.3034355640411377" lon="103.92199491150677">
        <ele>9.29</ele>
      </trkpt>
      <trkpt lat="1.3034034613519907" lon="103.92175912857056">
        <ele>9.34</ele>
      </trkpt>
      <trkpt lat="1.3032960891723633" lon="103.92146584577858">
        <ele>9.42</ele>
      </trkpt>
      <trkpt lat="1.3031888008117676" lon="103.92117256298661">
        <ele>9.49</ele>
      </trkpt>
      <trkpt lat="1.3030815962702036" lon="103.92087936401367">
        <ele>9.6</ele>
      </trkpt>
      <trkpt lat="1.3029635790735483" lon="103.92063268460333">
        <ele>9.72</ele>
      </trkpt>
      <trkpt lat="1.3028454780578613" lon="103.92038583755493">
        <ele>9.76</ele>
      </trkpt>
      <trkpt lat="1.3027703762054443" lon="103.92013899050653">
        <ele>9.75</ele>
      </trkpt>
      <trkpt lat="1.302695358172059" lon="103.91989231109619">
        <ele>9.74</ele>
      </trkpt>
      <trkpt lat="1.3026095274835825" lon="103.91963481903076">
        <ele>9.7</ele>
      </trkpt>
      <trkpt lat="1.302555799484253" lon="103.91940934583545">
        <ele>9.72</ele>
      </trkpt>
      <trkpt lat="1.302502155303955" lon="103.91918420791626">
        <ele>9.78</ele>
      </trkpt>
      <trkpt lat="1.302502155303955" lon="103.91896963119507">
        <ele>9.86</ele>
      </trkpt>
      <trkpt lat="1.3024806138128042" lon="103.91880853101611">
        <ele>9.87</ele>
      </trkpt>
      <trkpt lat="1.3024592399597168" lon="103.91864776611328">
        <ele>9.84</ele>
      </trkpt>
      <trkpt lat="1.3023734092712402" lon="103.91846537590027">
        <ele>9.78</ele>
      </trkpt>
      <trkpt lat="1.3022876624017954" lon="103.91828298568726">
        <ele>9.75</ele>
      </trkpt>
      <trkpt lat="1.3022446632385254" lon="103.91815423965454">
        <ele>9.74</ele>
      </trkpt>
      <trkpt lat="1.302244747057557" lon="103.91815423965454">
        <ele>9.74</ele>
      </trkpt>
      <trkpt lat="1.302180290222168" lon="103.91785366460681">
        <ele>9.74</ele>
      </trkpt>
      <trkpt lat="1.3021158333867788" lon="103.91755308955908">
        <ele>9.74</ele>
      </trkpt>
      <trkpt lat="1.3020513765513897" lon="103.91725251451135">
        <ele>9.76</ele>
      </trkpt>
      <trkpt lat="1.3019871711730957" lon="103.91695261001587">
        <ele>9.76</ele>
      </trkpt>
      <trkpt lat="1.3018870074301958" lon="103.91668078489602">
        <ele>9.77</ele>
      </trkpt>
      <trkpt lat="1.301786843687296" lon="103.91640895977616">
        <ele>9.76</ele>
      </trkpt>
      <trkpt lat="1.3016867637634277" lon="103.91613721847534">
        <ele>9.75</ele>
      </trkpt>
      <trkpt lat="1.3015902042388916" lon="103.91593337059021">
        <ele>9.75</ele>
      </trkpt>
      <trkpt lat="1.3014937285333872" lon="103.91572952270508">
        <ele>9.79</ele>
      </trkpt>
      <trkpt lat="1.3013865239918232" lon="103.91560094431043">
        <ele>9.81</ele>
      </trkpt>
      <trkpt lat="1.301279067993164" lon="103.91547203063965">
        <ele>9.82</ele>
      </trkpt>
      <trkpt lat="1.3012791518121958" lon="103.91547203063965">
        <ele>9.85</ele>
      </trkpt>
      <trkpt lat="1.3011718634516" lon="103.91528972424567">
        <ele>9.89</ele>
      </trkpt>
      <trkpt lat="1.3010644912719727" lon="103.91510725021362">
        <ele>9.93</ele>
      </trkpt>
      <trkpt lat="1.3010644912719727" lon="103.91494615003467">
        <ele>10.01</ele>
      </trkpt>
      <trkpt lat="1.3010645750910044" lon="103.91478538513184">
        <ele>10.07</ele>
      </trkpt>
      <trkpt lat="1.3010162115097046" lon="103.91451154835522">
        <ele>10.08</ele>
      </trkpt>
      <trkpt lat="1.3009679317474365" lon="103.91423779539764">
        <ele>10.06</ele>
      </trkpt>
      <trkpt lat="1.3009195681661367" lon="103.91396404244006">
        <ele>10.16</ele>
      </trkpt>
      <trkpt lat="1.300871456041932" lon="103.91369104385376">
        <ele>10.22</ele>
      </trkpt>
      <trkpt lat="1.300774896517396" lon="103.91350873745978">
        <ele>10.26</ele>
      </trkpt>
      <trkpt lat="1.3006782531738281" lon="103.91332626342773">
        <ele>10.34</ele>
      </trkpt>
      <trkpt lat="1.3006139639765024" lon="103.91309022903442">
        <ele>10.48</ele>
      </trkpt>
      <trkpt lat="1.3005495071411133" lon="103.91290775500238">
        <ele>10.63</ele>
      </trkpt>
      <trkpt lat="1.3004851341247559" lon="103.9127254486084">
        <ele>10.74</ele>
      </trkpt>
      <trkpt lat="1.3003349304199219" lon="103.91255378723145">
        <ele>10.8</ele>
      </trkpt>
      <trkpt lat="1.3002706412225962" lon="103.91236066818237">
        <ele>10.89</ele>
      </trkpt>
      <trkpt lat="1.3001633528620005" lon="103.91210317611694">
        <ele>11.05</ele>
      </trkpt>
      <trkpt lat="1.3000560645014048" lon="103.91184568405151">
        <ele>11.24</ele>
      </trkpt>
      <trkpt lat="1.299980878829956" lon="103.91164175234735">
        <ele>11.36</ele>
      </trkpt>
      <trkpt lat="1.299905776977539" lon="103.91143798828125">
        <ele>11.45</ele>
      </trkpt>
      <trkpt lat="1.2998735066503286" lon="103.9112768881023">
        <ele>11.52</ele>
      </trkpt>
      <trkpt lat="1.2998414039611816" lon="103.91111612319946">
        <ele>11.59</ele>
      </trkpt>
      <trkpt lat="1.2997128255665302" lon="103.91095544211566">
        <ele>11.67</ele>
      </trkpt>
      <trkpt lat="1.299583911895752" lon="103.91079425811768">
        <ele>11.79</ele>
      </trkpt>
      <trkpt lat="1.2994980812072754" lon="103.91057431697845">
        <ele>11.97</ele>
      </trkpt>
      <trkpt lat="1.2994122505187988" lon="103.91035437583923">
        <ele>12.21</ele>
      </trkpt>
      <trkpt lat="1.2993264198303223" lon="103.91013443470001">
        <ele>12.42</ele>
      </trkpt>
      <trkpt lat="1.2992405891418457" lon="103.90991449356079">
        <ele>12.55</ele>
      </trkpt>
      <trkpt lat="1.2991118431091309" lon="103.90966781415045">
        <ele>12.73</ele>
      </trkpt>
      <trkpt lat="1.298983097076416" lon="103.90942096710205">
        <ele>12.98</ele>
      </trkpt>
      <trkpt lat="1.2989831808954477" lon="103.90942096710205">
        <ele>13.14</ele>
      </trkpt>
      <trkpt lat="1.2989401817321777" lon="103.90937805175781">
        <ele>13.32</ele>
      </trkpt>
      <trkpt lat="1.2988221645355225" lon="103.90912055969238">
        <ele>13.57</ele>
      </trkpt>
      <trkpt lat="1.2987041473388672" lon="103.90886306762695">
        <ele>13.73</ele>
      </trkpt>
      <trkpt lat="1.2986718770116568" lon="103.90863759443164">
        <ele>13.85</ele>
      </trkpt>
      <trkpt lat="1.2986397743225098" lon="103.90841245651245">
        <ele>13.92</ele>
      </trkpt>
      <trkpt lat="1.2986505031585693" lon="103.90822989866138">
        <ele>14.03</ele>
      </trkpt>
      <trkpt lat="1.2986613158136606" lon="103.90804767608643">
        <ele>14.15</ele>
      </trkpt>
      <trkpt lat="1.298661231994629" lon="103.90804767608643">
        <ele>14.23</ele>
      </trkpt>
      <trkpt lat="1.2986719608306885" lon="103.90783284790814">
        <ele>14.36</ele>
      </trkpt>
      <trkpt lat="1.298682689666748" lon="103.90761852264404">
        <ele>14.43</ele>
      </trkpt>
      <trkpt lat="1.2986718770116568" lon="103.90744669362903">
        <ele>14.47</ele>
      </trkpt>
      <trkpt lat="1.298661231994629" lon="103.90727519989014">
        <ele>14.49</ele>
      </trkpt>
      <trkpt lat="1.298575485125184" lon="103.90710362233222">
        <ele>14.59</ele>
      </trkpt>
      <trkpt lat="1.2984896544367075" lon="103.90693187713623">
        <ele>14.53</ele>
      </trkpt>
      <trkpt lat="1.2984324060380459" lon="103.90671713277698">
        <ele>14.43</ele>
      </trkpt>
      <trkpt lat="1.2983751576393843" lon="103.90650247223675">
        <ele>14.39</ele>
      </trkpt>
      <trkpt lat="1.2983179930597544" lon="103.90628814697266">
        <ele>14.43</ele>
      </trkpt>
      <trkpt lat="1.2982428073883057" lon="103.9060305710882">
        <ele>14.33</ele>
      </trkpt>
      <trkpt lat="1.2981677893549204" lon="103.9057731628418">
        <ele>14.2</ele>
      </trkpt>
      <trkpt lat="1.2981677055358887" lon="103.9057731628418">
        <ele>14.13</ele>
      </trkpt>
      <trkpt lat="1.2980746664106846" lon="103.9054797962308">
        <ele>14.12</ele>
      </trkpt>
      <trkpt lat="1.2979817111045122" lon="103.90518651343882">
        <ele>14.0</ele>
      </trkpt>
      <trkpt lat="1.2978888396173716" lon="103.90489339828491">
        <ele>13.82</ele>
      </trkpt>
      <trkpt lat="1.297752968966961" lon="103.90467186458409">
        <ele>13.59</ele>
      </trkpt>
      <trkpt lat="1.297617182135582" lon="103.90445033088326">
        <ele>13.42</ele>
      </trkpt>
      <trkpt lat="1.2974810600280762" lon="103.90422821044922">
        <ele>13.32</ele>
      </trkpt>
      <trkpt lat="1.2974209617823362" lon="103.90397482551634">
        <ele>13.35</ele>
      </trkpt>
      <trkpt lat="1.2973608635365963" lon="103.9037215244025">
        <ele>13.28</ele>
      </trkpt>
      <trkpt lat="1.2973007652908564" lon="103.90346822328866">
        <ele>13.07</ele>
      </trkpt>
      <trkpt lat="1.2972406670451164" lon="103.90321483835578">
        <ele>12.81</ele>
      </trkpt>
      <trkpt lat="1.29718073643744" lon="103.90296220779419">
        <ele>12.62</ele>
      </trkpt>
      <trkpt lat="1.2971806526184082" lon="103.90296220779419">
        <ele>12.43</ele>
      </trkpt>
      <trkpt lat="1.297084093093872" lon="103.902747631073">
        <ele>12.23</ele>
      </trkpt>
      <trkpt lat="1.296987533569336" lon="103.9025330543518">
        <ele>11.99</ele>
      </trkpt>
      <trkpt lat="1.2969231605529785" lon="103.90228972770274">
        <ele>11.71</ele>
      </trkpt>
      <trkpt lat="1.296858787536621" lon="103.90204640105367">
        <ele>11.47</ele>
      </trkpt>
      <trkpt lat="1.2967944983392954" lon="103.90180349349976">
        <ele>11.24</ele>
      </trkpt>
      <trkpt lat="1.296687126159668" lon="103.90151021070778">
        <ele>11.02</ele>
      </trkpt>
      <trkpt lat="1.2965798377990723" lon="103.90121692791581">
        <ele>10.77</ele>
      </trkpt>
      <trkpt lat="1.2964726332575083" lon="103.90092372894287">
        <ele>10.57</ele>
      </trkpt>
      <trkpt lat="1.2963939271867275" lon="103.90071627683938">
        <ele>10.39</ele>
      </trkpt>
      <trkpt lat="1.2963152211159468" lon="103.90050882473588">
        <ele>10.2</ele>
      </trkpt>
      <trkpt lat="1.2962365988641977" lon="103.90030145645142">
        <ele>10.04</ele>
      </trkpt>
      <trkpt lat="1.2962293904274702" lon="103.90005083754659">
        <ele>9.89</ele>
      </trkpt>
      <trkpt lat="1.2962222658097744" lon="103.89980030246079">
        <ele>9.72</ele>
      </trkpt>
      <trkpt lat="1.2962151411920786" lon="103.89955043792725">
        <ele>9.47</ele>
      </trkpt>
      <trkpt lat="1.2961721420288086" lon="103.89933586120605">
        <ele>9.21</ele>
      </trkpt>
      <trkpt lat="1.2960702180862427" lon="103.89910519123077">
        <ele>9.03</ele>
      </trkpt>
      <trkpt lat="1.2959683779627085" lon="103.89887460507452">
        <ele>8.86</ele>
      </trkpt>
      <trkpt lat="1.2958664540201426" lon="103.89864401891828">
        <ele>8.71</ele>
      </trkpt>
      <trkpt lat="1.2957645300775766" lon="103.89841318130493">
        <ele>8.56</ele>
      </trkpt>
      <trkpt lat="1.295710802078247" lon="103.89817697927356">
        <ele>8.46</ele>
      </trkpt>
      <trkpt lat="1.295657241716981" lon="103.89794111251831">
        <ele>8.34</ele>
      </trkpt>
      <trkpt lat="1.2956035137176514" lon="103.897715639323">
        <ele>8.25</ele>
      </trkpt>
      <trkpt lat="1.2955498695373535" lon="103.89749050140381">
        <ele>8.1</ele>
      </trkpt>
      <trkpt lat="1.295560598373413" lon="103.89727567322552">
        <ele>7.95</ele>
      </trkpt>
      <trkpt lat="1.2955713272094727" lon="103.89706134796143">
        <ele>7.78</ele>
      </trkpt>
      <trkpt lat="1.2955032661557198" lon="103.8968001678586">
        <ele>7.7</ele>
      </trkpt>
      <trkpt lat="1.2954352889209986" lon="103.89653898775578">
        <ele>7.68</ele>
      </trkpt>
      <trkpt lat="1.2953673116862774" lon="103.89627780765295">
        <ele>7.68</ele>
      </trkpt>
      <trkpt lat="1.2952993344515562" lon="103.89601662755013">
        <ele>7.71</ele>
      </trkpt>
      <trkpt lat="1.295231357216835" lon="103.8957554474473">
        <ele>7.67</ele>
      </trkpt>
      <trkpt lat="1.295163631439209" lon="103.89549493789673">
        <ele>7.58</ele>
      </trkpt>
      <trkpt lat="1.2951421737670898" lon="103.89523182995617">
        <ele>7.48</ele>
      </trkpt>
      <trkpt lat="1.2951207160949707" lon="103.89496880583465">
        <ele>7.46</ele>
      </trkpt>
      <trkpt lat="1.2950992584228516" lon="103.8947056978941">
        <ele>7.54</ele>
      </trkpt>
      <trkpt lat="1.2950778845697641" lon="103.89444351196289">
        <ele>7.68</ele>
      </trkpt>
      <trkpt lat="1.2950456142425537" lon="103.89415894635022">
        <ele>7.77</ele>
      </trkpt>
      <trkpt lat="1.295013427734375" lon="103.89387438073754">
        <ele>7.82</ele>
      </trkpt>
      <trkpt lat="1.2949812412261963" lon="103.8935898989439">
        <ele>7.85</ele>
      </trkpt>
      <trkpt lat="1.2949491385370493" lon="103.89330625534058">
        <ele>7.88</ele>
      </trkpt>
      <trkpt lat="1.2949490547180176" lon="103.89330625534058">
        <ele>7.96</ele>
      </trkpt>
      <trkpt lat="1.2949114199727774" lon="103.89303778298199">
        <ele>8.04</ele>
      </trkpt>
      <trkpt lat="1.2948738690465689" lon="103.89276939444244">
        <ele>8.19</ele>
      </trkpt>
      <trkpt lat="1.2948363181203604" lon="103.89250100590289">
        <ele>8.36</ele>
      </trkpt>
      <trkpt lat="1.2947988510131836" lon="103.89223337173462">
        <ele>8.52</ele>
      </trkpt>
      <trkpt lat="1.2947343941777945" lon="103.89194352552295">
        <ele>8.67</ele>
      </trkpt>
      <trkpt lat="1.2946701049804688" lon="103.8916540145874">
        <ele>8.73</ele>
      </trkpt>
      <trkpt lat="1.2946343142539263" lon="103.89138193801045">
        <ele>8.72</ele>
      </trkpt>
      <trkpt lat="1.2945985235273838" lon="103.89110994525254">
        <ele>8.74</ele>
      </trkpt>
      <trkpt lat="1.2945627328008413" lon="103.89083795249462">
        <ele>8.82</ele>
      </trkpt>
      <trkpt lat="1.2945269420742989" lon="103.8905659597367">
        <ele>8.95</ele>
      </trkpt>
      <trkpt lat="1.2944911513477564" lon="103.89029396697879">
        <ele>9.06</ele>
      </trkpt>
      <trkpt lat="1.2944555282592773" lon="103.89002323150635">
        <ele>9.15</ele>
      </trkpt>
      <trkpt lat="1.2944626528769732" lon="103.88978694565594">
        <ele>9.22</ele>
      </trkpt>
      <trkpt lat="1.294469777494669" lon="103.88955074362457">
        <ele>9.28</ele>
      </trkpt>
      <trkpt lat="1.2944769859313965" lon="103.88931512832642">
        <ele>9.31</ele>
      </trkpt>
      <trkpt lat="1.2944984436035156" lon="103.88904883526266">
        <ele>9.43</ele>
      </trkpt>
      <trkpt lat="1.2945199012756348" lon="103.8887825421989">
        <ele>9.56</ele>
      </trkpt>
      <trkpt lat="1.2945414427667856" lon="103.88851624913514">
        <ele>9.63</ele>
      </trkpt>
      <trkpt lat="1.2945629004389048" lon="103.88824995607138">
        <ele>9.57</ele>
      </trkpt>
      <trkpt lat="1.294584358111024" lon="103.88798475265503">
        <ele>9.54</ele>
      </trkpt>
      <trkpt lat="1.2946109287440777" lon="103.88775760307908">
        <ele>9.61</ele>
      </trkpt>
      <trkpt lat="1.2946110125631094" lon="103.88775726780295">
        <ele>9.66</ele>
      </trkpt>
      <trkpt lat="1.2946110963821411" lon="103.8877565972507">
        <ele>9.7</ele>
      </trkpt>
      <trkpt lat="1.2946113478392363" lon="103.88775450177491">
        <ele>9.74</ele>
      </trkpt>
      <trkpt lat="1.294584358111024" lon="103.88798475265503">
        <ele>9.54</ele>
      </trkpt>
      <trkpt lat="1.294562816619873" lon="103.88825096189976">
        <ele>9.88</ele>
      </trkpt>
      <trkpt lat="1.294541358947754" lon="103.88851725496352">
        <ele>10.01</ele>
      </trkpt>
      <trkpt lat="1.294519817456603" lon="103.88878354802728">
        <ele>9.99</ele>
      </trkpt>
      <trkpt lat="1.294498359784484" lon="103.88904984109104">
        <ele>9.91</ele>
      </trkpt>
      <trkpt lat="1.2944769859313965" lon="103.88931512832642">
        <ele>9.31</ele>
      </trkpt>
      <trkpt lat="1.294469777494669" lon="103.88955133035779">
        <ele>9.89</ele>
      </trkpt>
      <trkpt lat="1.2944626528769732" lon="103.88978753238916">
        <ele>9.89</ele>
      </trkpt>
      <trkpt lat="1.2944555282592773" lon="103.89002323150635">
        <ele>9.15</ele>
      </trkpt>
      <trkpt lat="1.2944813445210457" lon="103.89021995477378">
        <ele>9.81</ele>
      </trkpt>
      <trkpt lat="1.2945066578686237" lon="103.89041332527995">
        <ele>9.76</ele>
      </trkpt>
      <trkpt lat="1.2945067416876554" lon="103.89041357673705">
        <ele>9.71</ele>
      </trkpt>
      <trkpt lat="1.2945069093257189" lon="103.89041433110833">
        <ele>9.64</ele>
      </trkpt>
      <trkpt lat="1.2945072446018457" lon="103.89041651040316">
        <ele>9.56</ele>
      </trkpt>
      <trkpt lat="1.2944813445210457" lon="103.89021970331669">
        <ele>9.48</ele>
      </trkpt>
      <trkpt lat="1.2944555282592773" lon="103.89002323150635">
        <ele>9.15</ele>
      </trkpt>
      <trkpt lat="1.2944626528769732" lon="103.88978694565594">
        <ele>9.22</ele>
      </trkpt>
      <trkpt lat="1.294469777494669" lon="103.88955074362457">
        <ele>9.28</ele>
      </trkpt>
      <trkpt lat="1.2944769859313965" lon="103.88931512832642">
        <ele>9.31</ele>
      </trkpt>
      <trkpt lat="1.2944984436035156" lon="103.88904883526266">
        <ele>9.43</ele>
      </trkpt>
      <trkpt lat="1.2945199012756348" lon="103.8887825421989">
        <ele>9.56</ele>
      </trkpt>
      <trkpt lat="1.2945414427667856" lon="103.88851624913514">
        <ele>9.63</ele>
      </trkpt>
      <trkpt lat="1.2945629004389048" lon="103.88824995607138">
        <ele>9.57</ele>
      </trkpt>
      <trkpt lat="1.294584358111024" lon="103.88798475265503">
        <ele>9.54</ele>
      </trkpt>
      <trkpt lat="1.2946129404008389" lon="103.88774134218693">
        <ele>8.29</ele>
      </trkpt>
      <trkpt lat="1.2946415226906538" lon="103.88749793171883">
        <ele>8.23</ele>
      </trkpt>
      <trkpt lat="1.2946701049804688" lon="103.88725519180298">
        <ele>8.12</ele>
      </trkpt>
      <trkpt lat="1.2946872040629387" lon="103.88699317350984">
        <ele>8.0</ele>
      </trkpt>
      <trkpt lat="1.2947043869644403" lon="103.8867311552167">
        <ele>7.9</ele>
      </trkpt>
      <trkpt lat="1.294721569865942" lon="103.88646913692355">
        <ele>7.76</ele>
      </trkpt>
      <trkpt lat="1.2947387527674437" lon="103.88620720244944">
        <ele>7.63</ele>
      </trkpt>
      <trkpt lat="1.2947559356689453" lon="103.88594627380371">
        <ele>7.58</ele>
      </trkpt>
      <trkpt lat="1.2947559356689453" lon="103.88573144562542">
        <ele>7.47</ele>
      </trkpt>
      <trkpt lat="1.294756019487977" lon="103.88551712036133">
        <ele>7.36</ele>
      </trkpt>
      <trkpt lat="1.2945199012756348" lon="103.88551712036133">
        <ele>7.31</ele>
      </trkpt>
      <trkpt lat="1.2944340705871582" lon="103.88545274734497">
        <ele>7.25</ele>
      </trkpt>
      <trkpt lat="1.2941980361938477" lon="103.88545274734497">
        <ele>7.22</ele>
      </trkpt>
      <trkpt lat="1.2941153068095446" lon="103.88549398630857">
        <ele>7.22</ele>
      </trkpt>
      <trkpt lat="1.2941152229905128" lon="103.88549398630857">
        <ele>7.21</ele>
      </trkpt>
      <trkpt lat="1.2941147200763226" lon="103.8854943215847">
        <ele>7.21</ele>
      </trkpt>
      <trkpt lat="1.294112205505371" lon="103.88549566268921">
        <ele>7.22</ele>
      </trkpt>
      <trkpt lat="1.2941980361938477" lon="103.88545274734497">
        <ele>7.22</ele>
      </trkpt>
      <trkpt lat="1.2944340705871582" lon="103.88545274734497">
        <ele>7.25</ele>
      </trkpt>
      <trkpt lat="1.294486876577139" lon="103.88549230992794">
        <ele>7.33</ele>
      </trkpt>
      <trkpt lat="1.294487128034234" lon="103.885492477566">
        <ele>7.4</ele>
      </trkpt>
      <trkpt lat="1.294487714767456" lon="103.88549289666116">
        <ele>7.49</ele>
      </trkpt>
      <trkpt lat="1.2944898940622807" lon="103.8854945730418">
        <ele>7.59</ele>
      </trkpt>
      <trkpt lat="1.2945199012756348" lon="103.88551712036133">
        <ele>7.31</ele>
      </trkpt>
      <trkpt lat="1.2947559356689453" lon="103.88551712036133">
        <ele>7.84</ele>
      </trkpt>
      <trkpt lat="1.2947559356689453" lon="103.88573186472058">
        <ele>8.02</ele>
      </trkpt>
      <trkpt lat="1.2947559356689453" lon="103.88594627380371">
        <ele>7.58</ele>
      </trkpt>
      <trkpt lat="1.2949920538812876" lon="103.88592481613159">
        <ele>8.37</ele>
      </trkpt>
      <trkpt lat="1.2949490547180176" lon="103.88574225828052">
        <ele>8.5</ele>
      </trkpt>
      <trkpt lat="1.2949061393737793" lon="103.88556003570557">
        <ele>8.64</ele>
      </trkpt>
      <trkpt lat="1.295013427734375" lon="103.88540983200073">
        <ele>8.77</ele>
      </trkpt>
      <trkpt lat="1.2952280882745981" lon="103.88540983200073">
        <ele>8.97</ele>
      </trkpt>
      <trkpt lat="1.2954855803400278" lon="103.88540983200073">
        <ele>9.27</ele>
      </trkpt>
      <trkpt lat="1.2955927848815918" lon="103.88540983200073">
        <ele>9.52</ele>
      </trkpt>
      <trkpt lat="1.295785903930664" lon="103.88543128967285">
        <ele>9.81</ele>
      </trkpt>
      <trkpt lat="1.2957859877496958" lon="103.88543128967285">
        <ele>10.03</ele>
      </trkpt>
      <trkpt lat="1.2959790229797363" lon="103.88540983200073">
        <ele>10.25</ele>
      </trkpt>
      <trkpt lat="1.295979106798768" lon="103.88540983200073">
        <ele>10.48</ele>
      </trkpt>
      <trkpt lat="1.2962492555379868" lon="103.88540983200073">
        <ele>10.74</ele>
      </trkpt>
      <trkpt lat="1.2965194880962372" lon="103.88540983200073">
        <ele>11.01</ele>
      </trkpt>
      <trkpt lat="1.2967944983392954" lon="103.88540983200073">
        <ele>11.18</ele>
      </trkpt>
      <trkpt lat="1.2969970889389515" lon="103.88542047701776">
        <ele>11.33</ele>
      </trkpt>
      <trkpt lat="1.297202194109559" lon="103.88543128967285">
        <ele>11.52</ele>
      </trkpt>
      <trkpt lat="1.2974901124835014" lon="103.88543128967285">
        <ele>11.75</ele>
      </trkpt>
      <trkpt lat="1.2977814674377441" lon="103.88543128967285">
        <ele>12.17</ele>
      </trkpt>
      <trkpt lat="1.2977815512567759" lon="103.88543128967285">
        <ele>12.22</ele>
      </trkpt>
      <trkpt lat="1.2978672981262207" lon="103.88543128967285">
        <ele>12.28</ele>
      </trkpt>
      <trkpt lat="1.2978673819452524" lon="103.88543128967285">
        <ele>12.26</ele>
      </trkpt>
      <trkpt lat="1.2979317549616098" lon="103.88543128967285">
        <ele>12.26</ele>
      </trkpt>
      <trkpt lat="1.2980175856500864" lon="103.88543128967285">
        <ele>12.2</ele>
      </trkpt>
      <trkpt lat="1.2981463316828012" lon="103.88543128967285">
        <ele>11.96</ele>
      </trkpt>
      <trkpt lat="1.298455623909831" lon="103.88545257970691">
        <ele>11.58</ele>
      </trkpt>
      <trkpt lat="1.2987686041742563" lon="103.88547420501709">
        <ele>11.37</ele>
      </trkpt>
      <trkpt lat="1.2989285308867693" lon="103.88548485003412">
        <ele>11.28</ele>
      </trkpt>
      <trkpt lat="1.2990903854370117" lon="103.88549566268921">
        <ele>11.16</ele>
      </trkpt>
      <trkpt lat="1.2990904692560434" lon="103.88549566268921">
        <ele>11.04</ele>
      </trkpt>
      <trkpt lat="1.2993694189935923" lon="103.88551712036133">
        <ele>10.91</ele>
      </trkpt>
      <trkpt lat="1.2993908766657114" lon="103.88553857803345">
        <ele>10.75</ele>
      </trkpt>
      <trkpt lat="1.2996521405875683" lon="103.88554922305048">
        <ele>10.59</ele>
      </trkpt>
      <trkpt lat="1.2999134883284569" lon="103.8855598680675">
        <ele>10.39</ele>
      </trkpt>
      <trkpt lat="1.3001747522503138" lon="103.88557051308453">
        <ele>10.18</ele>
      </trkpt>
      <trkpt lat="1.3004423025995493" lon="103.88558149337769">
        <ele>9.99</ele>
      </trkpt>
      <trkpt lat="1.3006129581481218" lon="103.88559213839471">
        <ele>9.8</ele>
      </trkpt>
      <trkpt lat="1.3007856253534555" lon="103.8856029510498">
        <ele>9.61</ele>
      </trkpt>
      <trkpt lat="1.300849998369813" lon="103.8856029510498">
        <ele>9.41</ele>
      </trkpt>
      <trkpt lat="1.300978660583496" lon="103.8856029510498">
        <ele>9.2</ele>
      </trkpt>
      <trkpt lat="1.301279067993164" lon="103.88558149337769">
        <ele>9.01</ele>
      </trkpt>
      <trkpt lat="1.3015151862055063" lon="103.88543128967285">
        <ele>8.75</ele>
      </trkpt>
      <trkpt lat="1.3016868475824594" lon="103.88534545898438">
        <ele>8.52</ele>
      </trkpt>
      <trkpt lat="1.301879296079278" lon="103.8851956743747">
        <ele>8.42</ele>
      </trkpt>
      <trkpt lat="1.302073085680604" lon="103.8850450515747">
        <ele>8.25</ele>
      </trkpt>
      <trkpt lat="1.3022334314882755" lon="103.88492736965418">
        <ele>7.99</ele>
      </trkpt>
      <trkpt lat="1.302394950762391" lon="103.8848090171814">
        <ele>7.77</ele>
      </trkpt>
      <trkpt lat="1.3025450706481934" lon="103.88474464416504">
        <ele>7.58</ele>
      </trkpt>
      <trkpt lat="1.302758390083909" lon="103.88472327031195">
        <ele>7.39</ele>
      </trkpt>
      <trkpt lat="1.3029717095196247" lon="103.88470189645886">
        <ele>7.23</ele>
      </trkpt>
      <trkpt lat="1.3031888008117676" lon="103.88468027114868">
        <ele>7.1</ele>
      </trkpt>
      <trkpt lat="1.3031888846307993" lon="103.88468027114868">
        <ele>6.98</ele>
      </trkpt>
      <trkpt lat="1.3033809140324593" lon="103.88462687842548">
        <ele>6.88</ele>
      </trkpt>
      <trkpt lat="1.303575038909912" lon="103.88457298278809">
        <ele>6.73</ele>
      </trkpt>
      <trkpt lat="1.303756507113576" lon="103.88448748737574">
        <ele>6.69</ele>
      </trkpt>
      <trkpt lat="1.3039398193359375" lon="103.88440132141113">
        <ele>6.65</ele>
      </trkpt>
      <trkpt lat="1.3041000813245773" lon="103.88430509716272">
        <ele>6.56</ele>
      </trkpt>
      <trkpt lat="1.3042616844177246" lon="103.88420820236206">
        <ele>6.51</ele>
      </trkpt>
      <trkpt lat="1.304379366338253" lon="103.8840904366225">
        <ele>6.45</ele>
      </trkpt>
      <trkpt lat="1.3044977188110352" lon="103.88397216796875">
        <ele>6.41</ele>
      </trkpt>
      <trkpt lat="1.3044978026300669" lon="103.88397216796875">
        <ele>6.42</ele>
      </trkpt>
      <trkpt lat="1.3046368584036827" lon="103.88384375721216">
        <ele>6.43</ele>
      </trkpt>
      <trkpt lat="1.3047767523676157" lon="103.88371467590332">
        <ele>6.49</ele>
      </trkpt>
      <trkpt lat="1.30495335906744" lon="103.88352734036744">
        <ele>6.59</ele>
      </trkpt>
      <trkpt lat="1.3051299657672644" lon="103.88334000483155">
        <ele>6.64</ele>
      </trkpt>
      <trkpt lat="1.3053065724670887" lon="103.88315266929567">
        <ele>6.79</ele>
      </trkpt>
      <trkpt lat="1.3054848555475473" lon="103.88296365737915">
        <ele>6.86</ele>
      </trkpt>
      <trkpt lat="1.3054995238780975" lon="103.88294538483024">
        <ele>6.85</ele>
      </trkpt>
      <trkpt lat="1.3054997753351927" lon="103.88294513337314">
        <ele>6.83</ele>
      </trkpt>
      <trkpt lat="1.305500278249383" lon="103.88294463045895">
        <ele>6.82</ele>
      </trkpt>
      <trkpt lat="1.3055018708109856" lon="103.88294270262122">
        <ele>6.8</ele>
      </trkpt>
      <trkpt lat="1.3056418485939503" lon="103.8827708736062">
        <ele>6.7</ele>
      </trkpt>
      <trkpt lat="1.305798925459385" lon="103.88257808983326">
        <ele>6.61</ele>
      </trkpt>
      <trkpt lat="1.3059569243341684" lon="103.88238430023193">
        <ele>6.67</ele>
      </trkpt>
      <trkpt lat="1.3059998396784067" lon="103.88229846954346">
        <ele>6.71</ele>
      </trkpt>
      <trkpt lat="1.3061071280390024" lon="103.88214826583862">
        <ele>6.76</ele>
      </trkpt>
      <trkpt lat="1.3061500433832407" lon="103.88210535049438">
        <ele>6.81</ele>
      </trkpt>
      <trkpt lat="1.3062999956309795" lon="103.88190175406635">
        <ele>6.87</ele>
      </trkpt>
      <trkpt lat="1.3064504507929087" lon="103.88169765472412">
        <ele>6.91</ele>
      </trkpt>
      <trkpt lat="1.306493366137147" lon="103.88165473937988">
        <ele>6.96</ele>
      </trkpt>
      <trkpt lat="1.306621776893735" lon="103.88150478713214">
        <ele>6.98</ele>
      </trkpt>
      <trkpt lat="1.306750774383545" lon="103.88135433197021">
        <ele>6.99</ele>
      </trkpt>
      <trkpt lat="1.3068257924169302" lon="103.8811719417572">
        <ele>7.06</ele>
      </trkpt>
      <trkpt lat="1.306900978088379" lon="103.88098955154419">
        <ele>7.12</ele>
      </trkpt>
      <trkpt lat="1.307001058012247" lon="103.88075351715088">
        <ele>7.06</ele>
      </trkpt>
      <trkpt lat="1.3071011379361153" lon="103.8805175665766">
        <ele>7.03</ele>
      </trkpt>
      <trkpt lat="1.3072013854980469" lon="103.88028144836426">
        <ele>7.09</ele>
      </trkpt>
      <trkpt lat="1.307265842333436" lon="103.88008832931519">
        <ele>7.19</ele>
      </trkpt>
      <trkpt lat="1.3073408603668213" lon="103.87990593910217">
        <ele>7.31</ele>
      </trkpt>
      <trkpt lat="1.3074159622192383" lon="103.87972354888916">
        <ele>7.35</ele>
      </trkpt>
      <trkpt lat="1.30741604603827" lon="103.87972354888916">
        <ele>7.35</ele>
      </trkpt>
      <trkpt lat="1.3075286149978638" lon="103.87944996356964">
        <ele>7.38</ele>
      </trkpt>
      <trkpt lat="1.3076412677764893" lon="103.87917637825012">
        <ele>7.36</ele>
      </trkpt>
      <trkpt lat="1.3077539205551147" lon="103.87890287674963">
        <ele>7.33</ele>
      </trkpt>
      <trkpt lat="1.307866657152772" lon="103.87862920761108">
        <ele>7.28</ele>
      </trkpt>
      <trkpt lat="1.3079381547868252" lon="103.87842175550759">
        <ele>7.24</ele>
      </trkpt>
      <trkpt lat="1.3080096524208784" lon="103.87821430340409">
        <ele>7.3</ele>
      </trkpt>
      <trkpt lat="1.3080811500549316" lon="103.87800693511963">
        <ele>7.42</ele>
      </trkpt>
      <trkpt lat="1.308145523071289" lon="103.87792110443115">
        <ele>7.52</ele>
      </trkpt>
      <trkpt lat="1.308338725939393" lon="103.87783527374268">
        <ele>7.62</ele>
      </trkpt>
      <trkpt lat="1.3085306715220213" lon="103.87783518992364">
        <ele>7.73</ele>
      </trkpt>
      <trkpt lat="1.3087249640375376" lon="103.87783527374268">
        <ele>7.85</ele>
      </trkpt>
      <trkpt lat="1.3089180830866098" lon="103.87796401977539">
        <ele>7.96</ele>
      </trkpt>
      <trkpt lat="1.309089744463563" lon="103.8780927658081">
        <ele>8.07</ele>
      </trkpt>
      <trkpt lat="1.3091970328241587" lon="103.87817859649658">
        <ele>8.15</ele>
      </trkpt>
      <trkpt lat="1.3093040697276592" lon="103.87829627841711">
        <ele>8.21</ele>
      </trkpt>
      <trkpt lat="1.30941160954535" lon="103.87841463088989">
        <ele>8.26</ele>
      </trkpt>
      <trkpt lat="1.3095187302678823" lon="103.87862191535532">
        <ele>8.33</ele>
      </trkpt>
      <trkpt lat="1.3096259348094463" lon="103.87882919982076">
        <ele>8.4</ele>
      </trkpt>
      <trkpt lat="1.3097333908081055" lon="103.87903690338135">
        <ele>8.49</ele>
      </trkpt>
      <trkpt lat="1.3097870349884033" lon="103.87923002243042">
        <ele>8.58</ele>
      </trkpt>
      <trkpt lat="1.3098406791687012" lon="103.87942314147949">
        <ele>8.63</ele>
      </trkpt>
      <trkpt lat="1.3098407629877329" lon="103.87942314147949">
        <ele>8.61</ele>
      </trkpt>
      <trkpt lat="1.3098944071680307" lon="103.8796699885279">
        <ele>8.63</ele>
      </trkpt>
      <trkpt lat="1.3099480513483286" lon="103.87991666793823">
        <ele>8.55</ele>
      </trkpt>
      <trkpt lat="1.3099909666925669" lon="103.88017416000366">
        <ele>8.43</ele>
      </trkpt>
      <trkpt lat="1.310041006654501" lon="103.88039594516158">
        <ele>8.43</ele>
      </trkpt>
      <trkpt lat="1.3100911304354668" lon="103.88061781413853">
        <ele>8.49</ele>
      </trkpt>
      <trkpt lat="1.3101411703974009" lon="103.88083934783936">
        <ele>8.5</ele>
      </trkpt>
      <trkpt lat="1.3101948145776987" lon="103.88113992288709">
        <ele>8.53</ele>
      </trkpt>
      <trkpt lat="1.3102484587579966" lon="103.88144016265869">
        <ele>8.65</ele>
      </trkpt>
      <trkpt lat="1.3102913741022348" lon="103.8815689086914">
        <ele>8.79</ele>
      </trkpt>
      <trkpt lat="1.310344934463501" lon="103.88179429806769">
        <ele>8.94</ele>
      </trkpt>
      <trkpt lat="1.3103985786437988" lon="103.88201951980591">
        <ele>9.18</ele>
      </trkpt>
      <trkpt lat="1.3103986624628305" lon="103.88201951980591">
        <ele>9.31</ele>
      </trkpt>
      <trkpt lat="1.310420036315918" lon="103.88214826583862">
        <ele>9.49</ele>
      </trkpt>
      <trkpt lat="1.3105274084955454" lon="103.8821268081665">
        <ele>9.6</ele>
      </trkpt>
      <trkpt lat="1.3106990698724985" lon="103.8821268081665">
        <ele>9.74</ele>
      </trkpt>
      <trkpt lat="1.310993442311883" lon="103.88212672434747">
        <ele>9.85</ele>
      </trkpt>
      <trkpt lat="1.3112878147512674" lon="103.88212672434747">
        <ele>9.97</ele>
      </trkpt>
      <trkpt lat="1.311582187190652" lon="103.88212672434747">
        <ele>10.22</ele>
      </trkpt>
      <trkpt lat="1.3118765596300364" lon="103.88212672434747">
        <ele>10.48</ele>
      </trkpt>
      <trkpt lat="1.3121796492487192" lon="103.8821268081665">
        <ele>10.63</ele>
      </trkpt>
      <trkpt lat="1.3124569226056337" lon="103.88211607933044">
        <ele>10.77</ele>
      </trkpt>
      <trkpt lat="1.3127375487238169" lon="103.88210535049438">
        <ele>10.91</ele>
      </trkpt>
      <trkpt lat="1.3127374649047852" lon="103.88210535049438">
        <ele>11.07</ele>
      </trkpt>
      <trkpt lat="1.3129735831171274" lon="103.88210535049438">
        <ele>11.23</ele>
      </trkpt>
      <trkpt lat="1.3130807876586914" lon="103.88208389282227">
        <ele>11.42</ele>
      </trkpt>
      <trkpt lat="1.3131667021661997" lon="103.88208389282227">
        <ele>11.62</ele>
      </trkpt>
      <trkpt lat="1.3134027365595102" lon="103.88204097747803">
        <ele>11.84</ele>
      </trkpt>
      <trkpt lat="1.3137013837695122" lon="103.88198758475482">
        <ele>12.01</ele>
      </trkpt>
      <trkpt lat="1.3140035513788462" lon="103.88193368911743">
        <ele>12.19</ele>
      </trkpt>
      <trkpt lat="1.3140034675598145" lon="103.88193368911743">
        <ele>12.37</ele>
      </trkpt>
      <trkpt lat="1.3142737001180649" lon="103.88189094141126">
        <ele>12.56</ele>
      </trkpt>
      <trkpt lat="1.314544016495347" lon="103.88184827752411">
        <ele>12.76</ele>
      </trkpt>
      <trkpt lat="1.3148189429193735" lon="103.88180494308472">
        <ele>13.01</ele>
      </trkpt>
      <trkpt lat="1.3148188591003418" lon="103.88180494308472">
        <ele>13.06</ele>
      </trkpt>
      <trkpt lat="1.3149476889520884" lon="103.8817834854126">
        <ele>13.19</ele>
      </trkpt>
      <trkpt lat="1.3149691466242075" lon="103.88186931610107">
        <ele>13.12</ele>
      </trkpt>
      <trkpt lat="1.3149690628051758" lon="103.88186931610107">
        <ele>13.09</ele>
      </trkpt>
      <trkpt lat="1.3149906042963266" lon="103.88197660446167">
        <ele>13.01</ele>
      </trkpt>
      <trkpt lat="1.3149906042963266" lon="103.88199806213379">
        <ele>12.97</ele>
      </trkpt>
      <trkpt lat="1.315011978149414" lon="103.88216972351074">
        <ele>12.88</ele>
      </trkpt>
      <trkpt lat="1.315033519640565" lon="103.8822340965271">
        <ele>12.89</ele>
      </trkpt>
      <trkpt lat="1.315054977312684" lon="103.88240575790405">
        <ele>12.87</ele>
      </trkpt>
      <trkpt lat="1.3150548934936523" lon="103.88240575790405">
        <ele>12.98</ele>
      </trkpt>
      <trkpt lat="1.3150764349848032" lon="103.88244867324829">
        <ele>13.07</ele>
      </trkpt>
      <trkpt lat="1.3151193503290415" lon="103.88272762298584">
        <ele>13.18</ele>
      </trkpt>
      <trkpt lat="1.3151622656732798" lon="103.88298511505127">
        <ele>13.35</ele>
      </trkpt>
      <trkpt lat="1.315183723345399" lon="103.88309240341187">
        <ele>13.48</ele>
      </trkpt>
      <trkpt lat="1.315205181017518" lon="103.88315677642822">
        <ele>13.57</ele>
      </trkpt>
      <trkpt lat="1.3152480963617563" lon="103.88339281082153">
        <ele>13.63</ele>
      </trkpt>
      <trkpt lat="1.315280282869935" lon="103.88356455601752">
        <ele>13.67</ele>
      </trkpt>
      <trkpt lat="1.3153124693781137" lon="103.88373613357544">
        <ele>13.71</ele>
      </trkpt>
      <trkpt lat="1.3153124693781137" lon="103.88375759124756">
        <ele>13.76</ele>
      </trkpt>
      <trkpt lat="1.315312385559082" lon="103.88375759124756">
        <ele>13.78</ele>
      </trkpt>
      <trkpt lat="1.3153660297393799" lon="103.88402589596808">
        <ele>13.8</ele>
      </trkpt>
      <trkpt lat="1.3154197577387094" lon="103.88429428450763">
        <ele>13.78</ele>
      </trkpt>
      <trkpt lat="1.3154734019190073" lon="103.88456267304718">
        <ele>13.66</ele>
      </trkpt>
      <trkpt lat="1.3155270460993052" lon="103.88483047485352">
        <ele>13.33</ele>
      </trkpt>
      <trkpt lat="1.3155270460993052" lon="103.88491630554199">
        <ele>12.82</ele>
      </trkpt>
      <trkpt lat="1.3155485037714243" lon="103.88500213623047">
        <ele>12.3</ele>
      </trkpt>
      <trkpt lat="1.3155914191156626" lon="103.88521671295166">
        <ele>11.75</ele>
      </trkpt>
      <trkpt lat="1.31565579213202" lon="103.88549566268921">
        <ele>11.24</ele>
      </trkpt>
      <trkpt lat="1.3157201651483774" lon="103.88579607009888">
        <ele>10.78</ele>
      </trkpt>
      <trkpt lat="1.3157630804926157" lon="103.88603210449219">
        <ele>10.43</ele>
      </trkpt>
      <trkpt lat="1.315762996673584" lon="103.88611793518066">
        <ele>10.17</ele>
      </trkpt>
      <trkpt lat="1.3156557083129883" lon="103.88609647750854">
        <ele>9.92</ele>
      </trkpt>
      <trkpt lat="1.3155260402709246" lon="103.88605641201138">
        <ele>9.68</ele>
      </trkpt>
    </trkseg>
  </trk>
</gpx>
